CLUSTERID1	CLUSTERID2	ComponentIndex	Cosine	DeltaMZ
647	920	1	0.799	-180.151
1745	1809	1	0.8309	-28.057
920	1745	1	0.7586	86.976
1745	1763	1	0.8161	29.010
282	1140	3	0.9513	-282.256
629	1140	3	0.9757	-49.256
863	1140	3	0.9759	23.927
1077	1140	3	0.9665	72.912
1140	1229	3	0.9773	63.185
1140	1265	3	0.9688	-150.907
1140	1339	3	0.9727	2.016
1140	1377	3	0.9769	26.016
1140	1537	3	0.9657	-5.909
1140	1768	3	0.9627	74.000
231	603	3	0.9305	-52.210
603	1632	3	0.9356	-39.109
764	1476	3	0.9297	-94.115
780	1476	3	0.9368	-80.136
972	1476	3	0.9396	-31.196
1222	1476	3	0.9491	18.011
1367	1476	3	0.9327	50.000
1401	1476	3	0.9452	-2.016
764	1367	3	0.9259	-144.115
1367	1401	3	0.9475	52.016
1367	1680	3	0.9268	47.985
691	1642	3	0.9358	-138.214
888	1642	3	0.9356	69.896
972	1642	3	0.9406	-61.243
1339	1642	3	0.9443	43.953
1348	1642	3	0.933	-12.036
1606	1642	3	0.9377	-14.016
728	1372	3	0.9481	-124.162
728	1451	3	0.9456	-197.028
282	1222	3	0.9508	-224.251
863	1222	3	0.9641	81.933
934	1222	3	0.9475	29.974
1131	1222	3	0.9638	-2.016
1222	1303	3	0.9481	2.016
1222	1451	3	0.9669	-84.867
1222	1594	3	0.9498	-10.021
1222	1622	3	0.961	13.979
1222	1768	3	0.9635	15.995
629	1339	3	0.9648	-47.240
713	1339	3	0.9429	49.016
863	1339	3	0.9643	25.943
1229	1339	3	0.9702	-61.170
1249	1339	3	0.9441	-58.005
1339	1377	3	0.97	24.000
1339	1537	3	0.963	-7.924
1339	1768	3	0.9578	71.985
543	744	3	0.9452	74.927
543	1300	3	0.9304	37.894
774	1096	3	0.9374	31.989
431	629	3	0.9551	-201.011
431	691	3	0.9462	-66.083
431	1077	3	0.9464	-323.178
431	1265	3	0.9468	-401.173
431	1348	3	0.9536	-192.261
431	1537	3	0.9464	-256.175
431	1594	3	0.9468	-202.282
431	1622	3	0.9461	-178.282
823	1088	3	0.9313	39.011
823	1348	3	0.9282	71.001
1282	1851	3	0.9396	-220.686
737	1210	3	0.9302	-52.068
1210	1239	3	0.926	-130.990
691	934	3	0.9408	-156.152
934	1067	3	0.9347	65.165
934	1258	3	0.9331	-2.052
934	1451	3	0.9459	-54.892
163	1077	3	0.953	-341.189
716	1077	3	0.9395	21.948
888	1077	3	0.9464	-48.984
1010	1077	3	0.9337	-164.129
1077	1111	3	0.9636	116.938
1077	1265	3	0.9546	-77.995
1077	1303	3	0.9439	132.933
1077	1380	3	0.9511	118.917
669	691	3	0.934	261.089
691	764	3	0.9393	-14.052
691	780	3	0.9534	-28.031
691	972	3	0.9457	-76.971
691	1199	3	0.9585	-142.172
737	1614	3	0.9263	-6.099
282	1622	3	0.9517	-210.271
629	1622	3	0.9531	22.729
863	1622	3	0.9574	95.912
1377	1622	3	0.9618	45.969
1537	1622	3	0.9504	77.893
1594	1622	3	0.9435	24.000
1622	1632	3	0.9535	2.015
1622	1768	3	0.9543	2.016
629	863	3	0.966	-73.183
863	1088	3	0.9645	49.943
863	1199	3	0.9548	65.938
863	1229	3	0.9693	87.113
863	1377	3	0.9705	49.943
863	1768	3	0.9594	97.928
1021	1632	3	0.9339	31.989
1067	1632	3	0.9368	-19.196
1239	1632	3	0.9527	174.943
1380	1632	3	0.9571	27.995
1436	1632	3	0.9358	-4.031
1606	1632	3	0.9453	14.015
894	1451	3	0.9285	-36.882
744	1606	3	0.9474	-110.182
780	1606	3	0.9452	-96.167
888	1606	3	0.9458	83.912
972	1606	3	0.9483	-47.227
1067	1606	3	0.937	-33.211
1111	1606	3	0.9637	15.959
1377	1768	3	0.9644	47.985
1537	1768	3	0.948	79.909
1594	1768	3	0.9496	26.016
888	1088	3	0.9555	49.943
962	1088	3	0.9634	-2.016
1010	1088	3	0.9484	-65.202
1088	1680	3	0.9327	47.985
1052	1199	3	0.94	-0.000
1052	1377	3	0.9372	-15.995
1052	1556	3	0.9385	31.989
629	1265	3	0.9639	-200.163
1229	1265	3	0.9605	-214.092
1265	1436	3	0.9389	228.939
1265	1721	3	0.9319	193.858
231	780	3	0.9509	-9.167
401	844	3	0.9297	-23.183
888	972	3	0.9452	131.139
888	1010	3	0.9395	115.144
888	1111	3	0.9622	67.953
888	1401	3	0.9409	101.959
676	744	3	0.9296	-14.016
744	764	3	0.9383	-0.036
744	1436	3	0.9422	-92.136
282	1377	3	0.9585	-256.241
629	1377	3	0.9722	-23.240
1229	1377	3	0.9778	-37.170
1249	1377	3	0.9463	-34.005
1421	1451	3	0.9405	138.062
1249	1303	3	0.9569	0.000
1249	1380	3	0.9418	-14.015
764	767	3	0.93	-88.016
794	1131	3	0.9352	73.999
1010	1131	3	0.9463	-31.196
1131	1537	3	0.9583	-65.930
282	1229	3	0.9579	-219.071
629	1229	3	0.9721	13.930
1199	1229	3	0.9611	21.175
1229	1303	3	0.9618	-3.164
1229	1537	3	0.9602	-69.094
676	1401	3	0.9324	-106.151
780	1436	3	0.935	-78.120
1239	1436	3	0.9354	178.974
1303	1372	3	0.953	-14.016
1353	1556	3	0.9381	-56.063
1556	1560	3	0.9619	-469.452
282	629	3	0.9601	-233.001
629	1199	3	0.9601	-7.245
1111	1537	3	0.9679	-49.935
1303	1537	3	0.9539	-65.930
1348	1537	3	0.9546	-63.914
1282	1380	3	0.9424	-14.016
282	1199	3	0.9489	-240.245
282	1303	3	0.9413	-222.235
282	1594	3	0.9451	-234.272
780	844	3	0.9347	-14.016
753	1111	3	0.9349	73.016
669	716	3	0.9346	-17.953
1010	1067	3	0.9368	1.979
1067	1239	3	0.934	-194.139
1067	1401	3	0.9323	-15.165
1199	1380	3	0.952	3.995
1303	1380	3	0.9468	-14.016
1380	1594	3	0.9477	1.979
1380	1680	3	0.9285	27.995
780	972	3	0.9415	-48.940
972	1740	3	0.9488	-89.274
713	1303	3	0.9296	107.022
1040	1680	3	0.9267	146.912
713	1740	3	0.9267	64.938
774	1199	3	0.9317	74.000
1199	1594	3	0.9458	5.974
1401	1740	3	0.9383	-60.094
131	181	4	0.8532	-28.031
575	583	5	0.7705	-0.010
583	678	5	0.7582	-0.151
575	577	5	0.7879	-0.009
494	577	5	0.8185	0.150
1582	1595	6	0.8191	-27.025
1595	1759	6	0.8095	27.027
1455	1483	6	0.825	-3.017
1455	1582	6	0.8136	-2.019
1455	1743	6	0.8526	-2.016
1500	1753	6	0.9036	0.000
1605	1753	6	0.9096	28.031
1643	1753	6	0.8898	42.047
1678	1753	6	0.8892	15.019
1715	1753	6	0.8894	14.015
1753	1803	6	0.9025	-42.047
1221	1424	6	0.844	14.016
1382	1424	6	0.8404	-14.016
1424	1523	6	0.8079	-11.999
1424	1534	6	0.7843	-28.031
1424	1611	6	0.8799	-15.022
710	723	6	0.8524	-14.016
710	763	6	0.8477	-28.031
710	1213	6	0.7784	0.000
1480	1483	6	0.8013	0.816
1483	1487	6	0.8756	1.003
1483	1488	6	0.8261	-1.003
1483	1518	6	0.8748	-0.001
1483	1558	6	0.8195	-2.016
1483	1561	6	0.7861	-3.019
1483	1582	6	0.853	0.999
1483	1611	6	0.8345	0.999
1483	1743	6	0.9066	1.001
1256	1349	6	0.831	-2.016
1302	1349	6	0.8381	-2.016
1349	1487	6	0.8203	17.008
1349	1743	6	0.8164	17.007
1290	1699	6	0.8669	-112.126
1127	1803	6	0.8981	-126.141
1391	1803	6	0.9174	-70.078
1500	1803	6	0.9498	-42.047
1602	1803	6	0.9351	-56.063
1605	1803	6	0.9373	-14.016
1643	1803	6	0.9259	0.000
1678	1803	6	0.9125	-27.028
1684	1803	6	0.9052	-28.031
1728	1803	6	0.9039	0.000
723	750	6	0.8817	0.000
750	763	6	0.8961	-14.016
750	834	6	0.9364	0.000
750	1195	6	0.9664	-0.000
750	1201	6	0.9203	-14.016
750	1213	6	0.8421	14.016
750	1256	6	0.8817	-124.126
750	1302	6	0.862	-124.125
750	1366	6	0.8385	2.016
750	1375	6	0.9558	-0.000
723	763	6	0.8963	-14.016
763	834	6	0.8884	14.016
763	1188	6	0.8222	-14.016
763	1195	6	0.8959	14.016
763	1201	6	0.9097	0.000
763	1213	6	0.8393	28.031
763	1366	6	0.849	16.031
763	1375	6	0.8834	14.016
1443	1445	6	0.8067	1.003
1122	1454	6	0.9079	-0.000
1371	1454	6	0.8657	-0.000
1402	1454	6	0.9396	-0.000
1454	1523	6	0.824	0.001
1454	1586	6	0.8919	-0.003
1454	1712	6	0.8239	-0.001
632	1376	6	0.82	18.010
640	1376	6	0.8258	-9.984
1366	1376	6	0.8689	0.000
1221	1581	6	0.8717	-0.002
1253	1581	6	0.8855	-56.065
1272	1581	6	0.9315	-56.065
1309	1581	6	0.9081	-56.065
1481	1581	6	0.885	-0.002
1509	1581	6	0.874	-0.002
1581	1610	6	0.947	0.000
1581	1691	6	0.8795	0.002
1581	1742	6	0.8926	0.002
1581	1758	6	0.8823	0.002
1445	1558	6	0.8136	-28.031
1518	1558	6	0.8184	-2.015
1558	1561	6	0.8183	-1.003
1558	1565	6	0.8253	-0.830
1558	1589	6	0.8834	-0.811
1558	1646	6	0.824	-27.029
1558	1750	6	0.8388	-0.003
1320	1358	6	0.8381	-0.000
1358	1733	6	0.7748	-28.033
1272	1758	6	0.8476	-56.063
1509	1758	6	0.8894	-0.000
1610	1758	6	0.8541	0.002
1500	1605	6	0.9247	-28.031
1602	1605	6	0.9116	-42.047
1605	1643	6	0.9169	-14.016
1605	1678	6	0.8936	13.012
1605	1715	6	0.8865	14.015
632	1366	6	0.8206	18.010
834	1366	6	0.8336	2.016
1195	1366	6	0.8407	2.016
1201	1366	6	0.846	16.031
1256	1366	6	0.8017	126.141
1366	1375	6	0.8439	-2.016
1122	1320	6	0.8316	28.031
1122	1371	6	0.9224	-0.000
1122	1402	6	0.941	-0.000
1122	1523	6	0.8369	0.001
1122	1586	6	0.902	-0.003
1122	1712	6	0.8142	-0.001
1122	1733	6	0.8195	-0.001
723	834	6	0.8656	0.000
723	1195	6	0.8787	-0.000
723	1201	6	0.8458	-14.016
723	1213	6	0.8164	14.016
723	1256	6	0.8243	-124.126
723	1302	6	0.8043	-124.125
723	1375	6	0.8736	-0.000
1221	1351	6	0.875	0.000
1253	1351	6	0.8869	-56.063
1351	1382	6	0.8697	28.031
1351	1402	6	0.8757	2.015
1351	1481	6	0.9174	-0.000
1351	1586	6	0.8918	2.012
1351	1691	6	0.9071	-0.000
1351	1742	6	0.8725	-0.001
1351	1766	6	0.8961	-2.016
1253	1272	6	0.8665	0.000
1272	1509	6	0.8334	-56.063
1272	1610	6	0.9112	-56.065
1272	1691	6	0.8705	-56.063
1272	1742	6	0.8735	-56.063
1216	1442	6	0.8741	-56.063
1442	1500	6	0.8987	-14.016
1442	1553	6	0.8808	-29.034
1442	1602	6	0.8874	0.000
1442	1678	6	0.8946	-29.035
1442	1728	6	0.8866	-56.063
1442	1737	6	0.8739	0.000
1442	1767	6	0.8801	-29.034
1221	1253	6	0.8496	56.063
1221	1481	6	0.8731	-0.000
1221	1523	6	0.8444	2.016
1221	1586	6	0.8517	2.012
1221	1610	6	0.8748	-0.002
1221	1691	6	0.8456	-0.000
1371	1586	6	0.889	-0.003
1402	1586	6	0.9088	-0.003
1523	1586	6	0.8421	-0.004
1586	1712	6	0.8322	0.002
1586	1733	6	0.8243	0.002
1320	1733	6	0.7957	-28.033
1371	1733	6	0.8097	-0.001
1523	1733	6	0.8196	-0.002
834	1195	6	0.9397	-0.000
1195	1201	6	0.9194	-14.016
1195	1213	6	0.853	14.016
1195	1256	6	0.8727	-124.126
1195	1302	6	0.8592	-124.125
1195	1375	6	0.9577	0.000
1681	1750	6	0.7818	1.011
1391	1500	6	0.9107	-28.032
1500	1552	6	0.8933	-14.016
1500	1602	6	0.9324	14.016
1500	1643	6	0.9102	-42.047
1500	1678	6	0.9112	-15.019
1445	1502	6	0.8191	-14.017
1502	1518	6	0.7697	-11.999
1502	1561	6	0.7958	-15.017
830	1290	6	0.905	-84.094
1127	1290	6	0.9314	-28.031
1290	1391	6	0.9444	-28.031
1290	1552	6	0.9201	-70.079
1290	1684	6	0.9229	-70.079
1290	1715	6	0.9264	-70.078
1290	1738	6	0.8847	-126.141
1290	1766	6	0.8926	-70.079
1320	1371	6	0.8342	-28.031
1320	1523	6	0.8067	-28.031
830	1127	6	0.8854	-56.063
1127	1391	6	0.9322	-56.063
1127	1552	6	0.9199	-98.110
1127	1602	6	0.8963	-70.078
1127	1684	6	0.9286	-98.110
1127	1715	6	0.9117	-98.110
1127	1738	6	0.8934	-154.173
1253	1481	6	0.8987	-56.063
1382	1481	6	0.9009	-28.032
1481	1509	6	0.8788	0.000
1481	1610	6	0.8994	-0.002
1481	1691	6	0.9247	0.000
1481	1742	6	0.8701	-0.000
1481	1766	6	0.8683	-2.016
891	1216	6	0.8518	-56.063
891	1767	6	0.8761	-141.160
1565	1646	6	0.7848	-26.199
1582	1646	6	0.8061	-30.043
1589	1646	6	0.7968	-26.218
1646	1729	6	0.8501	-0.001
1646	1759	6	0.8032	30.046
1646	1767	6	0.8128	28.031
791	1188	6	0.8073	-14.016
1188	1201	6	0.8447	14.016
1253	1382	6	0.871	-28.032
1382	1487	6	0.8732	-29.034
1382	1611	6	0.8806	-29.037
1382	1691	6	0.8711	-28.032
1382	1743	6	0.8492	-29.035
1561	1750	6	0.8193	1.000
1565	1750	6	0.7766	0.827
1589	1750	6	0.8206	0.808
1028	1678	6	0.8692	-113.129
1352	1678	6	0.8771	-57.066
1553	1678	6	0.8819	-0.001
1602	1678	6	0.9015	-29.035
1678	1737	6	0.8681	29.035
1445	1565	6	0.8208	-28.861
1480	1565	6	0.769	-2.030
1488	1565	6	0.8021	-1.843
1561	1565	6	0.8484	0.173
1565	1589	6	0.8516	0.019
1565	1729	6	0.7711	-26.200
834	1213	6	0.8474	14.016
1213	1375	6	0.8548	-14.016
834	1256	6	0.853	-124.126
1201	1256	6	0.8576	-110.110
1256	1302	6	0.9083	0.000
1256	1375	6	0.8789	124.126
1643	1728	6	0.8714	0.000
1728	1767	6	0.8769	27.028
1480	1518	6	0.7864	0.815
1487	1518	6	0.861	-1.003
1488	1518	6	0.7991	1.003
1518	1561	6	0.797	-3.019
1518	1582	6	0.8134	0.999
1518	1743	6	0.8764	1.002
1028	1715	6	0.9229	-112.126
1352	1715	6	0.8922	-56.063
1391	1715	6	0.9212	-42.047
1552	1715	6	0.9298	0.000
1684	1715	6	0.9301	0.000
1391	1738	6	0.8995	-98.110
1552	1738	6	0.9086	-56.062
1643	1738	6	0.8804	-28.031
1684	1738	6	0.9003	-56.063
1371	1523	6	0.8467	0.001
1402	1523	6	0.8312	0.001
1391	1552	6	0.9403	-42.048
1391	1602	6	0.8988	-14.016
1391	1684	6	0.9386	-42.047
1391	1766	6	0.9032	-42.047
593	679	6	0.8222	-28.031
632	679	6	0.8837	-14.016
1028	1553	6	0.8542	-113.128
1553	1737	6	0.8687	29.034
1553	1767	6	0.8937	-0.001
1253	1691	6	0.8925	-56.063
1309	1691	6	0.8531	-56.063
1610	1691	6	0.8668	0.002
1691	1742	6	0.8655	-0.000
1028	1766	6	0.8848	-112.126
1352	1766	6	0.8685	-56.063
1684	1766	6	0.9086	0.000
1028	1216	6	0.8517	-28.031
1216	1352	6	0.8702	-28.031
1216	1737	6	0.8177	-56.063
1487	1509	6	0.8396	1.002
1509	1610	6	0.8728	-0.002
1509	1742	6	0.8981	-0.000
1534	1611	6	0.835	13.009
1028	1352	6	0.9389	-56.063
1352	1552	6	0.8989	-56.063
1352	1684	6	0.9245	-56.063
834	1375	6	0.941	-0.000
1201	1375	6	0.9064	14.016
1302	1375	6	0.8755	124.125
593	632	6	0.9176	-14.016
1309	1610	6	0.892	-56.065
1309	1742	6	0.8641	-56.063
1309	1743	6	0.8309	-57.067
1487	1611	6	0.8783	-0.004
1487	1743	6	0.9106	-0.001
834	1201	6	0.8964	-14.016
1201	1302	6	0.8508	-110.110
1028	1552	6	0.9264	-112.126
1552	1684	6	0.9414	0.000
834	1302	6	0.8628	-124.125
1253	1742	6	0.8739	-56.063
1610	1742	6	0.8729	0.002
1582	1729	6	0.8033	-30.044
1589	1729	6	0.7997	-26.219
1028	1684	6	0.928	-112.126
1602	1643	6	0.8895	-56.063
1611	1743	6	0.8745	0.002
1253	1610	6	0.8751	-56.065
1582	1743	6	0.8334	0.003
1371	1712	6	0.8113	-0.001
1445	1589	6	0.8438	-28.841
1488	1589	6	0.8028	-1.823
1561	1589	6	0.8552	0.193
1480	1488	6	0.8211	-0.187
1488	1582	6	0.8295	2.002
1445	1561	6	0.8029	-29.034
1371	1402	6	0.8948	-0.000
993	1156	9	0.8997	-29.035
996	1156	9	0.9151	-28.031
998	1156	9	0.8703	-2.986
1031	1156	9	0.8829	-3.057
1155	1156	9	0.9086	-1.004
1156	1157	9	0.8787	0.037
1156	1158	9	0.9496	1.040
1156	1288	9	0.8709	-3.028
1156	1299	9	0.8929	-3.995
1889	1922	9	0.7728	-30.047
1891	1922	9	0.8356	-4.032
1893	1922	9	0.7308	-1.022
1912	1922	9	0.897	-28.031
1914	1922	9	0.7807	24.000
1916	1922	9	0.8215	-1.013
1917	1922	9	0.7774	-2.016
1921	1922	9	0.7375	-26.016
1922	1923	9	0.8478	-26.015
989	993	9	0.8967	-0.036
989	996	9	0.9187	-1.039
989	998	9	0.9048	-26.084
989	1031	9	0.9113	-26.014
989	1155	9	0.9136	-28.067
989	1157	9	0.8969	-29.034
989	1158	9	0.9061	-28.031
989	1288	9	0.9081	-32.099
989	1298	9	0.9245	-32.062
989	1299	9	0.8886	-33.066
996	1298	9	0.8887	-31.023
1157	1298	9	0.8733	-3.028
1257	1298	9	0.9278	-2.016
1288	1298	9	0.9619	0.036
1289	1298	9	0.9155	1.040
1298	1299	9	0.907	-1.003
1849	1914	9	0.8153	-32.063
1866	1914	9	0.7983	-30.047
1869	1914	9	0.8599	-4.031
1889	1914	9	0.8664	-54.047
1891	1914	9	0.8331	-28.031
1892	1914	9	0.7995	-2.016
1893	1914	9	0.7159	-25.021
1914	1917	9	0.7805	26.016
1914	1923	9	0.8173	-2.016
1808	1833	9	0.7746	-4.032
1824	1833	9	0.7931	-2.016
1829	1833	9	0.7812	-26.016
1833	1846	9	0.7432	24.000
1833	1849	9	0.8534	-2.016
1833	1852	9	0.8732	-28.031
1833	1862	9	0.8014	21.985
1833	1866	9	0.8649	-4.031
1833	1869	9	0.8024	-30.047
1833	1892	9	0.7888	-32.063
976	1089	9	0.7222	21.984
1089	1308	9	0.8563	43.990
1023	1153	9	0.7746	21.984
1114	1153	9	0.7697	36.000
1153	1197	9	0.8969	-26.016
1153	1250	9	0.8048	-52.031
1153	1308	9	0.8477	-28.031
993	1155	9	0.9356	-28.031
996	1155	9	0.8779	-27.028
998	1155	9	0.8692	-1.983
1031	1155	9	0.8775	-2.053
1155	1158	9	0.9322	0.036
1155	1202	9	0.889	-1.980
1155	1257	9	0.903	-1.979
1155	1288	9	0.9091	-4.031
1846	1862	9	0.864	-2.016
1847	1862	9	0.8111	-1.012
1849	1862	9	0.7889	24.000
1862	1866	9	0.8674	-26.016
1862	1869	9	0.7694	-52.031
1862	1888	9	0.7388	24.000
1862	1889	9	0.8242	-2.016
1862	1892	9	0.8322	-54.047
1862	1912	9	0.7569	-4.031
959	1023	9	0.7873	24.000
1023	1038	9	0.8572	-26.016
1023	1085	9	0.8271	-26.016
1023	1114	9	0.913	-14.016
1023	1190	9	0.9556	-28.031
1023	1250	9	0.82	-30.047
1846	1847	9	0.7834	-1.004
1888	1889	9	0.7611	-26.016
1824	1871	9	0.7819	-58.078
1829	1871	9	0.7036	-82.079
1852	1871	9	0.746	-28.031
1869	1871	9	0.7763	-26.015
1197	1250	9	0.7795	-26.015
1197	1308	9	0.9288	-2.015
1197	1917	9	0.9367	-158.263
1197	1923	9	0.7411	-186.294
1849	1892	9	0.84	-30.047
1852	1892	9	0.7884	-4.031
1866	1892	9	0.8691	-28.031
1869	1892	9	0.8257	-2.016
1891	1892	9	0.7786	-26.016
1892	1923	9	0.7887	-4.031
1038	1257	9	0.8517	-28.030
1158	1257	9	0.896	-2.015
1257	1288	9	0.949	-2.052
1257	1289	9	0.899	-3.056
1257	1299	9	0.8586	-3.019
959	998	9	0.8291	-26.084
993	998	9	0.8825	-26.048
998	1031	9	0.9614	0.070
998	1157	9	0.8342	-2.950
998	1158	9	0.9016	-1.947
996	1289	9	0.9169	-32.063
1157	1289	9	0.8827	-4.068
1288	1289	9	0.9264	-1.004
1289	1299	9	0.9125	0.037
1114	1308	9	0.7817	7.969
1190	1308	9	0.8769	21.984
1250	1308	9	0.8913	24.000
1893	1912	9	0.7306	27.010
1893	1916	9	0.708	-0.009
1893	1923	9	0.7075	-27.037
996	1299	9	0.9154	-32.026
1157	1299	9	0.9231	-4.031
1288	1299	9	0.9003	-0.967
1849	1891	9	0.893	-4.031
1866	1891	9	0.9371	-2.016
1889	1891	9	0.8215	-26.016
1891	1912	9	0.9245	24.000
1891	1916	9	0.8869	-3.019
1891	1917	9	0.8304	-2.016
1891	1923	9	0.8777	-30.047
1824	1849	9	0.7933	-4.031
1846	1849	9	0.7921	-26.016
1849	1866	9	0.874	-2.016
1849	1869	9	0.9098	-28.031
1849	1889	9	0.8643	21.984
1085	1250	9	0.8165	-4.031
1114	1250	9	0.8155	-16.031
1190	1250	9	0.9171	-2.016
1202	1250	9	0.8777	24.000
959	1114	9	0.7958	9.985
1038	1114	9	0.838	12.001
1085	1114	9	0.8019	12.000
1114	1190	9	0.9076	-14.016
993	1158	9	0.9566	-27.995
996	1158	9	0.8783	-26.992
1031	1158	9	0.9071	-2.017
1158	1202	9	0.8822	-2.016
1158	1288	9	0.8932	-4.067
993	996	9	0.874	-1.003
996	1157	9	0.9071	-27.995
996	1288	9	0.8874	-31.059
959	1031	9	0.8306	-26.014
993	1031	9	0.8897	-25.978
1808	1824	9	0.8142	-2.016
1824	1829	9	0.8111	24.001
1824	1846	9	0.7356	21.984
1824	1852	9	0.8491	-30.047
1824	1869	9	0.7883	-32.063
971	975	9	0.8514	17.026
975	976	9	0.8087	75.021
975	1190	9	0.8448	119.011
1889	1921	9	0.7448	-4.031
1861	1912	9	0.746	45.984
947	976	9	0.8198	24.000
971	976	9	0.831	92.047
976	1190	9	0.8725	43.990
1038	1085	9	0.8392	0.001
1085	1190	9	0.9301	-2.016
1085	1202	9	0.8855	-28.032
1846	1889	9	0.7774	-4.031
1866	1889	9	0.8302	24.000
1889	1912	9	0.8419	-2.016
1846	1869	9	0.7874	-54.047
1852	1869	9	0.7789	-2.016
993	1038	9	0.9075	-1.980
1038	1190	9	0.8321	-2.015
1038	1202	9	0.9536	-28.031
993	1202	9	0.8756	-30.011
1190	1202	9	0.883	-26.016
993	1288	9	0.8703	-32.062
1007	1157	9	0.8528	-26.984
1808	1829	9	0.7557	21.985
1808	1852	9	0.8043	-32.063
1866	1916	9	0.8146	-5.035
1912	1916	9	0.8795	-27.019
1916	1917	9	0.8054	1.003
1916	1923	9	0.8255	-27.028
1866	1917	9	0.8503	-4.031
1912	1917	9	0.8944	-26.016
1917	1923	9	0.8485	-28.031
1866	1912	9	0.8403	21.984
971	1190	9	0.8776	136.037
1829	1852	9	0.8194	-54.048
1912	1923	9	0.8704	-54.047
135	565	10	0.856	-28.031
144	565	10	0.8399	0.000
205	565	10	0.8781	-17.026
212	565	10	0.9212	0.000
263	565	10	0.8726	-14.016
316	565	10	0.8404	0.001
318	565	10	0.8423	-17.026
365	565	10	0.8233	14.016
419	565	10	0.9341	0.073
252	336	10	0.9183	-0.000
252	421	10	0.9538	0.000
252	675	10	0.8301	-2.016
148	572	10	0.8661	-0.001
250	572	10	0.8652	1.002
257	572	10	0.9255	-0.001
313	572	10	0.9175	-0.001
343	572	10	0.8853	28.030
433	572	10	0.9365	-0.001
531	572	10	0.8972	28.030
212	428	10	0.8334	-27.959
416	428	10	0.8498	0.073
195	289	10	0.9317	-28.031
268	289	10	0.9408	-28.031
286	289	10	0.8352	-18.011
289	387	10	0.9619	0.000
289	485	10	0.8918	0.000
289	595	10	0.8533	-28.031
289	675	10	0.8877	0.000
289	742	10	0.8222	0.000
195	387	10	0.9334	-28.031
268	387	10	0.9301	-28.031
286	387	10	0.8456	-18.011
387	485	10	0.8955	0.000
387	595	10	0.8417	-28.031
387	675	10	0.8435	0.000
286	487	10	0.9325	0.000
340	487	10	0.9183	-12.000
390	487	10	0.9663	0.000
439	487	10	0.856	-2.016
455	487	10	0.8705	-26.016
485	487	10	0.8413	18.011
487	559	10	0.8632	-2.016
506	563	10	0.8538	-14.016
506	681	10	0.9278	-42.047
506	742	10	0.8257	-12.000
485	547	10	0.8494	-29.026
547	595	10	0.8284	0.995
197	209	10	0.8319	-18.049
195	485	10	0.8955	-28.031
268	485	10	0.832	-28.031
485	595	10	0.9159	-28.031
286	559	10	0.8572	-2.016
340	559	10	0.9151	-14.016
390	559	10	0.9018	-2.016
455	559	10	0.939	-28.031
195	268	10	0.8942	-0.000
195	675	10	0.8428	-28.031
195	742	10	0.8772	-28.031
135	212	10	0.8944	-28.031
144	212	10	0.8906	-0.000
205	212	10	0.89	-17.026
212	316	10	0.8455	-0.000
212	318	10	0.8758	17.026
212	365	10	0.8249	-14.016
212	419	10	0.9592	-0.073
208	263	10	0.8426	15.019
286	340	10	0.8779	12.000
286	390	10	0.9327	0.000
286	439	10	0.8261	2.016
286	455	10	0.8421	26.016
313	455	10	0.8395	59.037
340	455	10	0.9584	14.016
390	455	10	0.8359	26.016
433	455	10	0.8361	59.037
336	421	10	0.8816	0.000
150	316	10	0.8383	-56.063
316	318	10	0.8556	17.026
316	365	10	0.9216	-14.015
316	416	10	0.8479	-28.031
316	419	10	0.857	-0.072
148	250	10	0.8589	-1.003
148	257	10	0.9138	-0.000
148	313	10	0.92	-0.001
148	343	10	0.8667	-28.031
148	433	10	0.9051	-0.000
135	419	10	0.9073	-28.104
144	419	10	0.8978	-0.073
205	419	10	0.8789	-17.099
263	419	10	0.842	-14.088
318	419	10	0.882	-17.099
365	419	10	0.8353	13.943
409	419	10	0.8438	-17.099
563	681	10	0.9437	-28.031
150	216	10	0.8676	-28.032
215	216	10	0.8846	-17.027
197	205	10	0.849	16.988
340	390	10	0.9023	-12.000
268	595	10	0.83	-56.062
268	675	10	0.8266	-28.031
268	742	10	0.8389	-28.031
150	263	10	0.833	-42.047
135	144	10	0.8938	-28.031
250	257	10	0.9155	1.003
250	313	10	0.9044	1.003
250	343	10	0.9051	-27.028
250	409	10	0.8799	0.019
250	433	10	0.9214	1.003
250	531	10	0.898	-27.028
257	531	10	0.9216	-28.031
313	531	10	0.8959	-28.031
343	531	10	0.9547	-0.000
433	531	10	0.9555	-28.031
563	675	10	0.8272	2.016
595	675	10	0.91	28.031
257	343	10	0.8981	-28.031
313	343	10	0.8634	-28.031
343	433	10	0.9522	28.031
205	434	10	0.8245	-0.019
409	434	10	0.8645	-0.019
144	205	10	0.8902	17.026
144	318	10	0.8446	17.026
257	313	10	0.9698	-0.000
257	409	10	0.8578	-0.984
257	433	10	0.9878	-0.000
205	318	10	0.8857	-0.000
318	409	10	0.8678	-0.000
318	416	10	0.8248	-45.057
313	409	10	0.8435	-0.984
313	433	10	0.9569	0.000
205	409	10	0.856	-0.000
409	433	10	0.8655	0.984
164	166	11	0.8265	18.010
166	347	11	0.8422	2.015
166	437	11	0.8396	-0.000
166	576	11	0.8661	0.001
194	347	11	0.8391	-0.001
243	347	11	0.8834	-0.001
142	576	11	0.824	3.019
126	164	11	0.921	-28.031
169	436	11	0.8611	-0.001
169	437	11	0.8459	-17.027
435	437	11	0.8333	1.003
436	437	11	0.8764	-17.026
1033	1182	12	0.9505	21.984
1036	1182	12	0.9172	-40.030
1046	1182	12	0.9276	-2.017
1076	1182	12	0.9376	47.999
1090	1182	12	0.9195	-14.015
1130	1182	12	0.9643	-26.016
1177	1182	12	0.8976	74.015
1182	1206	12	0.9482	-50.015
1182	1214	12	0.9504	-26.015
1182	1327	12	0.9215	-28.031
1033	1206	12	0.9471	-28.031
1036	1206	12	0.907	-90.045
1046	1206	12	0.9214	-52.032
1076	1206	12	0.9381	-2.016
1090	1206	12	0.9112	-64.030
1130	1206	12	0.9568	-76.031
1177	1206	12	0.9052	24.000
1206	1214	12	0.9458	24.000
1206	1327	12	0.9239	21.984
1036	1104	12	0.8631	-64.029
1051	1214	12	0.8886	21.984
1000	1177	12	0.847	-28.032
1033	1036	12	0.9104	62.013
1036	1046	12	0.8798	-38.013
1036	1076	12	0.8975	-88.029
1036	1090	12	0.88	-26.015
1036	1130	12	0.9192	-14.014
1036	1214	12	0.8957	-66.045
1036	1327	12	0.8866	-68.061
1033	1076	12	0.9471	-26.016
1046	1076	12	0.9166	-50.016
1076	1090	12	0.9165	62.015
1076	1130	12	0.9485	74.015
1076	1175	12	0.8905	13.980
1076	1214	12	0.9329	21.984
1076	1327	12	0.9259	19.968
856	1046	12	0.8906	-54.994
856	1297	12	0.8519	-59.026
1033	1327	12	0.9268	-6.047
1046	1327	12	0.8932	-30.048
1090	1327	12	0.9019	-42.046
1130	1327	12	0.9268	-54.047
1177	1327	12	0.8791	45.984
1214	1327	12	0.9133	-2.016
1033	1177	12	0.895	-52.032
1130	1177	12	0.8991	-100.031
1033	1046	12	0.9307	24.000
1046	1090	12	0.8915	11.999
1046	1130	12	0.9371	23.999
1046	1214	12	0.9302	-28.032
1090	1297	12	0.8771	-16.031
1033	1214	12	0.9545	-4.031
1090	1214	12	0.8986	-40.030
1130	1214	12	0.9485	-52.031
1033	1090	12	0.9162	35.999
1033	1130	12	0.965	47.999
1090	1130	12	0.9181	12.000
173	671	14	0.7392	-108.130
255	495	14	0.7041	-110.109
275	495	14	0.7225	-138.104
356	495	14	0.713	-126.104
462	495	14	0.7375	34.007
463	495	14	0.7223	18.011
495	512	14	0.7954	-15.996
495	706	14	0.7265	-4.032
495	707	14	0.726	11.963
290	294	14	0.7854	-15.995
290	312	14	0.7279	2.015
292	375	14	0.7385	1.024
292	449	14	0.7293	1.003
462	463	14	0.8237	15.996
463	512	14	0.7781	2.015
463	599	14	0.7053	-0.001
463	612	14	0.7029	15.995
463	706	14	0.737	13.979
463	707	14	0.7071	29.974
462	706	14	0.8213	29.975
512	706	14	0.7522	11.964
599	706	14	0.8282	13.980
706	707	14	0.8449	15.995
202	375	14	0.7962	-28.009
211	375	14	0.8437	-28.010
277	375	14	0.8169	0.001
296	375	14	0.8922	0.021
356	375	14	0.7167	183.147
375	406	14	0.755	-28.052
375	408	14	0.9141	-0.021
375	449	14	0.9239	-0.021
375	688	14	0.7084	-138.125
255	276	14	0.8609	-14.016
275	276	14	0.719	-42.011
202	211	14	0.7996	0.000
202	277	14	0.7938	-28.010
202	296	14	0.8462	-28.030
202	408	14	0.8231	-28.030
202	449	14	0.8178	-28.030
188	277	14	0.7521	143.115
211	277	14	0.8483	-28.011
275	277	14	0.7438	171.146
277	296	14	0.8529	-0.020
277	356	14	0.7393	-183.146
277	408	14	0.8407	-0.020
277	449	14	0.835	-0.020
277	512	14	0.7363	-325.246
296	406	14	0.7582	-28.031
406	408	14	0.7495	28.031
406	449	14	0.7635	28.031
294	312	14	0.7581	18.011
312	1338	14	0.8379	31.006
258	512	14	0.7042	-168.115
275	512	14	0.7178	-154.100
356	512	14	0.7459	-142.100
462	512	14	0.8547	18.011
512	599	14	0.718	-2.016
512	671	14	0.7173	31.991
188	275	14	0.8904	-28.031
188	296	14	0.7129	143.096
188	356	14	0.702	-40.031
255	258	14	0.7019	42.010
258	275	14	0.8989	-14.015
258	356	14	0.7521	-26.015
294	356	14	0.7373	130.136
325	1338	14	0.8801	12.996
1138	1338	14	0.7884	2.016
211	296	14	0.876	-28.031
211	408	14	0.8682	-28.030
211	449	14	0.8865	-28.031
462	707	14	0.7435	45.970
599	707	14	0.7605	29.975
612	707	14	0.7218	13.979
255	275	14	0.7242	27.995
275	296	14	0.7446	171.126
275	356	14	0.8165	-12.000
275	671	14	0.7159	-122.109
255	296	14	0.7277	199.121
296	449	14	0.9318	0.000
356	449	14	0.7263	183.127
408	449	14	0.9579	-0.000
449	688	14	0.7566	-138.105
356	408	14	0.7286	183.127
599	618	14	0.8146	-0.000
612	618	14	0.7363	-15.996
462	599	14	0.748	15.995
462	612	14	0.7303	31.991
296	408	14	0.919	0.000
408	688	14	0.728	-138.105
688	761	14	0.7601	-46.042
599	612	14	0.7249	15.996
192	323	15	0.8829	14.016
323	367	15	0.8789	-15.000
323	370	15	0.8817	-14.016
189	281	15	0.8497	-28.031
281	345	15	0.846	-2.016
281	488	15	0.8221	-216.188
686	736	15	0.8252	-13.013
283	326	15	0.9004	225.306
303	326	15	0.8522	-3.914
326	352	15	0.9384	-0.036
326	372	15	0.8551	-5.086
326	488	15	0.9123	-225.306
326	771	15	0.8273	-226.289
326	1137	15	0.9168	-228.305
245	569	15	0.9209	28.031
339	569	15	0.9907	-0.000
454	569	15	0.9353	28.031
508	569	15	0.8916	42.047
555	569	15	0.9222	55.747
558	569	15	0.8987	14.015
568	569	15	0.8738	-14.016
569	579	15	0.8522	-57.234
569	609	15	0.9489	-70.078
569	621	15	0.8657	-70.042
245	609	15	0.941	-42.047
339	609	15	0.9491	-70.078
454	609	15	0.9496	-42.047
508	609	15	0.87	-28.031
555	609	15	0.9144	-14.331
558	609	15	0.8783	-56.062
568	609	15	0.8669	-84.094
579	609	15	0.871	-12.844
609	621	15	0.87	0.036
245	684	15	0.8442	-56.063
454	684	15	0.8544	-56.063
508	684	15	0.8941	-42.047
555	684	15	0.8408	-28.347
558	684	15	0.8785	-70.078
621	684	15	0.9212	-14.052
684	686	15	0.8281	-1.002
339	558	15	0.8952	-14.016
364	558	15	0.8771	-56.062
454	558	15	0.882	14.016
484	558	15	0.8866	-56.062
558	562	15	0.8872	-43.049
558	579	15	0.8848	-43.218
558	621	15	0.8926	-56.027
190	370	15	0.8745	18.010
192	370	15	0.9372	-0.000
198	370	15	0.8961	17.951
369	370	15	0.8747	1.003
370	474	15	0.9202	-28.031
245	339	15	0.9156	28.031
339	454	15	0.9343	-28.031
339	484	15	0.8426	42.047
339	508	15	0.8796	-42.047
339	555	15	0.9137	-55.747
339	579	15	0.8494	-57.234
339	621	15	0.8603	-70.042
488	1093	15	0.8762	-2.999
1093	1137	15	0.8662	-0.000
345	561	15	0.8705	-218.204
561	581	15	0.8381	12.000
561	610	15	0.8543	-14.016
245	555	15	0.8828	-27.716
454	555	15	0.8837	-27.716
474	555	15	0.8357	44.342
686	839	15	0.8246	-41.044
549	594	15	0.8655	-28.031
372	488	15	0.8275	-220.219
372	1137	15	0.8546	-223.219
303	380	15	0.8583	-13.016
377	380	15	0.8686	252.225
380	386	15	0.8949	-0.015
380	468	15	0.9168	-0.015
562	579	15	0.8529	-0.169
571	579	15	0.8516	0.009
578	579	15	0.915	-0.001
579	621	15	0.8624	-12.808
508	578	15	0.8527	-15.186
562	578	15	0.8592	-0.168
571	578	15	0.9197	0.010
578	621	15	0.8625	-12.810
190	474	15	0.8305	-10.021
192	474	15	0.9154	-28.031
369	474	15	0.8593	-27.028
367	369	15	0.8275	-0.018
364	484	15	0.9942	0.000
364	557	15	0.942	0.000
190	1137	15	0.8253	-246.235
283	1137	15	0.8675	-2.999
303	1137	15	0.8772	-232.219
352	1137	15	0.901	-228.269
488	1137	15	0.9146	-2.999
245	568	15	0.8784	42.047
454	568	15	0.8956	42.047
484	557	15	0.9403	0.000
303	468	15	0.8386	-13.032
377	468	15	0.8336	252.210
386	468	15	0.8609	-0.000
488	518	15	0.8441	24.000
190	352	15	0.8266	-17.966
283	352	15	0.9227	225.270
303	352	15	0.8541	-3.950
352	488	15	0.9114	-225.270
594	610	15	0.8434	12.000
377	386	15	0.879	252.210
581	610	15	0.8534	-26.015
190	198	15	0.9003	0.060
192	198	15	0.8443	-17.951
245	454	15	0.9333	-0.000
454	508	15	0.9134	-14.016
454	621	15	0.8573	-42.011
508	621	15	0.8985	-27.995
621	686	15	0.8693	-15.054
245	508	15	0.8633	-14.016
508	571	15	0.8536	-15.196
562	571	15	0.8499	-0.178
571	686	15	0.8301	-27.854
562	686	15	0.8612	-28.031
283	488	15	0.9072	0.000
303	488	15	0.8474	-229.220
192	369	15	0.8914	-1.003
283	303	15	0.8224	229.220
190	303	15	0.8936	-14.016
303	377	15	0.8379	-265.241
190	192	15	0.8489	18.011
838	938	16	0.8362	-28.031
909	938	16	0.9072	-14.016
922	938	16	0.862	-14.016
938	950	16	0.9571	0.000
909	922	16	0.8746	-0.000
922	950	16	0.8435	-14.016
909	950	16	0.8844	-14.016
838	950	16	0.8087	-28.031
1003	1719	17	0.8903	-296.075
1246	1719	17	0.8773	-222.056
1274	1719	17	0.9079	-222.056
1427	1719	17	0.9305	-148.037
1596	1719	17	0.8853	-74.018
1719	1813	17	0.8035	-75.020
1719	1838	17	0.8089	-149.039
1719	1873	17	0.9132	-222.057
1719	1906	17	0.9239	-296.077
1719	1908	17	0.8033	-298.076
914	1274	17	0.7866	-74.019
1003	1274	17	0.9067	-74.019
1246	1274	17	0.9361	-0.000
1274	1427	17	0.9049	-74.019
1274	1596	17	0.9198	-148.038
1274	1813	17	0.7733	-297.076
1274	1873	17	0.8604	-444.113
1274	1906	17	0.8433	-518.132
914	1003	17	0.8247	0.000
1003	1246	17	0.8919	-74.019
1003	1427	17	0.9048	-148.038
1003	1596	17	0.8932	-222.057
1003	1873	17	0.8331	-518.132
1003	1906	17	0.8271	-592.151
1895	1896	17	0.7156	-1.001
1895	1897	17	0.7443	-1.999
1895	1901	17	0.8187	222.057
1813	1908	17	0.8319	-223.056
1838	1908	17	0.8852	-149.037
1873	1908	17	0.8118	-76.019
1874	1908	17	0.7687	-75.018
1875	1908	17	0.9337	-74.019
1906	1908	17	0.8176	-2.000
1907	1908	17	0.8621	-0.999
1879	1880	17	0.8857	-1.000
914	1246	17	0.7652	-74.019
1246	1427	17	0.9043	-74.019
1246	1596	17	0.9195	-148.038
1246	1813	17	0.7848	-297.076
1246	1838	17	0.762	-371.094
1246	1873	17	0.8672	-444.113
1246	1906	17	0.8465	-518.132
1813	1907	17	0.8606	-222.057
1838	1907	17	0.903	-148.039
1874	1907	17	0.767	-74.019
1875	1907	17	0.8688	-73.020
1427	1873	17	0.8888	-370.094
1596	1873	17	0.9115	-296.075
1838	1873	17	0.8475	-73.019
1873	1875	17	0.8078	-1.999
1873	1906	17	0.941	-74.019
1896	1897	17	0.7233	-0.999
1897	1901	17	0.7479	224.056
1879	1901	17	0.7581	668.169
1596	1838	17	0.8142	-223.056
1813	1838	17	0.8974	-74.018
1838	1875	17	0.9169	-75.018
1838	1906	17	0.83	-147.038
1427	1875	17	0.7941	-372.094
1813	1875	17	0.8682	-149.037
1874	1875	17	0.7941	-0.999
1875	1906	17	0.8415	-72.020
1427	1813	17	0.8181	-223.057
1596	1813	17	0.8369	-149.038
1427	1596	17	0.9607	-74.019
1596	1901	17	0.8235	18.011
1596	1906	17	0.9038	-370.094
1427	1906	17	0.8938	-444.113
914	1427	17	0.7976	-148.038
927	1168	18	0.9825	-30.047
992	1168	18	0.9851	-78.994
1054	1168	18	0.9841	-2.016
1084	1168	18	0.9809	-64.031
1168	1209	18	0.9875	-0.000
1168	1225	18	0.9837	-26.016
1168	1325	18	0.9809	21.984
1168	1344	18	0.9837	22.932
1168	1362	18	0.9865	-3.084
1168	1477	18	0.9818	-5.100
898	1084	18	0.9813	-40.979
1030	1084	18	0.9803	-26.015
1037	1084	18	0.9822	36.000
1043	1084	18	0.9833	12.000
1084	1344	18	0.9834	-41.100
949	1074	18	0.9811	-78.047
1001	1074	18	0.9827	-2.016
1054	1074	18	0.9824	-0.000
1074	1172	18	0.9819	-26.015
1074	1209	18	0.9835	-2.016
1074	1225	18	0.9856	-28.031
814	1183	18	0.9778	-71.026
1183	1292	18	0.9819	-2.016
963	1217	18	0.9769	-66.995
1037	1217	18	0.9828	-4.031
898	963	18	0.9794	-14.016
963	1205	18	0.9796	-91.998
963	1270	18	0.9782	-93.010
963	1312	18	0.9797	-119.026
858	927	18	0.9829	-76.979
927	949	18	0.9842	50.016
927	990	18	0.9823	47.946
927	1037	18	0.9837	-2.016
927	1043	18	0.9845	21.984
927	1211	18	0.9844	31.969
927	1342	18	0.9834	-8.117
927	1344	18	0.9833	-7.115
1123	1211	18	0.9793	47.999
858	1030	18	0.984	-16.979
992	1030	18	0.985	11.052
1009	1030	18	0.9811	12.000
1030	1344	18	0.9825	-67.115
1030	1362	18	0.9818	-93.130
1030	1477	18	0.9838	-95.146
1109	1270	18	0.975	-28.031
973	974	18	0.9799	-50.016
974	1001	18	0.982	0.000
974	1054	18	0.9826	-2.015
974	1362	18	0.9818	-7.115
974	1477	18	0.9817	-9.131
946	1209	18	0.9814	-30.047
992	1209	18	0.9842	-78.994
1001	1209	18	0.9813	-4.031
1037	1209	18	0.9813	-28.031
1054	1209	18	0.9858	-2.016
1117	1209	18	0.9817	-44.026
1209	1225	18	0.9835	-26.015
858	1362	18	0.985	-110.109
992	1362	18	0.9879	-82.078
1009	1362	18	0.9821	-81.130
1043	1362	18	0.9848	-55.115
1054	1362	18	0.9823	-5.100
1344	1362	18	0.9844	-26.016
1362	1477	18	0.9882	-2.016
1043	1292	18	0.9844	-4.031
1117	1292	18	0.9813	3.974
1292	1325	18	0.9813	-26.016
946	973	18	0.9823	24.000
946	990	18	0.9836	47.946
946	1037	18	0.9833	-2.016
949	990	18	0.9792	-2.070
949	1211	18	0.9788	-18.047
858	948	18	0.9837	-2.963
1037	1312	18	0.9854	-56.062
1205	1312	18	0.978	-27.028
858	1043	18	0.9845	-54.995
898	1043	18	0.9841	-52.979
973	1043	18	0.9842	-2.016
992	1043	18	0.9837	-26.963
1043	1225	18	0.9838	-78.046
1043	1344	18	0.9859	-29.099
858	973	18	0.9853	-52.979
973	1001	18	0.9827	-50.016
973	1117	18	0.9796	-10.021
973	1342	18	0.9796	-32.118
858	1054	18	0.9831	-105.010
992	1054	18	0.9836	-76.978
1037	1054	18	0.9829	-26.015
1054	1225	18	0.985	-28.031
1117	1172	18	0.9799	-68.026
1037	1172	18	0.9818	-52.031
814	1187	18	0.9758	-70.080
898	1225	18	0.9839	-131.026
992	1225	18	0.9878	-105.010
1037	1225	18	0.9863	-54.046
1224	1225	18	0.983	-50.963
1225	1344	18	0.9862	48.947
992	1477	18	0.9838	-84.094
1009	1477	18	0.981	-83.146
1342	1477	18	0.9805	-27.029
1344	1477	18	0.9855	-28.031
898	992	18	0.9833	-26.016
992	1344	18	0.984	-56.062
814	1224	18	0.9775	-96.094
1211	1342	18	0.9816	-40.086
858	990	18	0.9825	-29.033
858	1342	18	0.9822	-85.096
858	1344	18	0.9838	-84.094
898	1344	18	0.9825	-82.078
1205	1254	18	0.9801	-0.065
1205	1270	18	0.9821	-1.012
1254	1270	18	0.984	-0.948
990	1001	18	0.9795	-73.962
990	1009	18	0.9817	0.054
990	1342	18	0.9863	-56.064
1001	1342	18	0.9833	17.898
1255	1270	18	0.98	0.055
1521	1580	20	0.7968	0.000
1580	1591	20	0.7692	-14.016
1580	1647	20	0.8441	0.000
1580	1688	20	0.8442	0.000
1580	1707	20	0.9059	0.000
1580	1760	20	0.8502	0.000
1408	1722	20	0.7702	-84.094
1722	1774	20	0.7994	-0.000
746	822	20	0.783	-2.016
841	1618	20	0.7727	-168.188
1618	1621	20	0.7766	-2.005
1618	1627	20	0.8294	-1.002
1618	1682	20	0.7829	0.000
1618	1760	20	0.7655	28.032
1618	1791	20	0.8683	0.000
1521	1688	20	0.8575	0.000
1647	1688	20	0.8758	0.000
1688	1707	20	0.8793	-0.000
1688	1760	20	0.8619	-0.000
1621	1627	20	0.8124	1.003
457	637	20	0.9526	-42.047
637	638	20	0.801	-1.003
637	759	20	0.9165	-28.031
637	822	20	0.7957	-68.063
841	1068	20	0.8321	-42.047
905	1068	20	0.8159	-28.031
982	1068	20	0.8524	-14.016
1068	1166	20	0.8457	-14.016
1068	1247	20	0.8104	-28.031
1068	1313	20	0.8623	-42.047
1068	1408	20	0.8083	-70.078
1068	1467	20	0.8455	-84.094
1068	1707	20	0.8383	-98.110
1068	1791	20	0.8097	-126.141
905	1538	20	0.805	-70.079
982	1538	20	0.8284	-56.063
1247	1538	20	0.7886	-14.016
1313	1538	20	0.8467	-0.000
1314	1538	20	0.7661	1.002
1373	1538	20	0.7952	14.016
1538	1730	20	0.7819	-28.031
1166	1760	20	0.778	-84.094
1521	1760	20	0.8436	0.000
1647	1760	20	0.8857	0.000
1707	1760	20	0.8706	0.000
1760	1773	20	0.7727	0.000
1521	1647	20	0.8325	0.000
1521	1707	20	0.8418	0.000
841	982	20	0.8149	-28.031
905	982	20	0.823	-14.016
982	1166	20	0.8424	-28.031
982	1313	20	0.8582	-56.063
982	1408	20	0.8127	-84.094
982	1467	20	0.798	-98.110
982	1591	20	0.7877	-126.142
982	1707	20	0.821	-112.125
841	1591	20	0.7668	-154.173
1313	1591	20	0.8117	-70.079
1647	1707	20	0.8883	0.000
1647	1773	20	0.7709	0.000
1627	1791	20	0.8101	1.002
841	1707	20	0.7852	-140.157
1166	1707	20	0.7842	-84.094
1313	1707	20	0.8271	-56.063
457	822	20	0.7722	-110.109
457	638	20	0.8356	-43.049
638	759	20	0.8865	-27.029
759	871	20	0.767	-28.031
841	1166	20	0.7737	-56.063
905	1166	20	0.8306	-42.047
1166	1247	20	0.807	-14.016
1166	1313	20	0.8327	-28.032
1166	1408	20	0.809	-56.063
1166	1791	20	0.7761	-112.126
457	740	20	0.8196	-70.078
740	759	20	0.7755	0.000
740	905	20	0.7801	-42.047
457	759	20	0.9408	-70.078
1682	1791	20	0.8076	0.000
1408	1730	20	0.8115	0.000
1467	1791	20	0.7731	-42.047
905	1247	20	0.8442	-56.063
905	1373	20	0.7787	-84.094
1385	1408	20	0.7947	-2.016
841	1313	20	0.8434	-84.094
841	1408	20	0.7733	-112.125
841	1467	20	0.7719	-126.141
1247	1408	20	0.7767	-42.047
1313	1408	20	0.8142	-28.031
1247	1313	20	0.7976	-14.016
1313	1467	20	0.8037	-42.047
24	41	21	0.8518	18.010
41	64	21	0.8759	-14.016
41	153	21	0.8368	-14.016
33	64	21	0.8251	25.977
36	64	21	0.8428	-9.984
64	94	21	0.9509	-14.016
64	153	21	0.9671	0.000
63	85	21	0.9534	-14.015
33	94	21	0.8269	11.961
94	153	21	0.9251	14.016
45	63	21	0.8288	-9.984
63	443	21	0.823	24.000
36	443	21	0.9312	-27.995
33	76	21	0.9745	-0.039
854	1129	22	0.73	-31.998
897	1129	22	0.7401	-29.982
1008	1129	22	0.8155	-3.019
1032	1129	22	0.8192	46.996
1128	1129	22	0.8973	-1.003
1129	1179	22	0.8628	-25.012
1129	1324	22	0.7246	-53.044
854	897	22	0.8075	-2.016
854	1032	22	0.8186	-78.995
854	1128	22	0.7447	-30.995
854	1176	22	0.7152	-131.026
854	1207	22	0.7584	-107.026
854	1345	22	0.7777	-84.094
854	1359	22	0.8763	-110.110
999	1207	22	0.7722	-4.031
1032	1207	22	0.8551	-28.031
1050	1207	22	0.7797	-2.015
1075	1207	22	0.8769	-2.015
1115	1207	22	0.7704	-44.026
1128	1207	22	0.79	-76.031
1176	1207	22	0.7615	24.000
1179	1207	22	0.8016	-50.016
1207	1218	22	0.7604	23.999
1008	1045	22	0.789	-26.017
1045	1115	22	0.7377	-8.004
1045	1128	22	0.7607	24.001
1045	1176	22	0.7369	-76.030
1045	1179	22	0.8776	-2.015
1045	1215	22	0.8691	-29.035
1045	1218	22	0.9036	-28.031
1045	1324	22	0.8205	-30.047
897	1218	22	0.76	-81.011
1008	1218	22	0.8428	-54.048
1032	1218	22	0.7818	-4.032
1075	1218	22	0.763	21.984
1128	1218	22	0.763	-52.032
1179	1218	22	0.8701	-26.017
1215	1218	22	0.8962	1.004
1218	1324	22	0.8785	-2.016
897	1359	22	0.7985	-108.094
1032	1359	22	0.7904	-31.115
1176	1359	22	0.7285	20.916
1345	1359	22	0.7984	-26.015
1075	1115	22	0.7385	42.010
1008	1324	22	0.7869	-56.063
1179	1324	22	0.8859	-28.032
1215	1324	22	0.8072	-1.011
1294	1324	22	0.7679	-26.016
897	1345	22	0.7713	-82.078
1008	1294	22	0.7693	-30.047
897	1176	22	0.7392	-129.010
930	1176	22	0.7234	-54.047
1176	1215	22	0.7303	46.995
897	1128	22	0.746	-28.979
1008	1128	22	0.8229	-2.016
1032	1128	22	0.8564	48.000
1075	1128	22	0.7311	74.016
1128	1179	22	0.8573	-26.016
930	1075	22	0.7346	-28.031
999	1075	22	0.7849	-2.016
1050	1075	22	0.7826	0.000
1075	1179	22	0.7633	48.000
930	999	22	0.7573	-26.016
930	1032	22	0.7798	-2.015
1008	1215	22	0.7649	-55.052
1179	1215	22	0.8128	-27.021
897	1008	22	0.769	-26.963
1008	1032	22	0.8489	-50.015
1008	1179	22	0.838	-28.031
1032	1179	22	0.8692	21.984
897	1032	22	0.7752	-76.978
1659	1794	24	0.8674	0.116
1794	1799	24	0.8916	1.004
1105	1148	25	0.9222	-26.014
1148	1263	25	0.9165	-2.016
1105	1263	25	0.9231	-28.031
1103	1147	25	0.9701	-26.015
1103	1260	25	0.9559	-28.090
1103	1262	25	0.9718	-28.030
1260	1263	25	0.9202	-0.944
1147	1260	25	0.9527	-2.076
1260	1262	25	0.9664	0.060
1147	1262	25	0.9575	-2.016
954	1267	29	0.8204	144.043
955	1267	29	0.7815	162.054
1267	1395	29	0.7379	-272.163
1267	1597	29	0.7808	-84.095
1267	1603	29	0.8389	-110.109
1267	1693	29	0.8058	-94.115
1267	1695	29	0.8409	-112.126
954	1693	29	0.9013	49.927
955	1693	29	0.8412	67.938
1388	1693	29	0.8304	152.032
1395	1693	29	0.806	178.047
1493	1693	29	0.9056	162.052
1494	1693	29	0.8481	180.063
1597	1693	29	0.8571	-10.021
1603	1693	29	0.9307	15.994
1693	1695	29	0.9223	-18.011
954	1603	29	0.875	33.933
955	1603	29	0.8269	51.944
1388	1603	29	0.8211	136.038
1395	1603	29	0.842	162.053
1493	1603	29	0.8669	146.058
1494	1603	29	0.8209	164.069
1597	1603	29	0.8659	-26.015
1603	1695	29	0.9493	-2.017
954	955	29	0.9445	-18.011
955	1388	29	0.953	-84.093
955	1395	29	0.909	-110.109
955	1430	29	0.8747	-98.109
955	1493	29	0.8938	-94.113
955	1494	29	0.9543	-112.125
955	1695	29	0.8227	49.928
954	1597	29	0.8203	59.948
1388	1597	29	0.7854	162.052
1493	1597	29	0.8177	172.072
1494	1597	29	0.7589	190.083
1597	1695	29	0.8553	-28.031
954	1695	29	0.8639	31.917
1388	1695	29	0.8188	134.021
1395	1695	29	0.8025	160.037
1493	1695	29	0.9191	144.041
1494	1695	29	0.8724	162.052
1388	1430	29	0.8726	-14.016
1395	1430	29	0.8398	12.000
1430	1493	29	0.8263	3.996
1430	1494	29	0.853	-14.016
954	1395	29	0.8725	-128.120
1388	1395	29	0.9065	-26.016
1395	1493	29	0.8382	15.996
1395	1494	29	0.9036	-2.016
954	1388	29	0.8767	-102.104
954	1493	29	0.9607	-112.124
954	1494	29	0.8858	-130.136
1388	1493	29	0.8698	-10.020
1388	1494	29	0.9441	-28.031
1493	1494	29	0.9008	-18.011
200	241	30	0.8372	-0.000
159	338	32	0.9311	-0.000
1624	1674	37	0.8898	-213.976
1660	1674	37	0.886	-14.014
1666	1674	37	0.8704	-59.066
1674	1711	37	0.8611	213.981
1674	1723	37	0.8817	185.944
1649	1672	37	0.7884	-128.894
1649	1676	37	0.8218	27.022
1649	1677	37	0.711	-215.998
1563	1624	37	0.8938	-2.014
1624	1650	37	0.899	-26.016
1624	1651	37	0.9462	0.002
1624	1658	37	0.8941	2.015
1624	1676	37	0.8963	0.003
1624	1711	37	0.9278	0.005
1624	1723	37	0.9488	-28.032
1624	1736	37	0.9025	-54.047
1624	1772	37	0.8907	2.015
1651	1660	37	0.9048	-199.964
1660	1666	37	0.8473	45.053
1660	1672	37	0.9044	44.049
1660	1676	37	0.8797	199.965
1660	1711	37	0.8651	199.967
1666	1672	37	0.8496	-1.004
1666	1723	37	0.8712	126.878
1563	1651	37	0.8847	-2.012
1650	1651	37	0.8897	26.018
1651	1658	37	0.8946	2.013
1651	1676	37	0.9621	0.002
1651	1711	37	0.9252	0.003
1651	1723	37	0.9154	-28.033
1651	1736	37	0.8745	-54.048
1651	1772	37	0.891	2.013
1489	1736	37	0.9033	-58.076
1563	1736	37	0.9231	-56.061
1650	1736	37	0.9438	-28.030
1658	1736	37	0.946	-56.062
1717	1736	37	0.8976	-56.062
1723	1736	37	0.906	-26.015
1736	1748	37	0.9126	58.078
1736	1772	37	0.9441	56.062
1489	1772	37	0.9232	-2.014
1563	1772	37	0.9468	0.001
1650	1772	37	0.9595	28.031
1658	1772	37	0.9821	0.000
1717	1772	37	0.9097	-0.000
1723	1772	37	0.8795	30.047
1748	1772	37	0.9493	-2.016
1563	1723	37	0.877	-30.045
1650	1723	37	0.8986	-2.015
1658	1723	37	0.8821	-30.047
1711	1723	37	0.8873	-28.036
1489	1717	37	0.8928	-2.014
1563	1717	37	0.9033	0.001
1650	1717	37	0.8918	28.032
1658	1717	37	0.9107	0.000
1717	1748	37	0.9015	2.016
1489	1650	37	0.9129	-30.046
1563	1650	37	0.933	-28.030
1650	1658	37	0.9638	28.031
1650	1748	37	0.9298	30.047
1489	1563	37	0.8993	-2.016
1563	1658	37	0.9531	0.001
1563	1748	37	0.9303	2.017
1489	1658	37	0.9309	-2.014
1658	1748	37	0.9515	2.016
1676	1711	37	0.8977	0.002
1489	1748	37	0.9446	0.002
1661	1739	38	0.7007	-26.014
1661	1777	38	0.8037	0.001
1665	1777	38	0.7903	26.015
1266	1420	39	0.8447	-14.016
1420	1573	39	0.8397	49.053
379	628	39	0.8531	-98.097
628	1079	39	0.9054	-122.168
628	1237	39	0.9036	-150.200
186	222	39	0.9511	0.015
186	226	39	0.9229	-386.174
186	233	39	0.9534	-0.000
186	235	39	0.959	14.015
186	307	39	0.9068	-42.011
186	353	39	0.9486	-0.000
186	403	39	0.9629	-0.000
186	467	39	0.9146	-0.000
186	1079	39	0.8952	-238.232
185	1240	39	0.9594	-266.261
218	1240	39	0.9256	-284.272
223	1240	39	0.9513	-266.261
308	1240	39	0.9691	-224.250
378	1240	39	0.9647	-248.295
499	1240	39	0.9649	-206.284
627	1240	39	0.9165	-150.198
1078	1240	39	0.9842	-28.031
1082	1240	39	0.9222	-11.004
1236	1240	39	0.9387	17.027
185	627	39	0.9215	-116.063
308	627	39	0.9149	-74.052
499	627	39	0.9144	-56.086
627	1078	39	0.9229	-122.167
222	226	39	0.9588	-386.189
222	233	39	0.9639	-0.015
222	235	39	0.9726	14.001
222	307	39	0.9097	-42.026
222	353	39	0.9548	-0.015
222	379	39	0.9095	-17.981
222	403	39	0.973	-0.015
222	467	39	0.9424	-0.015
222	1079	39	0.9179	-238.247
233	1237	39	0.923	-266.263
307	1237	39	0.9412	-224.252
353	1237	39	0.9106	-266.263
403	1237	39	0.9243	-266.263
467	1237	39	0.9042	-266.263
1079	1237	39	0.9584	-28.031
1236	1237	39	0.9156	-28.033
226	467	39	0.9082	386.174
233	467	39	0.9445	-0.000
235	467	39	0.9301	-14.016
307	467	39	0.8891	42.011
353	467	39	0.9444	0.000
403	467	39	0.9348	0.000
467	1079	39	0.9006	-238.232
185	378	39	0.9774	-17.966
218	378	39	0.9238	-35.977
223	378	39	0.9715	-17.966
308	378	39	0.9721	24.044
378	392	39	0.9231	35.977
378	499	39	0.9687	-42.011
378	1078	39	0.9672	-220.264
378	1082	39	0.9298	-237.291
378	1236	39	0.9373	-265.322
373	391	39	0.8748	35.977
185	218	39	0.9234	18.010
185	223	39	0.9715	-0.000
185	308	39	0.976	-42.011
185	499	39	0.9705	-59.977
185	1078	39	0.9702	-238.230
185	1082	39	0.9361	-255.257
185	1236	39	0.9332	-283.288
309	519	39	0.8739	-90.047
519	626	39	0.8549	15.995
218	1078	39	0.9306	-256.241
223	1078	39	0.9558	-238.230
308	1078	39	0.9795	-196.219
499	1078	39	0.9752	-178.253
1078	1082	39	0.9295	-17.027
1078	1236	39	0.9419	-45.058
218	499	39	0.9197	-77.987
223	499	39	0.9537	-59.977
308	499	39	0.9802	-17.966
499	1236	39	0.9259	-223.311
499	1573	39	0.9055	-238.239
226	403	39	0.9474	386.174
233	403	39	0.9697	-0.000
235	403	39	0.9761	-14.016
307	403	39	0.9118	42.011
353	403	39	0.9534	-0.000
403	1079	39	0.9265	-238.232
1266	1571	39	0.8561	18.010
1571	1573	39	0.8782	17.026
226	233	39	0.9306	386.174
226	235	39	0.9475	400.189
226	353	39	0.9314	386.174
233	307	39	0.8998	-42.011
307	309	39	0.8809	28.031
307	353	39	0.9056	42.011
307	379	39	0.8943	24.045
307	1079	39	0.9383	-196.221
309	626	39	0.8677	-74.052
187	220	39	0.8454	-0.000
187	235	39	0.8338	-14.016
218	1082	39	0.9255	-273.267
223	1082	39	0.9384	-255.257
308	1082	39	0.9271	-213.246
309	1082	39	0.9142	-196.219
392	1082	39	0.9218	-273.267
1082	1236	39	0.9581	-28.031
218	308	39	0.9337	-60.021
223	308	39	0.9651	-42.011
308	1236	39	0.9358	-241.277
218	392	39	0.9111	0.000
223	392	39	0.9347	18.011
391	392	39	0.94	17.027
233	353	39	0.9687	-0.000
235	353	39	0.9597	-14.016
353	1079	39	0.9151	-238.232
220	235	39	0.886	-14.016
233	235	39	0.9736	14.015
235	391	39	0.8532	32.026
218	223	39	0.9373	-18.011
218	1236	39	0.9219	-301.299
220	391	39	0.8614	18.011
233	1079	39	0.9256	-238.232
379	1079	39	0.9008	-220.265
223	1236	39	0.9315	-283.288
220	309	39	0.8637	-42.011
225	335	44	0.8464	43.990
335	480	44	0.8526	62.001
335	544	44	0.7926	-234.162
225	544	44	0.7506	-190.172
480	544	44	0.865	-296.163
541	544	44	0.7372	17.027
542	544	44	0.7536	45.059
541	542	44	0.8781	-28.032
225	480	44	0.7969	105.990
80	232	45	0.8871	18.010
503	937	46	0.7945	-341.294
532	937	46	0.7958	-315.278
582	937	46	0.7841	-339.278
601	937	46	0.8025	-313.262
721	937	46	0.8633	13.979
837	937	46	0.8068	-28.031
937	951	46	0.9103	0.000
86	532	46	0.818	-92.136
503	532	46	0.9563	-26.016
532	582	46	0.9429	24.000
532	601	46	0.9662	-2.016
532	935	46	0.8577	-2.016
532	951	46	0.7607	-315.278
721	837	46	0.7646	42.011
837	951	46	0.7915	-28.031
585	601	46	0.9459	-14.016
585	607	46	0.8367	-30.011
585	788	46	0.7844	35.037
585	935	46	0.8437	-14.016
601	788	46	0.8403	49.053
788	935	46	0.7756	-49.053
86	601	46	0.8126	-94.151
503	601	46	0.9794	-28.031
582	601	46	0.9661	-26.016
601	607	46	0.8425	-15.995
601	935	46	0.8658	0.000
601	951	46	0.7726	-313.262
86	582	46	0.8085	-68.136
503	582	46	0.9585	-2.016
582	935	46	0.8428	-26.015
721	951	46	0.8206	13.979
503	935	46	0.8643	-28.031
86	503	46	0.8096	-66.120
503	951	46	0.7676	-341.294
1463	1570	47	0.9036	-4.033
1570	1620	47	0.8713	-4.030
158	587	48	0.7323	-1.036
587	923	48	0.7342	-0.036
158	883	48	0.8081	0.032
158	885	48	0.7115	-45.026
883	885	48	0.8605	-45.058
1551	1770	49	0.9854	-0.000
1679	1770	49	0.9602	0.000
1749	1770	49	0.8906	-0.001
1551	1749	49	0.8964	0.001
1679	1749	49	0.8911	0.001
1551	1679	49	0.9633	-0.000
1039	1204	50	0.8399	-28.031
810	1235	55	0.7939	59.037
810	985	55	0.8044	31.006
810	1069	55	0.8156	71.001
1069	1318	55	0.7645	64.052
821	1065	56	0.7552	136.016
821	1107	56	0.7678	110.001
821	1233	56	0.7877	107.985
1025	1146	56	0.8483	-2.015
1106	1146	56	0.9499	-26.015
1107	1146	56	0.9418	24.000
1146	1154	56	0.9296	-26.016
1146	1185	56	0.9396	11.999
1146	1275	56	0.7739	21.984
1146	1379	56	0.9182	-30.047
1025	1154	56	0.8933	-28.031
1107	1154	56	0.8875	-2.016
1118	1154	56	0.9513	-26.016
1154	1275	56	0.7288	47.999
1154	1276	56	0.9034	-2.016
1106	1185	56	0.9424	-14.016
1185	1293	56	0.8161	-28.031
1185	1379	56	0.9238	-42.047
1234	1368	56	0.7151	-28.031
1275	1368	56	0.778	-2.015
1355	1368	56	0.7491	50.016
1234	1275	56	0.751	-26.016
1106	1379	56	0.9245	-56.062
1106	1234	56	0.7412	21.985
1118	1234	56	0.7332	48.000
1025	1107	56	0.9216	-26.015
1065	1107	56	0.9501	-26.015
1107	1233	56	0.9466	-2.016
1065	1118	56	0.8543	-2.015
1106	1118	56	0.8942	-26.015
1118	1276	56	0.9355	-28.032
1065	1106	56	0.8948	24.000
1065	1233	56	0.9405	-28.031
1293	1355	56	0.8242	-14.016
1233	1355	56	0.8661	-4.031
1276	1355	56	0.9138	-2.016
1233	1276	56	0.8386	-2.015
1486	1506	57	0.9668	-0.000
1321	1569	58	0.7068	1.731
1569	1588	58	0.71	-0.021
1545	1648	59	0.933	-28.031
1590	1648	59	0.9165	-14.015
1619	1648	59	0.9326	0.000
1641	1648	59	0.912	28.030
1648	1726	59	0.8992	-28.031
1648	1764	59	0.9105	28.031
1335	1528	59	0.8807	19.968
1475	1528	59	0.879	24.000
1478	1528	59	0.8522	23.966
1528	1625	59	0.8466	-28.031
1528	1639	59	0.8723	-54.047
1448	1461	59	0.8775	-2.017
1448	1462	59	0.9156	-26.016
1462	1747	59	0.9211	-4.031
1498	1747	59	0.9256	-14.015
1519	1747	59	0.8779	-26.015
1546	1747	59	0.9447	0.002
1593	1747	59	0.9104	28.031
1604	1747	59	0.9274	16.031
1613	1747	59	0.9296	0.000
1640	1747	59	0.9269	30.047
1741	1747	59	0.9001	58.077
1461	1462	59	0.8691	-23.999
1461	1466	59	0.8562	12.002
1461	1498	59	0.9192	-14.015
1461	1519	59	0.8696	-2.015
1461	1613	59	0.8798	-28.030
1545	1640	59	0.9132	-54.046
1546	1640	59	0.9517	-30.046
1590	1640	59	0.9298	-40.030
1593	1640	59	0.9467	-2.016
1604	1640	59	0.9538	-14.016
1613	1640	59	0.9209	-30.047
1619	1640	59	0.9087	-26.015
1640	1641	59	0.9245	-2.014
1640	1764	59	0.904	54.047
1447	1478	59	0.8728	-1.982
1462	1466	59	0.8446	36.001
1466	1475	59	0.8501	378.386
1466	1498	59	0.8646	-26.016
1466	1519	59	0.9433	-14.016
1475	1625	59	0.853	-4.031
1478	1625	59	0.8788	-4.065
1519	1545	59	0.9367	-2.016
1545	1590	59	0.9576	-14.016
1545	1593	59	0.8895	-52.030
1545	1604	59	0.9262	-40.030
1545	1619	59	0.9561	-28.031
1545	1726	59	0.9189	-56.061
1545	1764	59	0.9677	0.001
1462	1498	59	0.9024	9.984
1498	1519	59	0.9052	12.000
1498	1546	59	0.9486	-14.017
1498	1613	59	0.9062	-14.016
1519	1764	59	0.9431	-2.016
1590	1764	59	0.9555	14.016
1593	1764	59	0.8835	52.031
1604	1764	59	0.9105	40.031
1619	1764	59	0.9655	28.032
1628	1764	59	0.8797	2.017
1726	1764	59	0.9129	56.062
1619	1641	59	0.9391	-28.029
1628	1641	59	0.8598	-54.044
1462	1613	59	0.9163	-4.031
1519	1613	59	0.872	-26.016
1546	1613	59	0.9326	0.001
1593	1613	59	0.9118	28.031
1604	1613	59	0.9128	16.031
1613	1741	59	0.8572	-58.077
1519	1628	59	0.863	-4.033
1335	1400	59	0.8689	-2.016
1335	1475	59	0.901	-4.031
1335	1478	59	0.8874	-3.998
1335	1639	59	0.8988	-34.078
1462	1519	59	0.8762	21.984
1519	1546	59	0.9009	-26.017
1555	1741	59	0.8823	-55.058
1593	1741	59	0.879	-30.046
1604	1741	59	0.89	-42.046
1400	1475	59	0.9431	-2.015
1400	1478	59	0.908	-1.982
1400	1639	59	0.9077	-32.063
1475	1639	59	0.9335	-30.047
1478	1639	59	0.9187	-30.081
1546	1604	59	0.9512	-16.030
1590	1604	59	0.9203	-26.014
1593	1604	59	0.9199	12.000
1604	1619	59	0.8941	11.999
1546	1593	59	0.9304	-28.029
1590	1593	59	0.8959	-38.014
1593	1619	59	0.8953	23.999
1462	1546	59	0.9444	-4.033
1473	1475	59	0.8778	-14.015
1546	1590	59	0.8942	9.985
1546	1619	59	0.9127	-4.030
1590	1726	59	0.9152	-42.045
1619	1726	59	0.9301	-28.030
1590	1619	59	0.962	-14.015
1475	1478	59	0.933	0.034
229	631	61	0.7799	-116.063
631	1080	61	0.8869	-122.168
631	1238	61	0.8319	-150.200
229	1080	61	0.874	-238.231
229	1238	61	0.8386	-266.263
227	1081	61	0.8386	-238.230
1080	1081	61	0.8655	14.016
1080	1238	61	0.9307	-28.032
74	91	63	0.8765	-14.016
89	91	63	0.8042	17.027
91	210	63	0.8792	-17.027
91	304	63	0.9981	-0.000
91	305	63	0.8751	-17.027
91	384	63	0.8794	-17.027
91	424	63	0.8763	-17.027
91	440	63	0.8773	-17.027
91	444	63	0.9997	-0.000
91	768	63	0.821	-17.026
70	74	63	0.8584	17.027
74	304	63	0.8732	-14.016
74	310	63	0.8579	-17.027
74	444	63	0.8768	-14.016
70	424	63	0.8747	-14.016
89	424	63	0.9591	-0.000
210	424	63	0.9947	-0.000
305	424	63	0.9939	0.000
310	424	63	0.8727	-14.016
384	424	63	0.9996	0.000
424	440	63	0.996	0.000
424	444	63	0.8752	17.027
424	768	63	0.8729	0.000
210	304	63	0.8717	17.026
304	384	63	0.8754	-17.027
304	444	63	0.9979	0.000
304	768	63	0.812	-17.026
70	210	63	0.8691	-14.016
89	210	63	0.9577	-0.000
210	305	63	0.9986	-0.000
210	384	63	0.9949	-0.000
210	440	63	0.9993	0.000
210	444	63	0.8783	17.027
210	768	63	0.8836	0.000
89	444	63	0.8044	17.026
305	444	63	0.874	17.027
384	444	63	0.8783	17.027
440	444	63	0.8759	17.027
444	768	63	0.8192	-17.026
70	768	63	0.8025	-14.016
89	768	63	0.8632	0.000
305	768	63	0.8796	0.000
384	768	63	0.8755	0.000
440	768	63	0.8789	0.000
70	384	63	0.8757	-14.016
89	384	63	0.96	-0.000
305	384	63	0.994	0.000
384	440	63	0.9963	0.000
70	305	63	0.8727	-14.016
89	305	63	0.958	-0.000
305	310	63	0.8713	14.016
305	440	63	0.9985	0.000
47	310	63	0.9	-14.016
70	310	63	0.9983	-0.000
89	310	63	0.8562	14.016
310	440	63	0.8744	-14.016
47	70	63	0.8973	-14.016
70	89	63	0.8596	-14.016
89	440	63	0.9581	-0.000
70	440	63	0.876	-14.016
249	478	64	0.9697	-42.047
287	478	64	0.9271	-28.031
317	478	64	0.9528	-28.058
331	478	64	0.9551	-42.047
388	478	64	0.9125	-28.031
398	478	64	0.9174	0.000
478	489	64	0.9521	28.031
478	596	64	0.9256	0.000
478	687	64	0.9512	28.031
478	765	64	0.9194	28.031
388	492	64	0.9163	56.063
489	492	64	0.9055	56.063
491	492	64	0.8805	-14.016
492	797	64	0.8734	-56.063
201	317	64	0.9135	-28.004
249	317	64	0.959	-13.988
287	317	64	0.9552	0.027
317	331	64	0.9426	13.988
317	388	64	0.9512	-0.027
317	398	64	0.932	-28.058
317	489	64	0.9835	-0.027
317	687	64	0.942	-0.027
317	765	64	0.9325	-0.027
765	953	64	0.8949	0.000
249	265	64	0.9508	14.016
249	287	64	0.9127	-14.016
249	331	64	0.9852	0.000
249	388	64	0.9084	-14.016
249	398	64	0.9279	-42.047
249	596	64	0.9221	-42.047
249	687	64	0.9238	-14.016
249	797	64	0.9076	-14.016
201	265	64	0.9576	-0.000
201	287	64	0.9122	-28.031
201	331	64	0.9054	-14.016
201	388	64	0.9055	-28.031
201	399	64	0.9371	-0.000
201	489	64	0.9117	-28.031
201	797	64	0.9044	-28.031
287	826	64	0.9164	0.000
490	491	64	0.8866	-14.016
265	399	64	0.9681	-0.000
398	399	64	0.8899	56.062
399	797	64	0.8802	-28.031
265	287	64	0.9051	-28.031
265	331	64	0.9333	-14.016
265	797	64	0.8889	-28.031
388	797	64	0.9077	0.000
287	489	64	0.9599	-0.000
388	489	64	0.9562	0.000
398	489	64	0.9313	28.031
489	596	64	0.9142	-28.031
489	687	64	0.9496	-0.000
489	765	64	0.9406	0.000
287	687	64	0.9408	-0.000
331	687	64	0.9021	-14.016
388	687	64	0.9449	0.000
398	687	64	0.9162	28.031
596	687	64	0.9131	28.031
687	765	64	0.9586	0.000
331	398	64	0.9363	-42.047
331	596	64	0.9144	-42.047
287	765	64	0.9339	0.000
388	765	64	0.9339	0.000
596	765	64	0.9006	28.031
287	388	64	0.9516	-0.000
398	596	64	0.9373	0.000
1587	1635	69	0.7979	0.001
1601	1635	69	0.8063	0.001
1635	1786	69	0.7766	-27.044
1587	1786	69	0.7739	-27.044
1601	1786	69	0.7701	-27.044
1761	1786	69	0.7677	-27.044
1587	1761	69	0.7883	0.000
106	179	73	0.7715	-41.044
1072	1468	74	0.7048	-260.177
1098	1468	74	0.7506	-204.151
1161	1468	74	0.7854	-276.172
1329	1468	74	0.7821	-220.146
1360	1468	74	0.7255	-72.057
1468	1515	74	0.7517	15.994
1468	1544	74	0.749	0.000
1161	1360	74	0.7759	-204.115
1329	1360	74	0.8611	-148.089
1360	1510	74	0.7647	-57.066
1360	1515	74	0.9033	-56.063
643	666	74	0.7626	72.021
643	803	74	0.7296	15.995
643	1098	74	0.7123	-260.178
1161	1510	74	0.7419	-261.181
1329	1510	74	0.7784	-205.155
1510	1515	74	0.8363	1.003
1098	1515	74	0.7164	-188.156
1161	1515	74	0.7979	-260.178
1329	1515	74	0.8564	-204.152
1515	1544	74	0.7295	-15.994
666	803	74	0.802	-56.026
666	1161	74	0.7932	-260.178
803	1161	74	0.7422	-204.152
1098	1329	74	0.7701	15.995
1161	1329	74	0.8354	-56.026
1098	1161	74	0.809	72.021
291	614	75	0.7925	-31.990
291	712	75	0.7864	-34.005
614	756	75	0.7829	15.995
616	712	75	0.8321	13.979
614	616	75	0.8105	-15.995
511	616	75	0.8143	-2.016
357	360	77	0.8393	1.004
360	361	77	0.9306	17.027
361	363	77	0.7907	56.063
1689	1690	78	0.7267	-9.048
1669	1690	78	0.7832	-0.000
1005	1414	80	0.7326	-276.173
1005	1433	80	0.8028	-260.178
1005	1496	80	0.876	-242.167
1414	1433	80	0.8528	15.995
1414	1496	80	0.837	34.006
1433	1496	80	0.9012	18.011
459	460	83	0.764	15.995
459	498	83	0.7816	34.005
836	912	84	0.7912	-817.446
864	912	84	0.7276	-472.267
879	912	84	0.71	-875.488
890	912	84	0.7072	-272.162
899	912	84	0.7056	-675.383
901	912	84	0.7472	-200.104
912	925	84	0.7759	-201.108
848	925	84	0.7174	-818.449
864	925	84	0.7002	-673.375
890	925	84	0.7855	-473.270
899	925	84	0.7082	-876.491
901	925	84	0.7565	-401.212
848	903	84	0.7276	1499.827
864	903	84	0.703	1644.902
879	903	84	0.7047	1241.681
890	903	84	0.7936	1845.006
899	903	84	0.7074	1441.785
901	903	84	0.7501	1917.064
836	850	84	0.782	-217.132
849	850	84	0.7125	-1.003
850	864	84	0.7538	-128.048
836	890	84	0.7659	-545.284
848	890	84	0.7154	-345.179
864	890	84	0.7358	-200.104
879	890	84	0.7235	-603.325
890	899	84	0.7081	403.221
890	901	84	0.7868	-72.058
832	849	84	0.7607	-217.133
836	849	84	0.7653	-216.129
849	864	84	0.7399	-129.050
849	899	84	0.702	74.066
836	901	84	0.7663	-617.342
864	901	84	0.7448	-272.162
836	899	84	0.7901	-142.063
848	899	84	0.7179	58.042
864	899	84	0.7305	203.116
879	899	84	0.7601	-200.105
832	836	84	0.8013	-1.003
836	848	84	0.7848	-200.105
836	864	84	0.8001	-345.180
836	879	84	0.7863	58.042
848	879	84	0.7279	258.146
1612	1746	87	0.8533	0.002
1220	1746	87	0.8215	18.011
1208	1220	87	0.8206	0.959
175	586	90	0.8374	-139.173
132	138	93	0.7713	-0.036
96	132	93	0.7648	15.995
120	132	93	0.7484	-2.016
90	120	93	0.717	2.016
96	120	93	0.8022	18.011
120	146	93	0.7523	11.964
90	174	93	0.7044	15.995
170	174	93	0.8753	-0.020
40	42	98	0.8321	-12.000
40	423	98	0.8235	-17.027
40	425	98	0.8435	0.000
23	422	98	0.9165	3.995
114	422	98	0.8502	0.036
23	114	98	0.8522	3.959
42	425	98	0.8493	12.000
114	425	98	0.8404	-17.974
21	61	107	0.8389	-14.016
21	66	107	0.8457	27.995
60	66	107	0.8305	12.000
60	69	107	0.8955	-14.016
17	66	107	0.8835	-0.984
329	418	113	0.8261	-28.047
332	418	113	0.8198	-28.031
334	418	113	0.7845	-27.028
405	418	113	0.8069	-28.031
418	466	113	0.7857	28.031
418	515	113	0.8081	-28.031
329	334	113	0.8238	-1.020
332	334	113	0.786	-1.004
334	405	113	0.8132	1.004
322	329	113	0.8243	250.210
322	332	113	0.8652	250.194
322	405	113	0.8658	250.194
322	466	113	0.8123	250.194
204	329	113	0.7835	18.026
204	405	113	0.7921	18.010
239	466	113	0.8661	-28.031
329	466	113	0.9059	-0.016
332	466	113	0.8826	-0.000
405	466	113	0.9309	0.000
165	271	113	0.8118	18.010
239	271	113	0.7825	-26.016
271	332	113	0.7838	-2.016
239	405	113	0.8665	-28.032
329	405	113	0.9352	-0.016
332	405	113	0.9199	-0.000
239	332	113	0.863	-28.031
329	332	113	0.8873	-0.016
239	329	113	0.8873	-28.016
1725	1820	115	0.8521	-0.000
88	117	119	0.9432	-28.031
117	168	119	0.8729	-28.031
88	168	119	0.8557	-56.062
657	757	120	0.7193	-28.031
727	827	121	0.7992	-28.031
680	727	121	0.8053	-14.016
1	5	122	0.9284	-0.074
109	115	124	0.7387	2.016
121	172	124	0.7113	-73.089
109	121	124	0.7639	44.026
817	910	131	0.7125	-32.026
817	967	131	0.8017	-16.031
817	1012	131	0.7779	-32.026
817	1066	131	0.7725	-30.047
817	1657	131	0.8421	-37.979
817	1663	131	0.7667	18.083
981	1011	131	0.7089	-30.011
1450	1702	131	0.7665	-72.040
1536	1702	131	0.838	-92.993
1655	1702	131	0.7874	-72.041
1702	1816	131	0.7864	190.070
1657	1664	131	0.7458	112.125
1663	1664	131	0.8487	56.063
969	1541	131	0.8255	-113.123
1011	1541	131	0.7955	-97.128
1459	1541	131	0.8402	20.952
1533	1541	131	0.891	434.446
1539	1541	131	0.8388	42.044
1540	1541	131	0.8805	-1.023
1541	1542	131	0.7884	-28.028
1541	1694	131	0.8133	-77.200
393	1370	131	0.7481	-188.157
872	1657	131	0.7982	-35.964
967	1657	131	0.8001	-21.948
979	1657	131	0.8015	-35.964
1012	1657	131	0.7895	-5.953
1066	1657	131	0.7847	-7.932
1450	1657	131	0.811	112.126
1655	1657	131	0.8306	112.124
1657	1663	131	0.8721	56.063
872	1012	131	0.927	-30.011
910	1012	131	0.8523	0.000
967	1012	131	0.9387	-15.995
979	1012	131	0.9481	-30.011
1012	1066	131	0.9372	1.979
1012	1450	131	0.7901	-118.079
1012	1536	131	0.8418	-97.126
1012	1655	131	0.81	-118.077
872	873	131	0.9114	-17.027
872	910	131	0.8366	-30.011
872	967	131	0.9508	-14.016
872	979	131	0.9729	-0.000
872	980	131	0.9027	-17.027
872	1066	131	0.9469	-28.031
872	1536	131	0.8314	-127.136
872	1655	131	0.8134	-148.088
967	1450	131	0.767	-134.073
1450	1536	131	0.8506	20.953
1450	1655	131	0.9385	0.001
1450	1816	131	0.7557	118.030
910	1816	131	0.7048	-0.048
1066	1816	131	0.81	-2.027
1536	1816	131	0.8403	97.078
1655	1816	131	0.7786	118.029
969	1011	131	0.808	-15.995
969	1459	131	0.8343	-134.075
969	1694	131	0.7818	-190.323
873	979	131	0.8969	17.027
873	980	131	0.8581	0.000
873	1102	131	0.7453	-17.991
873	1542	131	0.7473	-183.198
1230	1232	131	0.9059	-45.059
910	979	131	0.8376	30.011
967	979	131	0.9562	14.016
979	980	131	0.9023	-17.027
979	1066	131	0.9497	-28.031
979	1536	131	0.8501	-127.136
979	1655	131	0.8221	-148.088
910	1011	131	0.7399	-45.059
1011	1459	131	0.7931	-118.080
1011	1694	131	0.855	-174.328
967	1655	131	0.8029	-134.072
1066	1655	131	0.8098	-120.057
1536	1655	131	0.8796	-20.952
1232	1539	131	0.8124	-111.140
1533	1539	131	0.9107	392.402
1539	1540	131	0.8294	43.067
1539	1542	131	0.9208	14.016
1533	1540	131	0.8759	435.469
1540	1542	131	0.7975	-29.051
910	1536	131	0.7592	-97.126
967	1536	131	0.8553	-113.121
1066	1536	131	0.8313	-99.105
1459	1694	131	0.8101	-56.248
393	1663	131	0.8873	-154.042
910	967	131	0.8432	15.995
910	1066	131	0.8593	1.979
967	1066	131	0.9499	-14.016
980	1102	131	0.7938	-17.991
1533	1542	131	0.8424	406.418
1860	1883	132	0.7011	-14.016
1883	1898	132	0.7112	-2.015
1885	1920	132	0.7166	-56.063
1898	1920	132	0.7448	-42.047
1905	1920	132	0.7135	-28.031
1885	1890	132	0.7183	-26.016
1890	1898	132	0.7784	12.000
1842	1872	132	0.7279	-42.047
1842	1885	132	0.74	-56.063
1842	1898	132	0.7028	-70.079
1857	1885	132	0.7748	-28.031
1860	1885	132	0.7375	-2.015
1872	1885	132	0.8098	-14.016
1885	1898	132	0.82	-14.016
1885	1905	132	0.7692	-28.032
1857	1872	132	0.714	-14.015
1857	1898	132	0.7232	-42.047
1872	1898	132	0.7856	-28.031
1898	1905	132	0.7726	-14.016
1905	1918	132	0.7118	-14.016
698	936	133	0.7384	31.990
1252	1323	134	0.9061	20.047
1323	1471	134	0.9455	-4.052
427	446	138	0.9571	0.000
987	1227	139	0.7805	-42.047
1150	1227	139	0.7605	-14.016
1227	1286	139	0.7291	-14.016
1227	1332	139	0.7185	-28.031
987	1286	139	0.7343	-56.063
987	1150	139	0.8378	-28.031
1062	1150	139	0.7046	-14.016
987	1062	139	0.8006	-14.015
1243	1259	141	0.7249	0.000
852	1357	142	0.7591	0.000
1132	1357	142	0.7869	0.000
852	1132	142	0.9205	0.000
1178	1281	156	0.7643	-2.016
1271	1326	159	0.9623	24.000
1271	1343	159	0.9561	23.945
1326	1343	159	0.9733	-0.055
1047	1343	159	0.9646	-56.055
371	389	164	0.9259	-0.019
288	371	164	0.8209	0.019
1734	1825	165	0.7008	-56.062
395	986	169	0.7095	-58.153
350	395	169	0.8959	-14.016
1306	1328	170	0.7903	-43.067
1307	1328	170	0.9178	0.000
1328	1354	170	0.8405	-0.001
1307	1354	170	0.8439	-0.001
1306	1307	170	0.7928	-43.067
1576	1577	172	0.8751	-0.997
1577	1578	172	0.7253	-1.000
1577	1714	172	0.7194	-74.019
1398	1449	178	0.8688	0.000
1744	1775	187	0.8139	-14.040
802	1035	188	0.8087	106.990
123	125	199	0.8159	39.994
505	526	200	0.8305	-26.016
505	590	200	0.8454	-28.031
505	598	200	0.8507	-28.031
590	598	200	0.858	-0.000
49	52	201	0.7749	-45.058
49	54	201	0.7628	-191.059
54	55	201	0.7782	-191.058
81	230	208	0.9896	0.000
3	299	210	0.8055	47.800
299	348	210	0.7544	0.000
624	1492	213	0.8893	-78.120
1785	1865	214	0.8002	-84.095
847	892	216	0.7268	0.000
1092	1212	219	0.9721	116.026
7	20	220	0.8086	-0.043
801	988	221	0.8591	-6.026
741	902	225	0.7438	-42.047
349	397	226	0.8876	-14.016
267	358	231	0.9271	-27.995
1456	1457	240	0.7895	1.003
1087	1144	242	0.8371	-0.050
15	351	243	0.7638	-198.235
214	221	246	0.8647	-0.019
1517	1525	248	0.842	-0.406
337	394	249	0.902	-2.016
154	259	252	0.9587	-0.000
196	259	252	0.8916	-0.000
154	196	252	0.891	-0.000
1287	1381	256	0.7529	-14.015
1710	1792	257	0.9519	0.001
818	977	263	0.8675	-122.259
783	818	263	0.8181	-2.897
652	659	266	0.8648	-0.125
1108	1145	268	0.9052	-26.018
525	636	273	0.737	-28.031
525	623	273	0.7697	-28.031
525	696	273	0.7271	-42.047
1526	1529	276	0.8353	-21.983
269	293	280	0.8271	-0.036
1547	1575	281	0.9096	-0.000
1532	1547	281	0.8844	0.967
1547	1769	281	0.8774	-0.002
1532	1769	281	0.8464	0.966
1532	1548	281	0.8873	-0.037
127	284	284	0.9202	-0.000
37	92	284	0.8087	-24.036
37	284	284	0.8185	-14.052
62	92	284	0.8131	13.977
58	67	287	0.8711	-14.016
58	183	287	0.7634	-4.070
522	786	295	0.7314	185.178
453	456	301	0.7098	12.000
940	1228	316	0.7007	-1.995
1422	1439	317	0.8642	87.069
1439	1441	317	0.8375	-1.003
417	656	323	0.8447	-257.199
1549	1583	334	0.7569	-0.000
156	237	346	0.8121	-28.031
237	246	346	0.8226	-63.068
461	464	347	0.7199	44.026
224	248	348	0.9383	118.954
100	134	353	0.8136	-15.995
98	262	358	0.8182	17.026
279	333	364	0.7421	187.264
1559	1562	366	1.0	-0.005
1776	1822	377	0.7099	0.000
1057	1426	390	0.8293	-180.692
1026	1782	404	0.7013	-126.140
324	366	407	0.853	-2.016
1192	1304	414	0.8407	21.982
1788	1802	419	0.7828	2.040
1787	1788	419	0.9147	-0.025
941	1629	431	0.7743	-112.125
776	1058	445	0.7736	-70.079
1058	1152	445	0.8109	-14.016
1383	1437	457	0.9082	-2.016
26	27	460	0.7422	-44.026
1191	1305	470	0.8393	21.984
130	139	499	0.8344	-2.016
