cluster index	parent mass	RTMean	ATTRIBUTE_treatment:GNPSGROUP:nan	ATTRIBUTE_treatment:GNPSGROUP:mock	ATTRIBUTE_treatment:GNPSGROUP:untreated	ATTRIBUTE_treatment:GNPSGROUP:PET	ATTRIBUTE_phase:GNPSGROUP:inf_1	ATTRIBUTE_phase:GNPSGROUP:inf_2	ATTRIBUTE_sample_name:GNPSGROUP:blank_inf_1	ATTRIBUTE_sample_name:GNPSGROUP:blank_inf_2	ATTRIBUTE_sample_name:GNPSGROUP:mock_inf_1	ATTRIBUTE_sample_name:GNPSGROUP:mock_inf_2	ATTRIBUTE_sample_name:GNPSGROUP:untreated_inf_1	ATTRIBUTE_sample_name:GNPSGROUP:untreated_inf_2	ATTRIBUTE_sample_name:GNPSGROUP:PET_inf_1	ATTRIBUTE_sample_name:GNPSGROUP:PET_inf_2
1	170.83215310156828	0.5085635	0	1032279.45	1224886.25	0	1007657.4	1100455.6666666667	843126.3	966881.5	851976.4	1212582.5	1327869.5	1121903.0	0	0
2	305.0783868246557	0.48040196	0	0.0	383134.35	0	0.0	255422.9	0.0	0.0	0.0	0.0	0.0	766268.7	0	0
3	219.844628679914	0.5014242	0	626128.225	549895.11	0	676642.5033333333	601148.2333333333	829282.6	652042.94	676405.25	575851.2	524239.66	575550.56	0	0
4	164.83499590039946	0.49663165	0	1141427.2650000001	394005.85	0	1158441.3333333333	501725.93	1546199.5	363436.06	1929124.5	353730.03	0.0	788011.7	0	0
5	255.82172553140987	0.50374293	0	2356350.5	2506685.5	0	2239296.6	2604912.7333333334	2254797.8	2551758.2	2124451.5	2588249.5	2338640.5	2674730.5	0	0
6	257.81868904975704	0.50374293	0	2281321.1500000004	2635303.5	0	2214252.1999999997	2641600.4	2195829.0	2538479.5	2074855.1	2487787.2	2372072.5	2898534.5	0	0
7	259.8157155105601	0.50374293	0	794925.655	839036.225	0	782575.1699999999	865677.1866666666	774114.25	902719.06	759471.06	830380.25	814140.2	863932.25	0	0
8	267.8582039531708	0.49565238	0	816239.28	755687.0	0	873779.62	766781.4333333332	952038.1	825792.5	948209.56	684269.0	721091.2	790282.8	0	0
9	269.8552236877972	0.49293935	0	836050.275	709292.3300000001	0	878233.64	729067.4166666666	982642.06	748575.9	931516.3	740584.25	720542.56	698042.1	0	0
10	153.86740329050755	0.49620914	0	2697570.5	8711595.6	0	1171916.0666666667	7479579.266666667	0.0	3136153.8	0.0	5395141.0	3515748.2	13907443.0	0	0
11	157.86164354715638	0.49685034	0	341451.22	1039467.26	0	215925.58	951801.1866666665	237972.12	503371.22	0.0	682902.44	409804.62	1669129.9	0	0
12	122.8927776836719	0.50866395	0	419789.45	0.0	0	316891.31666666665	130165.23333333334	501590.75	0.0	449083.2	390495.7	0.0	0.0	0	0
13	162.83795494886067	0.50086117	0	3916536.1	2293381.05	0	4064737.1999999997	2156080.033333333	4989919.0	1252698.4	6290843.0	1542229.2	913449.6	3673312.5	0	0
14	237.09076099822784	0.50105804	0	0.0	2565756.25	0	0.0	1710504.1666666667	0.0	0.0	0.0	0.0	0.0	5131512.5	0	0
15	163.8454679607616	0.50511557	0	547494.545	394091.93500000006	0	596851.6133333334	417977.85333333333	775484.06	385831.38	635598.75	459390.34	379472.03	408711.84	0	0
16	160.84089387203514	0.5035908	0	4247278.35	2554776.0	0	4410645.5	2401622.6	5407953.5	1424742.1	6755479.5	1739077.2	1068503.5	4041048.5	0	0
17	295.8892685086444	0.50319475	0	623646.89	547958.6599999999	0	641790.79	570413.3266666667	680567.0	612834.25	737460.25	509833.53	507345.12	588572.2	0	0
18	353.94891299540126	0.50153404	0	1583017.95	1459479.2	0	1590123.4333333333	1507997.5333333332	1675647.4	1533721.2	1855782.9	1310253.0	1238940.0	1680018.4	0	0
19	209.83299249321493	0.5174866	0	1051915.625	730156.475	0	1171586.6166666667	801969.35	1553459.6	803064.1	1258395.5	845435.75	702904.75	757408.2	0	0
20	207.8359447870413	0.5092684	0	3427350.85	2337937.0	0	3692996.733333333	2581594.4	4900514.5	2392683.2	3998033.2	2856668.5	2180442.5	2495431.5	0	0
21	197.8070911827246	0.51049185	0	23504006.0	18277533.5	0	20711697.666666668	22240932.666666668	23942950.0	21351862.0	22519654.0	24488358.0	15672489.0	20882578.0	0	0
22	199.8040609853853	0.51049185	0	10964191.5	8750684.75	0	9832096.166666666	10383619.666666666	11219969.0	9997426.0	10618478.0	11309905.0	7657841.5	9843528.0	0	0
23	125.87182894500992	0.5106129	0	1396134.05	886177.68	0	1479711.9866666666	972178.9333333332	1857481.8	933567.5	1724652.6	1067615.5	857001.56	915353.8	0	0
24	195.81020814230652	0.5120298	0	19406898.0	15212327.5	0	17245511.0	18373706.666666668	19870488.0	17748714.0	18689398.0	20124398.0	13176647.0	17248008.0	0	0
25	127.86891164977804	0.5218277	0	985061.55	608304.905	0	1033790.5500000002	673667.4533333334	1304666.1	630975.0	1240648.8	729474.3	556056.75	660553.06	0	0
26	162.8413294139712	0.5109691	0	312599.05	1032852.2	0	153918.30000000002	871855.71	0.0	386419.53	0.0	625198.1	461754.9	1603949.5	0	0
27	201.801114959438	0.5107559	0	2334729.5	1830455.75	0	2034658.5	2198451.5	2334558.0	2034401.5	2230964.5	2438494.5	1538453.0	2122458.5	0	0
28	193.8147844911598	0.5121202	0	1131766.65	952746.85	0	1037362.0333333333	1107023.4666666666	1153774.5	1110355.0	1112931.8	1150601.5	845379.8	1060113.9	0	0
29	167.83311895646338	0.52304614	0	237833.61	908326.915	0	140746.01	757485.1066666668	0.0	402372.3	0.0	475667.22	422238.03	1394415.8	0	0
30	205.83894135571683	0.51612484	0	3524288.75	2404898.1	0	3854422.9	2656506.5	5179139.0	2495275.5	4131577.5	2917000.0	2252552.2	2557244.0	0	0
31	137.8904704822836	0.51805377	0	0.0	622582.55	0	0.0	415055.0333333334	0.0	0.0	0.0	0.0	0.0	1245165.1	0	0
32	164.8382350403874	0.5095292	0	298188.875	1004567.6	0	139856.26666666666	854389.1233333334	0.0	377223.22	0.0	596377.75	419568.8	1589566.4	0	0
33	214.10767575026205	0.5184551	0	221255.125	0.0	0	0.0	147503.41666666666	0.0	0.0	0.0	442510.25	0.0	0.0	0	0
34	163.83917882528075	0.5210712	0	930470.135	2919836.65	0	658219.3233333334	2443778.433333333	290507.7	1314872.0	239162.47	1621777.8	1444987.8	4394685.5	0	0
35	167.0199643592922	0.52320457	0	0.0	0.0	0	0.0	0.0	0.0	0.0	0.0	0.0	0.0	0.0	0	0
36	132.89891451002916	0.53842354	0	140641.2	867485.4	0	0.0	672084.4	0.0	0.0	0.0	281282.4	0.0	1734970.8	0	0
37	166.83446813290024	0.52228886	0	145906.9	373557.9	0	0.0	346309.8666666667	0.0	0.0	0.0	291813.8	0.0	747115.8	0	0
38	351.9520704011218	0.5114655	0	1616403.0	1427123.0	0	1561861.4000000001	1498532.4666666668	1615836.8	1478292.8	1843845.4	1388960.6	1225902.0	1628344.0	0	0
39	234.81912036366012	0.53534555	0	0.0	228433.92	0	152289.28	155993.34333333335	0.0	467980.03	0.0	0.0	456867.84	0.0	0	0
40	165.83624744436102	0.5267666	0	748818.05	2774561.7	0	457090.39999999997	2289163.7	0.0	1192002.8	0.0	1497636.1	1371271.2	4177852.2	0	0
41	228.12331110707257	0.5268009	0	366337.8	119061.14	0	0.0	323599.29333333333	0.0	0.0	0.0	732675.6	0.0	238122.28	0	0
42	217.8647743679774	0.5515351	0	328334.53	125973.29	0	478141.85333333333	83982.19333333333	777756.5	0.0	656669.06	0.0	0.0	251946.58	0	0
43	215.8677284764764	0.53333646	0	736085.865	348593.19	0	836768.7666666666	384709.60333333333	1090027.5	405049.5	1074755.2	397416.53	345523.6	351662.78	0	0
44	240.1233910529236	0.5317444	0	830815.7	319114.47	0	0.0	920647.82	0.0	462083.12	0.0	1661631.4	0.0	638228.94	0	0
45	346.9546231723678	0.54815173	0	739499.75	197962.81	0	0.0	624975.04	0.0	0.0	0.0	1478999.5	0.0	395925.62	0	0
46	125.09582847072164	0.54985905	0	269752.5	0.0	0	0.0	179835.0	0.0	0.0	0.0	539505.0	0.0	0.0	0	0
47	172.09682496314716	0.55313236	0	2575672.0	410170.85	0	0.0	2192027.586666667	0.0	604397.06	0.0	5151344.0	0.0	820341.7	0	0
48	167.03387679173903	0.554746	0	0.0	0.0	0	0.0	0.0	0.0	0.0	0.0	0.0	0.0	0.0	0	0
49	190.05005618765247	0.554746	0	0.0	0.0	0	0.0	0.0	0.0	0.0	0.0	0.0	0.0	0.0	0	0
50	170.8321747487654	0.5584056	0	1366031.1	1254996.3	0	1350563.4666666666	1192272.8666666667	1210779.2	1175675.0	1534228.2	1197834.0	1306683.0	1203309.6	0	0
51	363.9778117163886	0.55977106	0	227585.69	0.0	0	295816.76	0.0	432278.9	0.0	455171.38	0.0	0.0	0.0	0	0
52	198.1127338966793	0.5675479	0	488365.44	0.0	0	91343.46	234233.5	0.0	0.0	274030.38	702700.5	0.0	0.0	0	0
53	305.0121718516479	0.5608673	0	343296.47	0.0	0	0.0	228864.31333333332	0.0	0.0	0.0	686592.94	0.0	0.0	0	0
54	186.11259412150653	0.56007206	0	11025444.53	2231176.19	0	561502.8533333334	9533502.666666666	270876.62	3500898.5	899321.06	21151568.0	514310.88	3948041.5	0	0
55	172.82930856096934	0.56948805	0	812795.47	744776.6699999999	0	854314.6266666666	699542.9666666667	848527.94	697900.56	917357.0	708233.94	797058.94	692494.4	0	0
56	168.8351753565592	0.5709224	0	907316.8999999999	789980.7	0	875782.1	791131.15	802431.3	803713.25	1020316.7	794317.1	804598.3	775363.1	0	0
57	361.98105534792296	0.5713314	0	355149.75	0.0	0	439750.73333333334	0.0	608952.7	0.0	710299.5	0.0	0.0	0.0	0	0
58	286.0384010060572	0.5719506	0	1004671.05	0.0	0	0.0	669780.7000000001	0.0	0.0	0.0	2009342.1	0.0	0.0	0	0
59	200.1283942622268	0.60121864	0	1511991.3699999999	200375.81	0	96704.31333333334	1147514.2666666666	0.0	307921.38	290112.94	2733869.8	0.0	400751.62	0	0
60	212.12849015562097	0.5864004	0	543283.55	115461.54	0	0.0	439163.39333333337	0.0	0.0	0.0	1086567.1	0.0	230923.08	0	0
61	333.11070444668286	0.58517146	0	598675.7	274204.97	0	581920.4466666667	0.0	0.0	0.0	1197351.4	0.0	548409.94	0.0	0	0
62	297.13389123150324	0.58915406	0	830798.4	756611.1	0	1058273.0	0.0	0.0	0.0	1661596.8	0.0	1513222.2	0.0	0	0
63	343.1394289594718	0.5897465	0	1285485.4	1147788.75	0	1721777.0666666664	0.0	298782.9	0.0	2570970.8	0.0	2295577.5	0.0	0	0
64	214.1441575614981	0.59868217	0	1506845.46	213090.64	0	115471.23999999999	1162370.336666667	0.0	393652.53	346413.72	2667277.2	0.0	426181.28	0	0
65	394.1996233817956	0.6105408	0	252943.985	0.0	0	168629.32333333333	0.0	0.0	0.0	505887.97	0.0	0.0	0.0	0	0
66	228.15980300466185	0.62716734	0	599865.31	0.0	0	84546.54	315363.6666666667	0.0	0.0	253639.62	946091.0	0.0	0.0	0	0
67	209.0845800027936	0.6331281	0	248997.81	0.0	0	165998.54	0.0	0.0	0.0	497995.62	0.0	0.0	0.0	0	0
68	362.2094441084545	0.6510184	0	769066.3	156315.53	0	723253.1666666666	0.0	318995.84	0.0	1538132.6	0.0	312631.06	0.0	0	0
69	404.2284989958901	0.65291584	0	550263.7	299273.4	0	566358.0666666667	0.0	0.0	0.0	1100527.4	0.0	598546.8	0.0	0	0
70	346.22327824337685	0.65537417	0	607563.25	292516.875	0	600053.4166666666	0.0	0.0	0.0	1215126.5	0.0	585033.75	0.0	0	0
71	378.20476658906136	0.65291584	0	607868.2	166716.67	0	516389.91333333333	0.0	0.0	0.0	1215736.4	0.0	333433.34	0.0	0	0
72	358.2235551200029	0.6910971	0	346691.44	0.0	0	112652.16666666667	118475.46	0.0	0.0	337956.5	355426.38	0.0	0.0	0	0
73	388.23393240330114	0.6773265	0	1522588.0	811731.5	0	1729138.4066666665	0.0	518776.22	0.0	3045176.0	0.0	1623463.0	0.0	0	0
74	328.21249356991075	0.6930312	0	528111.4	199482.25	0	485062.43333333335	0.0	0.0	0.0	1056222.8	0.0	398964.5	0.0	0	0
75	169.086003983187	0.6963039	0	180323.14	0.0	0	0.0	120215.42666666668	0.0	0.0	0.0	360646.28	0.0	0.0	0	0
76	314.19699803487947	0.6963039	0	183202.015	0.0	0	0.0	122134.67666666668	0.0	0.0	0.0	366404.03	0.0	0.0	0	0
77	386.2182421699586	0.71465814	0	785805.2	253059.25	0	692576.2999999999	0.0	0.0	0.0	1571610.4	0.0	506118.5	0.0	0	0
78	322.2019982733227	0.75196826	0	389246.22	143680.125	0	355284.23	0.0	0.0	0.0	778492.44	0.0	287360.25	0.0	0	0
79	340.21253800484067	0.7339362	0	581417.9	175302.56	0	504480.30666666664	0.0	0.0	0.0	1162835.8	0.0	350605.12	0.0	0	0
80	344.2077178919458	0.71465814	0	436815.05	195103.375	0	421278.95	0.0	0.0	0.0	873630.1	0.0	390206.75	0.0	0	0
81	360.1941041333242	0.7246754	0	351666.35	0.0	0	234444.2333333333	0.0	0.0	0.0	703332.7	0.0	0.0	0.0	0	0
82	376.1890848509727	0.7246754	0	536112.0	0.0	0	357408.0	0.0	0.0	0.0	1072224.0	0.0	0.0	0.0	0	0
83	377.27336440271387	0.7246754	0	425596.0	0.0	0	283730.6666666667	0.0	0.0	0.0	851192.0	0.0	0.0	0.0	0	0
84	393.25985977823785	0.7246754	0	334850.125	0.0	0	223233.41666666666	0.0	0.0	0.0	669700.25	0.0	0.0	0.0	0	0
85	396.2152119045615	0.7246754	0	278619.47	0.0	0	185746.31333333332	0.0	0.0	0.0	557238.94	0.0	0.0	0.0	0	0
86	403.2079589084716	0.71465814	0	500103.75	130315.805	0	420279.7033333333	0.0	0.0	0.0	1000207.5	0.0	260631.61	0.0	0	0
87	376.2703524355716	0.72500396	0	1937502.5	415101.25	0	1682756.9266666668	0.0	343063.28	0.0	3875005.0	0.0	830202.5	0.0	0	0
88	370.2233376537462	0.7321615	0	856921.2	447829.65	0	1012811.5566666666	0.0	428932.97	0.0	1713842.4	0.0	895659.3	0.0	0	0
89	404.2646467728646	0.73386633	0	264841.78	288782.125	0	369082.60333333333	0.0	0.0	0.0	529683.56	0.0	577564.25	0.0	0	0
90	324.2176254613421	0.7339362	0	447974.875	211601.39	0	439717.51	0.0	0.0	0.0	895949.75	0.0	423202.78	0.0	0	0
91	354.22837975915775	0.73949444	0	308848.05	168916.17	0	318509.48	0.0	0.0	0.0	617696.1	0.0	337832.34	0.0	0	0
92	388.2703040460264	0.7324492	0	0.0	186855.89	0	124570.59333333334	0.0	0.0	0.0	0.0	0.0	373711.78	0.0	0	0
93	358.2598246765402	0.7458886	0	1561377.1	664554.4	0	1697956.7666666666	0.0	642007.3	0.0	3122754.2	0.0	1329108.8	0.0	0	0
94	374.2545171269192	0.7633556	0	8949029.0	3904964.5	0	9208090.6	0.0	1916284.8	0.0	17898058.0	0.0	7809929.0	0.0	0	0
95	364.2258258879783	0.76806957	0	2486404.25	584487.9	0	2191159.533333333	0.0	431694.3	0.0	4972808.5	0.0	1168975.8	0.0	0	0
96	280.19143507922	0.7750484	0	391534.97	148199.67	0	359823.0933333333	0.0	0.0	0.0	783069.94	0.0	296399.34	0.0	0	0
97	391.1998572109981	0.7708355	0	342265.85	0.0	0	228177.2333333333	0.0	0.0	0.0	684531.7	0.0	0.0	0.0	0	0
98	326.23322160423686	0.7750484	0	356305.9	212628.9	0	379289.8666666667	0.0	0.0	0.0	712611.8	0.0	425257.8	0.0	0	0
99	375.2580644529323	0.76806957	0	1899206.0	814474.6	0	1940302.6066666667	0.0	393546.62	0.0	3798412.0	0.0	1628949.2	0.0	0	0
100	390.2494501044098	0.81275195	0	4788998.5	2513880.0	0	5076694.083333333	0.0	624325.25	0.0	9577997.0	0.0	5027760.0	0.0	0	0
101	407.2390464820535	0.813795	0	551837.1	246060.42	0	531931.68	0.0	0.0	0.0	1103674.2	0.0	492120.84	0.0	0	0
102	380.2204709560336	0.81393456	0	1714180.4	483561.6	0	1465161.3333333333	0.0	0.0	0.0	3428360.8	0.0	967123.2	0.0	0	0
103	172.82941833655224	0.8250289	0	427602.865	424347.0	0	533905.2766666667	365835.49666666664	719832.25	275490.34	535064.7	320141.03	346818.88	501875.12	0	0
104	168.83522846768273	0.8114608	0	471458.36	450142.13	0	585729.6866666666	373573.93	761412.9	273296.97	593956.1	348960.62	401820.06	498464.2	0	0
105	219.84479277266908	0.82170963	0	0.0	0.0	0	161034.04	0.0	483102.12	0.0	0.0	0.0	0.0	0.0	0	0
106	170.83222325369653	0.81169826	0	748757.6499999999	668752.525	0	884873.9500000001	581223.1666666666	1141579.0	421692.0	935559.1	561956.2	577483.75	760021.3	0	0
107	346.21468325022573	0.82339424	0	1294679.25	313724.375	0	1231977.0433333332	0.0	479123.88	0.0	2589358.5	0.0	627448.75	0.0	0	0
108	401.2286090393952	0.8453635	0	281140.72	141986.85	0	282085.04666666663	0.0	0.0	0.0	562281.44	0.0	283973.7	0.0	0	0
109	356.2440673932608	0.829513	0	6088823.0	2396686.75	0	6327831.899999999	0.0	2012476.2	0.0	12177646.0	0.0	4793373.5	0.0	0	0
110	342.22816288250215	0.8323336	0	1977344.6	343544.7	0	983959.7999999999	563299.7333333333	0.0	0.0	2264790.0	1689899.2	687089.4	0.0	0	0
111	125.87187438377228	0.8331616	0	0.0	0.0	0	141216.08333333334	0.0	423648.25	0.0	0.0	0.0	0.0	0.0	0	0
112	160.8409736629776	0.8331616	0	0.0	0.0	0	215256.2666666667	0.0	645768.8	0.0	0.0	0.0	0.0	0.0	0	0
113	162.83797229776133	0.8185932	0	240502.9	0.0	0	379078.06666666665	0.0	656228.4	0.0	481005.8	0.0	0.0	0.0	0	0
114	205.8390335909829	0.7774529	0	273223.1	156500.08	0	372746.8	104333.38666666666	571794.2	0.0	546446.2	0.0	0.0	313000.16	0	0
115	207.8360518446168	0.7914875	0	256949.265	162295.53	0	360558.5933333333	108197.02	567777.25	0.0	513898.53	0.0	0.0	324591.06	0	0
116	215.8678022493277	0.8185932	0	196220.67	0.0	0	387136.28	0.0	768967.5	0.0	392441.34	0.0	0.0	0.0	0	0
117	361.98115913103936	0.8331616	0	0.0	0.0	0	216325.33333333334	0.0	648976.0	0.0	0.0	0.0	0.0	0.0	0	0
118	363.9779563460245	0.8331616	0	0.0	0.0	0	156767.76	0.0	470303.28	0.0	0.0	0.0	0.0	0.0	0	0
119	372.0098149754269	0.8331616	0	0.0	0.0	0	127802.36666666665	0.0	383407.1	0.0	0.0	0.0	0.0	0.0	0	0
120	481.1086330452209	0.83479834	0	274954.03	0.0	0	295783.76	0.0	337443.22	0.0	549908.06	0.0	0.0	0.0	0	0
121	343.23156192396	0.83148354	0	419467.31	0.0	0	168005.18666666668	111639.68666666666	0.0	0.0	504015.56	334919.06	0.0	0.0	0	0
122	372.2388899232886	0.85925967	0	5429132.5	2597598.5	0	5771401.033333334	0.0	1260741.1	0.0	10858265.0	0.0	5195197.0	0.0	0	0
123	362.2099914796319	0.86042804	0	1764464.75	429310.28	0	1568852.1533333333	0.0	319006.4	0.0	3528929.5	0.0	858620.56	0.0	0	0
124	373.2432533463356	0.8682435	0	983636.6	478416.78	0	974702.2533333333	0.0	0.0	0.0	1967273.2	0.0	956833.56	0.0	0	0
125	364.2072408131244	0.8722205	0	547774.45	149397.56	0	464781.34	0.0	0.0	0.0	1095548.9	0.0	298795.12	0.0	0	0
126	543.3652695969884	0.871491	0	244937.875	0.0	0	163291.91666666666	0.0	0.0	0.0	489875.75	0.0	0.0	0.0	0	0
127	389.2283555899167	0.883358	0	647230.8	262884.3	0	606743.4	0.0	0.0	0.0	1294461.6	0.0	525768.6	0.0	0	0
128	290.2122675323976	0.884959	0	452438.28	175794.06	0	418821.56000000006	0.0	0.0	0.0	904876.56	0.0	351588.12	0.0	0	0
129	265.1477558159771	0.9288542	0	0.0	0.0	0	200191.69999999998	0.0	600575.1	0.0	0.0	0.0	0.0	0.0	0	0
130	360.2753812711779	0.9395258	0	2305271.5	838741.25	0	2335815.6333333333	0.0	719421.4	0.0	4610543.0	0.0	1677482.5	0.0	0	0
131	350.2464251147032	0.9406468	0	565820.5	0.0	0	377213.6666666667	0.0	0.0	0.0	1131641.0	0.0	0.0	0.0	0	0
132	361.2787550787167	0.9361857	0	470638.6	175043.485	0	430454.7233333333	0.0	0.0	0.0	941277.2	0.0	350086.97	0.0	0	0
133	377.2742599728638	0.99206764	0	288682.55	352956.875	0	427759.6166666667	0.0	0.0	0.0	577365.1	0.0	705913.75	0.0	0	0
134	366.2412699007974	0.98100835	0	487799.0	225605.19	0	475602.7933333333	0.0	0.0	0.0	975598.0	0.0	451210.38	0.0	0	0
135	376.27017745699726	0.98709315	0	1678600.25	1710514.25	0	2425548.3733333335	0.0	498416.12	0.0	3357200.5	0.0	3421028.5	0.0	0	0
136	330.2281947047516	0.98799926	0	387977.8	394640.95	0	608415.37	0.0	260008.61	0.0	775955.6	0.0	789281.9	0.0	0	0
137	557.3806881890401	0.9961714	0	190994.75	0.0	0	127329.83333333333	0.0	0.0	0.0	381989.5	0.0	0.0	0.0	0	0
138	459.2022373525388	1.0173892	0	122365.945	181831.375	0	202798.21333333335	0.0	0.0	0.0	244731.89	0.0	363662.75	0.0	0	0
139	570.1196893751825	1.0177326	0	0.0	200677.69	0	133785.12666666668	0.0	0.0	0.0	0.0	0.0	401355.38	0.0	0	0
140	311.2222823910661	1.0154028	0	380478.03	154720.47	0	356799.0	0.0	0.0	0.0	760956.06	0.0	309440.94	0.0	0	0
141	513.1218177428029	1.0177326	0	0.0	189352.58	0	126235.05333333333	0.0	0.0	0.0	0.0	0.0	378705.16	0.0	0	0
142	308.22276935850886	1.0282528	0	4374725.0	1719662.75	0	4411021.866666666	0.0	1044290.1	0.0	8749450.0	0.0	3439325.5	0.0	0	0
143	371.2184014357026	1.0293032	0	1130793.1	224080.36	0	1034869.4333333332	0.0	394861.38	0.0	2261586.2	0.0	448160.72	0.0	0	0
144	344.1993728830032	1.0314983	0	1418175.0	266940.7	0	1282933.9	0.0	478570.3	0.0	2836350.0	0.0	533881.4	0.0	0	0
145	354.2284121886205	1.0314983	0	2945830.5	963803.1	0	2841999.8166666664	0.0	706732.25	0.0	5891661.0	0.0	1927606.2	0.0	0	0
146	239.12824252377663	1.0238049	0	208494.485	220600.125	0	395578.3666666667	0.0	328545.88	0.0	416988.97	0.0	441200.25	0.0	0	0
147	374.25455602550073	1.034531	0	2948097.0	1311199.75	0	3058834.6466666665	0.0	657910.44	0.0	5896194.0	0.0	2622399.5	0.0	0	0
148	375.2584651010968	1.0378611	0	591149.45	260650.42	0	567866.58	0.0	0.0	0.0	1182298.9	0.0	521300.84	0.0	0	0
149	525.3542300574153	1.0429357	0	212089.39	0.0	0	141392.92666666667	0.0	0.0	0.0	424178.78	0.0	0.0	0.0	0	0
150	586.4143455440376	1.0429357	0	244820.8	0.0	0	163213.86666666667	0.0	0.0	0.0	489641.6	0.0	0.0	0.0	0	0
151	348.2304549360689	1.0654896	0	330618.9	0.0	0	220412.6	0.0	0.0	0.0	661237.8	0.0	0.0	0.0	0	0
152	359.2630664306637	1.0699837	0	371622.35	204257.42	0	383919.8466666667	0.0	0.0	0.0	743244.7	0.0	408514.84	0.0	0	0
153	364.22581698713685	1.0632359	0	618215.7	149508.61	0	511816.2066666666	0.0	0.0	0.0	1236431.4	0.0	299017.22	0.0	0	0
154	529.3859445425506	1.0654896	0	292323.47	0.0	0	194882.31333333332	0.0	0.0	0.0	584646.94	0.0	0.0	0.0	0	0
155	546.3760758124665	1.0654896	0	183179.485	0.0	0	122119.65666666666	0.0	0.0	0.0	366358.97	0.0	0.0	0.0	0	0
156	358.25969271674984	1.0722535	0	1752189.4	904825.8	0	2034380.2	0.0	789110.2	0.0	3504378.8	0.0	1809651.6	0.0	0	0
157	515.3699517539607	1.1110764	0	0.0	0.0	0	138563.88666666666	0.0	415691.66	0.0	0.0	0.0	0.0	0.0	0	0
158	547.3518128898972	1.1127894	0	177658.75	0.0	0	118439.16666666667	0.0	0.0	0.0	355317.5	0.0	0.0	0.0	0	0
159	574.3707726734783	1.1127894	0	337721.6	0.0	0	225147.7333333333	0.0	0.0	0.0	675443.2	0.0	0.0	0.0	0	0
160	511.3748478789964	1.1406621	0	187107.735	0.0	0	124738.48999999999	0.0	0.0	0.0	374215.47	0.0	0.0	0.0	0	0
161	356.2441982308057	1.1129824	0	409826.05	379333.875	0	650394.1566666666	0.0	372862.62	0.0	819652.1	0.0	758667.75	0.0	0	0
162	225.89667878011647	1.1574467	0	0.0	0.0	0	104796.96666666667	0.0	314390.9	0.0	0.0	0.0	0.0	0.0	0	0
163	470.34841989163823	1.2002221	0	174580.235	0.0	0	116386.82333333332	0.0	0.0	0.0	349160.47	0.0	0.0	0.0	0	0
164	312.25409608874423	1.2236344	0	175103.25	0.0	0	116735.5	0.0	0.0	0.0	350206.5	0.0	0.0	0.0	0	0
165	342.26460310801303	1.2334555	0	187542.765	142242.64	0	219856.93666666668	0.0	0.0	0.0	375085.53	0.0	284485.28	0.0	0	0
166	571.3964377377557	1.2412472	0	174883.42	140377.515	0	210173.9566666667	0.0	0.0	0.0	349766.84	0.0	280755.03	0.0	0	0
167	588.3866578361985	1.2236344	0	328590.45	0.0	0	219060.30000000002	0.0	0.0	0.0	657180.9	0.0	0.0	0.0	0	0
168	546.3759001139919	1.2237087	0	0.0	0.0	0	535142.3666666667	0.0	1605427.1	0.0	0.0	0.0	0.0	0.0	0	0
169	519.3568749991796	1.2288547	0	0.0	0.0	0	211491.7666666667	0.0	634475.3	0.0	0.0	0.0	0.0	0.0	0	0
170	529.3856808117823	1.2408983	0	0.0	0.0	0	946819.8333333334	0.0	2840459.5	0.0	0.0	0.0	0.0	0.0	0	0
171	396.1843908196559	1.2923884	0	125217.415	175968.03	0	200790.29666666666	0.0	0.0	0.0	250434.83	0.0	351936.06	0.0	0	0
172	385.2341076239836	1.3111467	0	135722.03	176110.75	0	207888.52000000002	0.0	0.0	0.0	271444.06	0.0	352221.5	0.0	0	0
173	375.2487928254401	1.294329	0	393755.22	196130.53	0	393257.1666666667	0.0	0.0	0.0	787510.44	0.0	392261.06	0.0	0	0
174	324.2177142562724	1.2951818	0	185610.56	0.0	0	123740.37333333334	0.0	0.0	0.0	371221.12	0.0	0.0	0.0	0	0
175	309.20672804317155	1.2979655	0	379585.55	146207.61	0	350528.77333333326	0.0	0.0	0.0	759171.1	0.0	292415.22	0.0	0	0
176	358.25968021196104	1.3085091	0	11531047.0	9521966.0	0	15974856.833333334	0.0	5818544.5	0.0	23062094.0	0.0	19043932.0	0.0	0	0
177	348.23082033365984	1.3096409	0	3649114.5	1480480.4	0	3848041.533333333	0.0	1284934.8	0.0	7298229.0	0.0	2960960.8	0.0	0	0
178	235.925496666858	1.3247542	0	220663.265	0.0	0	238143.91	0.0	273105.2	0.0	441326.53	0.0	0.0	0.0	0	0
179	590.4457375562057	1.3205321	0	223517.94	116784.905	0	226868.56333333332	0.0	0.0	0.0	447035.88	0.0	233569.81	0.0	0	0
180	604.4615924770048	1.3175796	0	165255.67	0.0	0	110170.44666666667	0.0	0.0	0.0	330511.34	0.0	0.0	0.0	0	0
181	351.2311859358322	1.328817	0	245369.06	0.0	0	163579.37333333332	0.0	0.0	0.0	490738.12	0.0	0.0	0.0	0	0
182	374.2907560271776	1.328817	0	155664.03	0.0	0	103776.02	0.0	0.0	0.0	311328.06	0.0	0.0	0.0	0	0
183	484.36399512000446	1.328817	0	780015.3	0.0	0	520010.2	0.0	0.0	0.0	1560030.6	0.0	0.0	0.0	0	0
184	493.1532579881768	1.328817	0	212310.125	0.0	0	141540.08333333334	0.0	0.0	0.0	424620.25	0.0	0.0	0.0	0	0
185	294.243331498158	1.3335538	0	335774.28	234916.94	0	380460.8133333333	0.0	0.0	0.0	671548.56	0.0	469833.88	0.0	0	0
186	412.1791938597016	1.3382906	0	0.0	221653.89	0	147769.26	0.0	0.0	0.0	0.0	0.0	443307.78	0.0	0	0
187	390.24971697285446	1.3400877	0	166505.7	0.0	0	111003.8	0.0	0.0	0.0	333011.4	0.0	0.0	0.0	0	0
188	172.82941045788036	1.2994909	0	149136.95	127055.1	0	225734.45666666667	84703.40000000001	378929.47	0.0	298273.9	0.0	0.0	254110.2	0	0
189	389.2155147842364	1.3770108	0	643589.8	117110.49	0	507133.5266666667	0.0	0.0	0.0	1287179.6	0.0	234220.98	0.0	0	0
190	497.3595900386507	1.4990116	0	237219.33	0.0	0	158146.22	0.0	0.0	0.0	474438.66	0.0	0.0	0.0	0	0
191	378.2415670959847	1.5455606	0	330684.25	143145.235	0	315886.3233333333	0.0	0.0	0.0	661368.5	0.0	286290.47	0.0	0	0
192	395.23158398710063	1.5490925	0	164378.89	0.0	0	109585.92666666668	0.0	0.0	0.0	328757.78	0.0	0.0	0.0	0	0
193	405.2604090720898	1.5490925	0	378514.47	0.0	0	252342.97999999998	0.0	0.0	0.0	757028.94	0.0	0.0	0.0	0	0
194	422.2507168905215	1.5490925	0	190590.56	0.0	0	127060.37333333334	0.0	0.0	0.0	381181.12	0.0	0.0	0.0	0	0
195	221.15407633226744	1.6027515	0	0.0	233451.58	0	155634.38666666666	0.0	0.0	0.0	0.0	0.0	466903.16	0.0	0	0
196	403.2310707419795	1.657423	0	176043.85	0.0	0	117362.56666666667	0.0	0.0	0.0	352087.7	0.0	0.0	0.0	0	0
197	511.3750362602444	1.7194084	0	572351.5	248113.28	0	546976.52	0.0	0.0	0.0	1144703.0	0.0	496226.56	0.0	0	0
198	528.3656431005081	1.7219955	0	315678.97	0.0	0	210452.64666666664	0.0	0.0	0.0	631357.94	0.0	0.0	0.0	0	0
199	328.0981693003979	1.7618765	0	263909.25	0.0	0	175939.5	0.0	0.0	0.0	527818.5	0.0	0.0	0.0	0	0
200	295.22755069183296	1.8166113	0	273480.97	146660.44	0	361650.8933333333	0.0	244669.86	0.0	546961.94	0.0	293320.88	0.0	0	0
201	701.4971595950933	2.163629	0	151027.985	234598.985	0	257084.64666666664	0.0	0.0	0.0	302055.97	0.0	469197.97	0.0	0	0
202	685.5021821800891	2.163629	0	136282.08	175372.875	0	207769.96999999997	0.0	0.0	0.0	272564.16	0.0	350745.75	0.0	0	0
203	297.2431753556417	2.330882	0	207465.15	158085.515	0	336886.87666666665	0.0	279559.3	0.0	414930.3	0.0	316171.03	0.0	0	0
204	431.2622361009194	2.3402045	0	118442.115	0.0	0	180251.89	0.0	303871.44	0.0	236884.23	0.0	0.0	0.0	0	0
205	457.2781281526151	2.3511086	0	300933.65	163357.86	0	572834.9066666666	0.0	789921.7	0.0	601867.3	0.0	326715.72	0.0	0	0
206	684.482746039675	2.3559973	0	162399.05	0.0	0	108266.03333333333	0.0	0.0	0.0	324798.1	0.0	0.0	0.0	0	0
207	520.2734947348358	2.3576608	0	0.0	0.0	0	0.0	0.0	0.0	0.0	0.0	0.0	0.0	0.0	0	0
208	356.12971116390065	2.4920106	0	295155.15	0.0	0	273914.3066666667	0.0	231432.62	0.0	590310.3	0.0	0.0	0.0	0	0
209	445.27802453018	2.596619	0	335592.28	117230.55	0	434177.16666666674	0.0	396885.84	0.0	671184.56	0.0	234461.1	0.0	0	0
210	457.27813404401854	2.597039	0	225966.55	0.0	0	236627.25666666668	0.0	257948.67	0.0	451933.1	0.0	0.0	0.0	0	0
211	297.24299907311587	2.8768356	0	304669.95	303632.3	0	535261.2933333333	0.0	389179.38	0.0	609339.9	0.0	607264.6	0.0	0	0
212	445.2779268000758	2.8795736	0	1163771.6	382054.85	0	1587679.2666666666	0.0	1671384.9	0.0	2327543.2	0.0	764109.7	0.0	0	0
213	457.2783715429501	2.8795736	0	633354.8	230696.55	0	914893.3166666668	0.0	1016577.25	0.0	1266709.6	0.0	461393.1	0.0	0	0
214	454.3540948034922	2.8826387	0	487468.4	347671.97	0	556760.2466666667	0.0	0.0	0.0	974936.8	0.0	695343.94	0.0	0	0
215	466.3527663672664	2.879781	0	504886.05	312634.05	0	661685.4933333333	0.0	350016.28	0.0	1009772.1	0.0	625268.1	0.0	0	0
216	578.1215301850442	2.8848467	0	0.0	0.0	0	0.0	0.0	0.0	0.0	0.0	0.0	0.0	0.0	0	0
217	129.9350448515252	2.8878388	0	182296.235	139959.2	0	335624.36333333334	0.0	362362.22	0.0	364592.47	0.0	279918.4	0.0	0	0
218	294.17870371406883	2.896294	0	170828.97	168518.72	0	333681.22000000003	0.0	322348.28	0.0	341657.94	0.0	337037.44	0.0	0	0
219	265.1477104036209	2.9000506	0	216815.22	175330.58	0	385693.12666666665	0.0	372787.78	0.0	433630.44	0.0	350661.16	0.0	0	0
220	471.2932527119229	2.8915787	0	410025.03	128741.14	0	543181.9266666666	0.0	552013.44	0.0	820050.06	0.0	257482.28	0.0	0	0
221	667.4903610460755	2.8935015	0	240132.235	269211.03	0	473744.9166666667	0.0	402548.22	0.0	480264.47	0.0	538422.06	0.0	0	0
222	685.501170753369	2.8911304	0	584550.75	339831.05	0	616254.5333333333	0.0	0.0	0.0	1169101.5	0.0	679662.1	0.0	0	0
223	333.2464626039265	2.8915787	0	313516.2	284714.5	0	634941.7000000001	0.0	708363.7	0.0	627032.4	0.0	569429.0	0.0	0	0
224	459.2936259423864	2.8935225	0	40593995.0	15763961.0	0	58375460.0	0.0	62410468.0	0.0	81187990.0	0.0	31527922.0	0.0	0	0
225	358.25956010051976	2.896447	0	166062.6	209646.65	0	368471.62666666665	0.0	353996.38	0.0	332125.2	0.0	419293.3	0.0	0	0
226	669.506137703928	2.8964226	0	324170.625	297764.35	0	525375.1833333332	0.0	332255.6	0.0	648341.25	0.0	595528.7	0.0	0	0
227	462.29067181199497	2.9028058	0	453123.22	187266.25	0	626443.7933333333	0.0	598552.44	0.0	906246.44	0.0	374532.5	0.0	0	0
228	585.3314178560952	2.8985748	0	476354.47	453316.7	0	980326.58	0.0	1081637.4	0.0	952708.94	0.0	906633.4	0.0	0	0
229	683.4853593351527	2.8937168	0	219719.61	243806.55	0	309017.44	0.0	0.0	0.0	439439.22	0.0	487613.1	0.0	0	0
230	437.2575772128236	2.9013438	0	303817.05	233409.61	0	555711.14	0.0	592680.1	0.0	607634.1	0.0	466819.22	0.0	0	0
231	497.2425317711612	2.9028192	0	180404.64	167106.375	0	351721.4566666667	0.0	360142.34	0.0	360809.28	0.0	334212.75	0.0	0	0
232	380.1895882803283	2.9026082	0	0.0	213569.485	0	269010.75	0.0	379893.28	0.0	0.0	0.0	427138.97	0.0	0	0
233	395.2434568070962	2.9189277	0	257480.875	429596.25	0	619864.9833333333	0.0	485440.7	0.0	514961.75	0.0	859192.5	0.0	0	0
234	370.1448848383646	2.9279897	0	299010.75	139224.56	0	292156.87333333335	0.0	0.0	0.0	598021.5	0.0	278449.12	0.0	0	0
235	327.23253300695217	2.9479148	0	0.0	242801.08	0	161867.38666666666	0.0	0.0	0.0	0.0	0.0	485602.16	0.0	0	0
236	514.3863932027793	2.985876	0	212520.36	0.0	0	141680.24	0.0	0.0	0.0	425040.72	0.0	0.0	0.0	0	0
237	497.3960830570248	2.9946616	0	210806.61	0.0	0	140537.74	0.0	0.0	0.0	421613.22	0.0	0.0	0.0	0	0
238	512.4148632798446	3.2437432	0	215725.81	0.0	0	143817.20666666667	0.0	0.0	0.0	431451.62	0.0	0.0	0.0	0	0
239	528.401905757255	3.240809	0	477919.53	143996.03	0	414610.37333333335	0.0	0.0	0.0	955839.06	0.0	287992.06	0.0	0	0
240	511.4115380200008	3.2436488	0	681675.3	315553.625	0	753260.5966666667	0.0	265323.94	0.0	1363350.6	0.0	631107.25	0.0	0	0
241	669.5071270693707	3.3722208	0	225125.985	159369.39	0	256330.25	0.0	0.0	0.0	450251.97	0.0	318738.78	0.0	0	0
242	686.4977714615388	3.392594	0	207658.55	0.0	0	138439.03333333333	0.0	0.0	0.0	415317.1	0.0	0.0	0.0	0	0
243	385.163106735801	3.4100652	0	302229.72	228534.17	0	585482.6266666666	0.0	694920.1	0.0	604459.44	0.0	457068.34	0.0	0	0
244	594.395918562669	3.412563	0	396070.45	260965.83	0	599152.7866666667	0.0	483385.8	0.0	792140.9	0.0	521931.66	0.0	0	0
245	374.1320804645062	3.411749	0	255761.2	155950.75	0	455762.0666666667	0.0	543862.3	0.0	511522.4	0.0	311901.5	0.0	0	0
246	473.3092231108225	3.4159718	0	179899.735	0.0	0	119933.15666666666	0.0	0.0	0.0	359799.47	0.0	0.0	0.0	0	0
247	410.3639287205575	3.4539952	0	547558.95	159881.235	0	471626.79	0.0	0.0	0.0	1095117.9	0.0	319762.47	0.0	0	0
248	381.1738253073897	3.7172565	0	207144.375	247438.92	0	427820.02	0.0	374293.47	0.0	414288.75	0.0	494877.84	0.0	0	0
249	410.1765610543704	3.7204642	0	308841.75	204338.8	0	528565.2000000001	0.0	559334.5	0.0	617683.5	0.0	408677.6	0.0	0	0
250	655.4220492298773	3.7294712	0	789547.1	763492.95	0	1400153.5666666667	0.0	1094380.6	0.0	1579094.2	0.0	1526985.9	0.0	0	0
251	718.4179670083142	3.7294712	0	230968.4	176130.28	0	364611.6533333333	0.0	279637.6	0.0	461936.8	0.0	352260.56	0.0	0	0
252	701.4277102414494	3.7297175	0	257076.03	247314.33	0	444151.9466666666	0.0	323675.12	0.0	514152.06	0.0	494628.66	0.0	0	0
253	691.3988547574984	3.7294712	0	177421.2	129419.78	0	290374.01333333337	0.0	257440.08	0.0	354842.4	0.0	258839.56	0.0	0	0
254	333.22859819532925	3.977354	0	0.0	0.0	0	130538.08333333333	0.0	391614.25	0.0	0.0	0.0	0.0	0.0	0	0
255	379.23422108474153	3.977354	0	0.0	0.0	0	283598.2	0.0	850794.6	0.0	0.0	0.0	0.0	0.0	0	0
256	396.2180557252384	4.1049886	0	419427.19999999995	343649.5	0	430848.14999999997	329179.4733333333	393854.03	360075.44	514067.8	324786.6	384622.62	302676.38	0	0
257	412.1922361321949	4.4205613	0	755713.4400000001	524951.45	0	1176180.0666666667	93436.26000000001	1247519.2	0.0	1231118.1	280308.78	1049902.9	0.0	0	0
258	384.19179613164994	4.4228334	0	264510.47	430779.95	0	600163.6533333333	0.0	409910.12	0.0	529020.94	0.0	861559.9	0.0	0	0
259	865.5037955845047	5.094141	0	0.0	119604.655	0	79736.43666666666	0.0	0.0	0.0	0.0	0.0	239209.31	0.0	0	0
260	815.5542252077671	5.4449024	0	0.0	181179.36	0	120786.23999999999	0.0	0.0	0.0	0.0	0.0	362358.72	0.0	0	0
261	747.5668751108718	5.44635	0	0.0	3456092.69	0	2196871.5	107190.29333333333	0.0	0.0	0.0	0.0	6590614.5	321570.88	0	0
262	749.5823009660355	5.7002892	0	0.0	757890.55	0	505260.3666666667	0.0	0.0	0.0	0.0	0.0	1515781.1	0.0	0	0
263	824.5461596562998	5.99516	0	0.0	250724.015	0	167149.34333333335	0.0	0.0	0.0	0.0	0.0	501448.03	0.0	0	0
264	585.4352384399119	6.0985317	0	224872.36	209198.89	0	391999.76	0.0	307856.78	0.0	449744.72	0.0	418397.78	0.0	0	0
265	635.3089920120588	6.11435	0	0.0	267206.97	0	178137.97999999998	0.0	0.0	0.0	0.0	0.0	534413.94	0.0	0	0
266	744.5641030185672	6.1249247	0	0.0	133320.0	0	88880.0	0.0	0.0	0.0	0.0	0.0	266640.0	0.0	0	0
267	885.5512005035589	6.1390176	0	0.0	469629.26999999996	0	88162.36666666665	224923.81333333332	0.0	0.0	0.0	0.0	264487.1	674771.44	0	0
268	850.5617840313876	6.1916733	0	0.0	0.0	0	0.0	0.0	0.0	0.0	0.0	0.0	0.0	0.0	0	0
269	720.4984217683616	6.2792473	0	0.0	281769.78	0	187846.52000000002	0.0	0.0	0.0	0.0	0.0	563539.56	0.0	0	0
270	762.5088668920682	6.2901583	0	0.0	278135.03	0	185423.35333333336	0.0	0.0	0.0	0.0	0.0	556270.06	0.0	0	0
271	775.5981305875814	6.294877	0	0.0	200507.69	0	133671.79333333333	0.0	0.0	0.0	0.0	0.0	401015.38	0.0	0	0
272	850.5615378217162	6.3266973	0	0.0	267561.8	0	178374.53333333333	0.0	0.0	0.0	0.0	0.0	535123.6	0.0	0	0
273	655.4223924228153	6.357667	0	252438.31	289914.65	0	469824.63999999996	0.0	324768.0	0.0	504876.62	0.0	579829.3	0.0	0	0
274	776.5459556864914	6.362044	0	0.0	379553.1	0	253035.4	0.0	0.0	0.0	0.0	0.0	759106.2	0.0	0	0
275	738.5090344773994	6.4468775	0	0.0	441607.05	0	294404.7	0.0	0.0	0.0	0.0	0.0	883214.1	0.0	0	0
276	746.513904400628	6.455914	0	0.0	175503.19	0	117002.12666666666	0.0	0.0	0.0	0.0	0.0	351006.38	0.0	0	0
277	788.524369413109	6.4728255	0	0.0	0.0	0	0.0	0.0	0.0	0.0	0.0	0.0	0.0	0.0	0	0
278	764.5482691567862	6.4814215	0	0.0	305630.97	0	203753.97999999998	0.0	0.0	0.0	0.0	0.0	611261.94	0.0	0	0
279	826.5613531311056	6.4865847	0	0.0	3428035.0	0	2285356.6666666665	0.0	0.0	0.0	0.0	0.0	6856070.0	0.0	0	0
280	802.5614921349338	6.523322	0	0.0	315052.4	0	210034.93333333335	0.0	0.0	0.0	0.0	0.0	630104.8	0.0	0	0
281	852.5770257804797	6.5514717	0	0.0	413474.25	0	275649.5	0.0	0.0	0.0	0.0	0.0	826948.5	0.0	0	0
282	746.5141179438083	6.6064954	0	0.0	815232.4	0	543488.2666666667	0.0	0.0	0.0	0.0	0.0	1630464.8	0.0	0	0
283	852.5770487855557	6.6699076	0	0.0	588973.0	0	392648.6666666667	0.0	0.0	0.0	0.0	0.0	1177946.0	0.0	0	0
284	764.5235631591465	6.6842375	0	0.0	219334.95	0	146223.30000000002	0.0	0.0	0.0	0.0	0.0	438669.9	0.0	0	0
285	790.5624208068812	6.69845	0	0.0	157752.42	0	105168.28000000001	0.0	0.0	0.0	0.0	0.0	315504.84	0.0	0	0
286	788.5459933733515	6.7051816	0	0.0	331034.54500000004	0	119796.18666666666	100893.51000000001	0.0	0.0	0.0	0.0	359388.56	302680.53	0	0
287	754.5401698449322	6.719138	0	0.0	188873.25	0	125915.5	0.0	0.0	0.0	0.0	0.0	377746.5	0.0	0	0
288	987.6214687900738	6.754078	0	158915.7	199854.53	0	239180.15333333332	0.0	0.0	0.0	317831.4	0.0	399709.06	0.0	0	0
289	828.5771568372935	6.756595	0	0.0	226942.69	0	151295.12666666668	0.0	0.0	0.0	0.0	0.0	453885.38	0.0	0	0
290	790.5011241301657	6.764889	0	0.0	183934.5	0	122623.0	0.0	0.0	0.0	0.0	0.0	367869.0	0.0	0	0
291	722.5139622434791	6.7726007	0	0.0	3931400.75	0	2524295.0	96638.83333333333	0.0	0.0	0.0	0.0	7572885.0	289916.5	0	0
292	772.5293125613744	6.770279	0	0.0	296780.0	0	197853.33333333334	0.0	0.0	0.0	0.0	0.0	593560.0	0.0	0	0
293	810.5662390636489	6.812186	0	0.0	978389.7	0	652259.7999999999	0.0	0.0	0.0	0.0	0.0	1956779.4	0.0	0	0
294	748.5289857534219	6.816365	0	0.0	1016143.25	0	677428.8333333334	0.0	0.0	0.0	0.0	0.0	2032286.5	0.0	0	0
295	913.5844944206576	6.8313103	0	128752.71	187372.985	0	210750.46333333335	0.0	0.0	0.0	257505.42	0.0	374745.97	0.0	0	0
296	778.5614504254573	6.8631516	0	0.0	4525252.5	0	2940655.3333333335	76179.66666666667	0.0	0.0	0.0	0.0	8821966.0	228539.0	0	0
297	840.5764609541784	6.8475904	0	0.0	177367.75	0	118245.16666666667	0.0	0.0	0.0	0.0	0.0	354735.5	0.0	0	0
298	846.5484103226895	6.855081	0	0.0	219467.85	0	146311.9	0.0	0.0	0.0	0.0	0.0	438935.7	0.0	0	0
299	564.5000763839555	6.856798	0	274639.75	656219.75	0	792062.5666666668	0.0	514468.7	0.0	549279.5	0.0	1312439.5	0.0	0	0
300	624.5214645442791	6.869868	0	239501.06	0.0	0	159667.37333333332	0.0	0.0	0.0	479002.12	0.0	0.0	0.0	0	0
301	812.5806237667873	6.873871	0	0.0	325338.25	0	216892.16666666666	0.0	0.0	0.0	0.0	0.0	650676.5	0.0	0	0
302	748.5293302040175	6.9260473	0	0.0	1905698.5	0	1270465.6666666667	0.0	0.0	0.0	0.0	0.0	3811397.0	0.0	0	0
303	766.5400881418914	6.9650536	0	0.0	143175.75	0	95450.5	0.0	0.0	0.0	0.0	0.0	286351.5	0.0	0	0
304	836.581734416538	6.976655	0	0.0	261905.89	0	174603.92666666667	0.0	0.0	0.0	0.0	0.0	523811.78	0.0	0	0
305	774.5449589070065	6.980871	0	0.0	373351.2	0	248900.80000000002	0.0	0.0	0.0	0.0	0.0	746702.4	0.0	0	0
306	716.5243486700763	6.982774	0	0.0	286210.65	0	190807.1	0.0	0.0	0.0	0.0	0.0	572421.3	0.0	0	0
307	790.5397801962198	6.982774	0	0.0	1115767.6	0	743845.0666666668	0.0	0.0	0.0	0.0	0.0	2231535.2	0.0	0	0
308	978.5957597602032	6.9883394	0	279465.625	247746.2	0	496032.92333333334	0.0	433675.12	0.0	558931.25	0.0	495492.4	0.0	0	0
309	951.576844697212	6.9900723	0	321128.03	341120.75	0	622230.32	0.0	542193.4	0.0	642256.06	0.0	682241.5	0.0	0	0
310	961.6056212626212	6.9900723	0	905661.2	1154851.4	0	1826734.8999999997	0.0	1359179.5	0.0	1811322.4	0.0	2309702.8	0.0	0	0
311	915.5999440830916	6.9910264	0	1167154.75	1399776.0	0	2307256.466666667	0.0	1787907.9	0.0	2334309.5	0.0	2799552.0	0.0	0	0
312	854.5924326398329	7.0208497	0	0.0	295497.15	0	196998.1	0.0	0.0	0.0	0.0	0.0	590994.3	0.0	0	0
313	838.5972863041659	7.032403	0	0.0	350128.9	0	233419.2666666667	0.0	0.0	0.0	0.0	0.0	700257.8	0.0	0	0
314	878.5924643710393	7.032403	0	0.0	243330.97	0	162220.64666666667	0.0	0.0	0.0	0.0	0.0	486661.94	0.0	0	0
315	804.5768584150185	7.0440173	0	0.0	2056340.4	0	1370893.5999999999	0.0	0.0	0.0	0.0	0.0	4112680.8	0.0	0	0
316	872.5646002171515	7.0459695	0	0.0	0.0	0	0.0	0.0	0.0	0.0	0.0	0.0	0.0	0.0	0	0
317	736.5296257089075	7.1187563	0	0.0	328943.6	0	219295.7333333333	0.0	0.0	0.0	0.0	0.0	657887.2	0.0	0	0
318	834.5274747158498	7.147354	0	0.0	224235.14	0	149490.09333333335	0.0	0.0	0.0	0.0	0.0	448470.28	0.0	0	0
319	766.5401193053681	7.1487	0	0.0	4434956.15	0	2828351.6666666665	128285.76666666666	0.0	0.0	0.0	0.0	8485055.0	384857.3	0	0
320	742.5399513001718	7.1690636	0	0.0	264376.75	0	176251.16666666666	0.0	0.0	0.0	0.0	0.0	528753.5	0.0	0	0
321	582.5107624603311	7.1713476	0	1192883.1	762281.45	0	1425193.4799999997	0.0	365251.34	0.0	2385766.2	0.0	1524562.9	0.0	0	0
322	572.4819645720919	7.1723423	0	219511.72	0.0	0	146341.14666666667	0.0	0.0	0.0	439023.44	0.0	0.0	0.0	0	0
323	599.5010000182018	7.176274	0	347824.375	0.0	0	231882.91666666666	0.0	0.0	0.0	695648.75	0.0	0.0	0.0	0	0
324	792.5536005691481	7.184366	0	0.0	480579.15	0	320386.10000000003	0.0	0.0	0.0	0.0	0.0	961158.3	0.0	0	0
325	854.5924592496038	7.1954765	0	0.0	3118815.75	0	2079210.5	0.0	0.0	0.0	0.0	0.0	6237631.5	0.0	0	0
326	922.5802091900196	7.1954765	0	0.0	171020.89	0	114013.92666666668	0.0	0.0	0.0	0.0	0.0	342041.78	0.0	0	0
327	830.5931436968369	7.238666	0	0.0	522878.7	0	348585.8	0.0	0.0	0.0	0.0	0.0	1045757.4	0.0	0	0
328	762.5684762981903	7.2352552	0	0.0	210817.2	0	140544.80000000002	0.0	0.0	0.0	0.0	0.0	421634.4	0.0	0	0
329	880.6084796980542	7.2411346	0	0.0	263763.1	0	175842.06666666665	0.0	0.0	0.0	0.0	0.0	527526.2	0.0	0	0
330	566.5157720436589	7.2437553	0	274442.7	498248.8	0	646076.8233333334	0.0	392847.47	0.0	548885.4	0.0	996497.6	0.0	0	0
331	774.5452269009443	7.2858105	0	0.0	409069.35	0	272712.89999999997	0.0	0.0	0.0	0.0	0.0	818138.7	0.0	0	0
332	750.5452328034626	7.2878375	0	0.0	763760.7	0	509173.8	0.0	0.0	0.0	0.0	0.0	1527521.4	0.0	0	0
333	700.5297146769086	7.333314	0	0.0	223392.15	0	148928.1	0.0	0.0	0.0	0.0	0.0	446784.3	0.0	0	0
334	768.5560070199763	7.39657	0	0.0	215580.86	0	143720.57333333333	0.0	0.0	0.0	0.0	0.0	431161.72	0.0	0	0
335	855.6609938330621	7.412091	0	0.0	177052.64	0	118035.09333333334	0.0	0.0	0.0	0.0	0.0	354105.28	0.0	0	0
336	792.5554835716	7.4279356	0	0.0	0.0	0	0.0	0.0	0.0	0.0	0.0	0.0	0.0	0.0	0	0
337	750.5454493276033	7.4661555	0	0.0	2328925.82	0	1478530.0	74087.21333333333	0.0	0.0	0.0	0.0	4435590.0	222261.64	0	0
338	582.5108309819993	7.4747143	0	0.0	513021.65	0	342014.43333333335	0.0	0.0	0.0	0.0	0.0	1026043.3	0.0	0	0
339	776.5609962349199	7.489941	0	0.0	735872.25	0	490581.5	0.0	0.0	0.0	0.0	0.0	1471744.5	0.0	0	0
340	806.5931618384552	7.61413	0	0.0	362691.6	0	241794.4	0.0	0.0	0.0	0.0	0.0	725383.2	0.0	0	0
341	794.5719839207394	7.619814	0	0.0	469421.78	0	312947.85333333333	0.0	0.0	0.0	0.0	0.0	938843.56	0.0	0	0
342	744.5561036909738	7.670697	0	0.0	1307841.4	0	871894.2666666666	0.0	0.0	0.0	0.0	0.0	2615682.8	0.0	0	0
343	598.5172335253851	7.76814	0	155774.78	205646.95	0	362188.9033333333	0.0	363723.25	0.0	311549.56	0.0	411293.9	0.0	0	0
344	832.6090448054206	7.7871637	0	0.0	499127.95	0	332751.9666666667	0.0	0.0	0.0	0.0	0.0	998255.9	0.0	0	0
345	831.661390119763	7.881028	0	0.0	499368.47	0	332912.3133333333	0.0	0.0	0.0	0.0	0.0	998736.94	0.0	0	0
346	778.5769251745218	7.934613	0	0.0	408412.53	0	272275.02	0.0	0.0	0.0	0.0	0.0	816825.06	0.0	0	0
347	857.6767769577648	7.94952	0	0.0	988554.5	0	659036.3333333334	0.0	0.0	0.0	0.0	0.0	1977109.0	0.0	0	0
348	655.4223903954407	8.031178	0	168807.7	215788.3	0	256397.33333333334	0.0	0.0	0.0	337615.4	0.0	431576.6	0.0	0	0
349	778.5772006043653	8.103927	0	0.0	180862.03	0	120574.68666666666	0.0	0.0	0.0	0.0	0.0	361724.06	0.0	0	0
350	828.6587485664581	8.183586	0	0.0	391172.05	0	260781.36666666667	0.0	0.0	0.0	0.0	0.0	782344.1	0.0	0	0
351	854.6741333991752	8.268213	0	0.0	577284.8	0	384856.5333333334	0.0	0.0	0.0	0.0	0.0	1154569.6	0.0	0	0
352	599.5294770210135	8.3991585	0	131595.2	158609.89	0	329561.4466666667	0.0	408274.16	0.0	263190.4	0.0	317219.78	0.0	0	0
353	626.548421589862	8.40064	0	206650.875	374170.54500000004	0	487099.1766666667	80031.60333333333	539749.5	0.0	413301.75	0.0	508246.28	240094.81	0	0
354	433.2613068285752	8.411652	0	0.0	0.0	0	145171.66666666666	0.0	435515.0	0.0	0.0	0.0	0.0	0.0	0	0
355	527.3178183194916	8.411652	0	0.0	0.0	0	412815.0333333334	0.0	1238445.1	0.0	0.0	0.0	0.0	0.0	0	0
356	537.3466432551999	8.411652	0	0.0	0.0	0	279900.93333333335	0.0	839702.8	0.0	0.0	0.0	0.0	0.0	0	0
357	554.336675251951	8.411652	0	0.0	0.0	0	141929.19999999998	0.0	425787.6	0.0	0.0	0.0	0.0	0.0	0	0
358	491.3416109335949	8.413794	0	443366.18000000005	1516163.77	0	9777676.166666666	767238.4666666667	27715684.0	0.0	573583.56	313148.8	1043760.94	1988566.6	0	0
359	492.34360391092775	8.411169	0	0.0	584424.295	0	4158402.446666667	258547.75	12082002.0	0.0	0.0	0.0	393205.34	775643.25	0	0
360	1191.7734193732406	8.475463	0	132203.56	198317.765	0	220347.55000000002	0.0	0.0	0.0	264407.12	0.0	396635.53	0.0	0	0
361	915.6005314662762	8.472893	0	277925.97	361170.65	0	568693.7066666667	0.0	427887.88	0.0	555851.94	0.0	722341.3	0.0	0	0
362	859.6924154084054	8.687702	0	0.0	457621.9	0	305081.26666666666	0.0	0.0	0.0	0.0	0.0	915243.8	0.0	0	0
363	731.4029085756371	8.687778	0	136961.65	171772.1	0	327275.73333333334	0.0	364359.7	0.0	273923.3	0.0	343544.2	0.0	0	0
364	683.3694628246136	8.685837	0	156084.61	187206.375	0	336455.42333333334	0.0	322784.3	0.0	312169.22	0.0	374412.75	0.0	0	0
365	548.5053697582662	8.690698	0	0.0	170790.94	0	193137.28666666665	0.0	237829.98	0.0	0.0	0.0	341581.88	0.0	0	0
366	856.6896974120755	8.740839	0	0.0	800817.55	0	533878.3666666667	0.0	0.0	0.0	0.0	0.0	1601635.1	0.0	0	0
367	1173.762620432543	8.762939	0	136604.625	0.0	0	91069.75	0.0	0.0	0.0	273209.25	0.0	0.0	0.0	0	0
368	1221.783113604024	8.882434	0	227870.94	310966.6	0	359225.0266666667	0.0	0.0	0.0	455741.88	0.0	621933.2	0.0	0	0
369	1175.7778320800444	8.883833	0	1683123.5	2223249.75	0	3427079.0	0.0	2468490.5	0.0	3366247.0	0.0	4446499.5	0.0	0	0
370	191.1102827174528	8.894192	0	148799.125	147255.92	0	289353.89666666667	0.0	275951.6	0.0	297598.25	0.0	294511.84	0.0	0	0
371	1211.7548363947938	8.891664	0	143852.15	177652.55	0	214336.46666666665	0.0	0.0	0.0	287704.3	0.0	355305.1	0.0	0	0
372	683.3693107315561	8.905478	0	159255.0	179468.97	0	329597.0733333333	0.0	311343.28	0.0	318510.0	0.0	358937.94	0.0	0	0
373	711.400981112411	8.910925	0	153699.85	169259.56	0	317513.8666666667	0.0	306622.78	0.0	307399.7	0.0	338519.12	0.0	0	0
374	637.5897351756217	8.947155	0	197022.14	422579.92000000004	0	476065.8333333333	195086.32666666666	470755.66	303496.7	394044.28	0.0	563397.56	281762.28	0	0
375	191.11021167938767	9.037293	0	178787.17	168216.235	0	340155.4266666667	0.0	326459.47	0.0	357574.34	0.0	336432.47	0.0	0	0
376	859.6917048317823	9.024698	0	0.0	239445.39	0	159630.26	0.0	0.0	0.0	0.0	0.0	478890.78	0.0	0	0
377	637.5895063535181	8.995186	0	206112.08	329553.79000000004	0	389590.3	195086.32666666666	379201.44	303496.7	412224.16	0.0	377345.3	281762.28	0	0
378	568.5139514980453	9.028769	0	214108.14	266845.95	0	461719.52	0.0	423250.38	0.0	428216.28	0.0	533691.9	0.0	0	0
379	683.3690500142683	9.028769	0	244032.47	218244.7	0	457245.88000000006	0.0	447183.3	0.0	488064.94	0.0	436489.4	0.0	0	0
380	712.402513509531	9.040043	0	177626.72	164554.485	0	352965.0966666667	0.0	374532.88	0.0	355253.44	0.0	329108.97	0.0	0	0
381	567.5105769740221	9.0311575	0	504490.6	572402.45	0	1075279.2	0.0	1072051.5	0.0	1008981.2	0.0	1144804.9	0.0	0	0
382	540.4917693329	9.036904	0	3615114.0	4408725.5	0	8491406.333333334	0.0	9426540.0	0.0	7230228.0	0.0	8817451.0	0.0	0	0
383	757.4064832901316	9.036904	0	225640.81	224126.05	0	466008.95999999996	0.0	498493.16	0.0	451281.62	0.0	448252.1	0.0	0	0
384	711.4009381034251	9.042903	0	320109.78	449356.725	0	611389.8033333333	98561.56666666667	590921.1	0.0	640219.56	0.0	603028.75	295684.7	0	0
385	550.5204520572488	9.043244	0	4566159.0	6616200.0	0	11313355.666666666	0.0	11575349.0	0.0	9132318.0	0.0	13232400.0	0.0	0	0
386	813.4690083224165	9.040369	0	180986.0	220753.31	0	423738.85333333333	0.0	467737.94	0.0	361972.0	0.0	441506.62	0.0	0	0
387	727.3046105344689	9.041818	0	170988.97	170307.19	0	333888.89999999997	0.0	319074.38	0.0	341977.94	0.0	340614.38	0.0	0	0
388	755.3356638084268	9.045152	0	181349.3	182576.86	0	360946.3733333333	0.0	354986.8	0.0	362698.6	0.0	365153.72	0.0	0	0
389	666.6052872376735	9.211752	0	0.0	220547.735	0	147031.82333333333	0.0	0.0	0.0	0.0	0.0	441095.47	0.0	0	0
390	711.4011162751908	9.209777	0	153287.015	0.0	0	211035.03000000003	0.0	326531.06	0.0	306574.03	0.0	0.0	0.0	0	0
391	692.6208863274097	9.276657	0	0.0	718574.95	0	479049.9666666666	0.0	0.0	0.0	0.0	0.0	1437149.9	0.0	0	0
392	682.5919251777922	9.278885	0	0.0	190343.985	0	126895.98999999999	0.0	0.0	0.0	0.0	0.0	380687.97	0.0	0	0
393	711.4010850210371	9.396944	0	292702.89	198571.2	0	361376.6333333333	81268.51	345387.25	0.0	341600.25	243805.53	397142.4	0.0	0	0
394	711.4010789346723	9.49084	0	304775.745	336396.91000000003	0	355052.17333333334	272366.69	306278.72	293632.56	349294.6	260256.89	409583.2	263210.62	0	0
395	694.636656487195	9.649763	0	0.0	744378.25	0	496252.1666666667	0.0	0.0	0.0	0.0	0.0	1488756.5	0.0	0	0
396	175.1148599302275	10.415982	0	0.0	0.0	0	110837.73333333334	0.0	332513.2	0.0	0.0	0.0	0.0	0.0	0	0
397	649.454935277496	10.421672	0	835392.55	1579450.375	0	6723184.533333334	178660.41666666666	15875849.0	0.0	1670785.1	0.0	2622919.5	535981.25	0	0
398	783.4047794823812	10.539259	0	313291.78	160565.15	0	330050.93333333335	102664.46666666667	350432.34	0.0	318590.16	307993.4	321130.3	0.0	0	0
399	783.4045927481188	10.703182	0	147981.78	144421.9	0	0.0	194935.78666666665	0.0	0.0	0.0	295963.56	0.0	288843.8	0	0
