"feature_id"	"feature"	"VIP"	"LV1"	"LV2"
110	"NA_[110_325.25_0.7]"	2.55891925203631	-0.0210503150031143	-0.0612967968338638
353	"NA_[353_170.12_1.4]"	2.5446400269839	-0.0242890804038826	-0.0667345535417692
413	"NA_[413_170.12_1.7]"	2.54216644233598	-0.0274240597717946	-0.073301309740564
1050	"NA_[1050_463.43_3.9]"	2.53778657944835	-0.023720638075717	-0.0740791352186023
665	"Putative (3-hydroxyoctadecanoyl)glycine_[665_380.28_2.6]"	2.52012745000228	-0.0162701490244128	-0.0598155763342525
698	"NA_[698_403.35_2.7]"	2.51052012412016	-0.0161681410725503	-0.0612840519667627
576	"Putative (3-hydroxyoctadecanoyl)glycine_[576_375.32_2.3]"	2.44195891372304	-0.0173677516807046	-0.0607334732837593
2415	"NA_[2415_599.58_8]"	2.41348111021249	-0.0223500936411071	-0.0549242928015881
596	"NA_[596_352.25_2.3]"	2.41208062219132	-0.0163075579040105	-0.0591787493122446
535	"NA_[535_210.11_2.1]"	2.39256178984224	-0.0173336302129917	-0.0593776622662642
538	"NA_[538_352.25_2]"	2.26980071369273	-0.0192696053562778	-0.0543688124280862
510	"NA_[510_216.16_2]"	2.23868485574186	-0.0168042214487129	-0.0589977227944096
501	"NA_[501_125.1_1.9]"	2.23497688086208	-0.0184948986465151	-0.0595162390996482
490	"NA_[490_171.12_1.9]"	2.22394235833091	-0.0187353115554633	-0.0599296977564496
536	"NA_[536_306.24_2.1]"	2.21563886582715	-0.0190460522341138	-0.0551519085074048
664	"NA_[664_200.16_2.6]"	2.21441406895728	-0.0152380326730891	-0.0533945059543949
491	"NA_[491_352.25_1.9]"	2.20379199618541	-0.0191864961660959	-0.0524691679970227
539	"NA_[539_583.51_2.1]"	2.19315648148277	-0.0195477400507995	-0.0588802403033123
2382	"N-2-hydroxypalmitoylsphingosine_[2382_576.5_8]"	2.19107031509091	-0.0147117888639209	-0.0535996261912972
474	"10-undecynoic acid_[474_200.16_1.9]"	2.1838262000516	-0.0183558825476641	-0.0565417712596864
2378	"NA_[2378_438.43_8]"	2.18045317323135	-0.0149892973163349	-0.0520914311273216
499	"NA_[499_153.09_1.9]"	2.17608041023384	-0.0188682496098018	-0.0582804962851395
498	"NA_[498_188.13_1.9]"	2.16900912704543	-0.0184586136505237	-0.0586238124787906
496	"NA_[496_170.12_1.9]"	2.1688220474234	-0.0190881075544001	-0.0592607011377556
492	"NA_[492_173.14_1.9]"	2.16674721606504	-0.0187623166883382	-0.0589418301401212
502	"NA_[502_135.08_1.9]"	2.1663111898286	-0.0188848605589489	-0.0580564496623892
494	"NA_[494_152.11_1.9]"	2.1554443189041	-0.0190008216176135	-0.0584510814970393
500	"2,6-Nonadienoic acid_[500_172.13_1.9]"	2.14363981252602	-0.0186926595158236	-0.0586483026658019
509	"10-undecynoic acid_[509_200.16_2]"	2.14038335825218	-0.0185902213305778	-0.0572423447838266
534	"NA_[534_188.13_2]"	2.13985136387337	-0.0180523271040828	-0.0563694259316154
529	"NA_[529_659.52_2]"	2.13818271515466	-0.0149526393769312	-0.052937281007743
537	"NA_[537_353.25_2]"	2.13286313021573	-0.0196885283138152	-0.0538141947125615
495	"NA_[495_312.25_1.9]"	2.13112138841446	-0.0205558019862475	-0.0598552284601524
532	"NA_[532_172.13_2]"	2.12955963164887	-0.0177322341047874	-0.0558269557575419
476	"NA_[476_198.15_1.9]"	2.12930067738857	-0.0174817529703313	-0.0550741866273745
533	"NA_[533_155.11_2]"	2.11973060311067	-0.017691095598285	-0.0556704905781509
2420	"NA_[2420_612.57_8]"	2.10444468996143	-0.022008101278141	-0.0520605749911986
699	"10-undecynoic acid_[699_200.16_2.7]"	2.09387301645045	-0.0153132094109779	-0.0523160802252594
530	"NA_[530_125.1_2]"	2.09203613475433	-0.0165440748478377	-0.0537732728400981
503	"NA_[503_659.52_1.9]"	2.0852692456149	-0.0150399174761858	-0.0524704625906362
2414	"NA_[2414_598.55_8]"	2.07592165776009	-0.0223125848338736	-0.051862344264747
2384	"NA_[2384_612.57_8]"	2.05990804710262	-0.0224647099316423	-0.0531005159479534
2418	"NA_[2418_576.5_8]"	2.05619121215447	-0.0127570145054597	-0.0496020814200889
107	"NA_[107_379.26_0.6]"	2.03852980754036	-0.0155178057353133	-0.0475261030653063
1678	"NA_[1678_370.35_6.2]"	2.03583541793852	-0.0301546841675294	-0.0409376017390232
2387	"NA_[2387_599.58_8]"	2.02548591769681	-0.0222593005591806	-0.0447587811656235
845	"NA_[845_437.4_3.3]"	2.02514604265217	-0.0310299843498492	-0.0734201498460599
380	"2E,4E,8Z,10E-dodecatetraenoic acid_[380_210.15_1.5]"	2.01396780627262	-0.0308413623195924	-0.0568908775629823
2419	"NA_[2419_394.37_8]"	2.01327348141298	-0.0196655153129201	-0.0497666679559834
2421	"NA_[2421_412.38_8]"	2.00955991692381	-0.0210828316765713	-0.0500966453070637
842	"NA_[842_512.48_3.3]"	2.00280997595254	-0.0256937988590991	-0.0629184270999781
2422	"NA_[2422_396.38_8]"	2.00278112805358	-0.0211501075987549	-0.0492724501691358
1674	"cholesterol-2,2,3,4,4,6-d6_[1674_369.35_6.2]"	2.00044596190539	-0.0297829191755634	-0.0374574471888278
450	"NA_[450_170.12_1.7]"	1.95585405061361	-0.0349351132375404	-0.0664246182788073
843	"NA_[843_525.47_3.3]"	1.93799022827605	-0.0287428871613007	-0.0666359276424116
561	"NA_[561_381.35_2.2]"	1.88049181215503	-0.0263946866490528	-0.0654868862528989
841	"N-(2R-methyl-3-hydroxy-ethyl)-16,16-dimethyl-5Z,8Z,11Z,14Z-docosatetraenoyl amine_[841_435.39_3.3]"	1.87042057183348	-0.0318785026526749	-0.0661169566206891
2061	"NA_[2061_1542.15_7.1]"	1.86821996721344	-0.0284284630808445	-0.0385319254026574
844	"NA_[844_436.4_3.3]"	1.84220869757553	-0.0315888299147576	-0.0653602531910913
2381	"NA_[2381_396.38_8]"	1.83174276055087	-0.0212936516058578	-0.0474580523214569
2383	"NA_[2383_394.37_8]"	1.82689006611183	-0.0219099576168676	-0.0471537417368241
627	"NA_[627_407.36_2.4]"	1.81118471414357	-0.0314687408715609	-0.0635016639496115
2379	"NA_[2379_395.37_8]"	1.80687752113824	-0.0202062656021334	-0.0481065725090984
2386	"NA_[2386_598.55_8]"	1.79811297645307	-0.0236369462754109	-0.0466160266099127
923	"NA_[923_434.36_3.5]"	1.7962252240773	-0.0245443332850442	-0.0545826897632152
455	"NA_[455_188.13_1.7]"	1.76769567007884	-0.0344207524519135	-0.0656261644375666
2097	"NA_[2097_794.57_7.2]"	1.76293372434758	-0.0358307318094086	0.0303823389553006
924	"NA_[924_412.38_3.5]"	1.75597814312149	-0.02357412624336	-0.0518402750788929
2395	"NA_[2395_395.37_8]"	1.73715862565425	-0.0214533372615248	-0.0492410879884551
401	"2E,4E,8Z,10E-dodecatetraenoic acid_[401_210.15_1.6]"	1.7269245037249	-0.0289514341294071	-0.0578477987069143
1422	"NA_[1422_487.48_5.3]"	1.72490271767096	-0.0237826086581301	-0.0465295032721072
833	"NA_[833_428.41_3.2]"	1.68882945551667	-0.0299226699115595	0.0520878631372872
2282	"NA_[2282_610.55_7.7]"	1.68213063965089	-0.0307263239441593	-0.051811026019376
1767	"NA_[1767_577.52_6.4]"	1.66957603980963	-0.0370681058289209	0.0442487579133788
1456	"NA_[1456_468.48_5.5]"	1.66568440267035	-0.0271166971351397	0.0410403164137012
94	"NA_[94_232.23_0.6]"	1.65429354195534	-0.0312123403211759	0.0493247956401803
124	"NA_[124_260.26_0.7]"	1.65046517454985	-0.0280399512140437	0.0520835897325363
178	"NA_[178_244.26_0.9]"	1.64975392843296	-0.0293575580900396	0.0492638529044692
1147	"NA_[1147_456.44_4.2]"	1.62282539429594	-0.0298501107440788	0.0488343641077881
767	"NA_[767_172.13_2.9]"	1.62033098091111	-0.0321233709045359	-0.0511968179012157
2377	"NA_[2377_397.39_8]"	1.61875871643571	-0.0203362003225387	-0.0443107270143921
3107	"NA_[3107_534.56_9.8]"	1.59560239233031	-0.0135646277971537	-0.0293020632680837
2069	"PC(12:0/22:1(11Z))_[2069_782.57_7.1]"	1.59504139060357	-0.0279233722924383	-0.0310546840344389
1144	"NA_[1144_458.45_4.2]"	1.5926810448519	-0.0293922506170928	0.0481300913732441
383	"NA_[383_505.4_1.5]"	1.58302053362218	-0.0264995995230622	-0.061730133990063
1641	"HexCer(d18:1/16:0)_[1641_700.57_6.1]"	1.58040709459612	-0.0252502288272111	-0.0241751737300793
445	"NA_[445_172.13_1.7]"	1.57706833143995	-0.0298615744879169	-0.0518015661758823
260	"NA_[260_286.31_1.1]"	1.57572498635986	-0.0321793635750062	0.0466310365196571
126	"NA_[126_339.26_0.7]"	1.56207750522448	-0.0109179248307816	-0.0414101363585508
1644	"HexCer(d18:1/16:0)_[1644_682.56_6.1]"	1.5509267505321	-0.0343923872591276	-0.0264666616941466
395	"henicosanoic acid_[395_344.35_1.6]"	1.54649013625882	-0.0268709012751898	0.0484572817016979
939	"NA_[939_449.41_3.5]"	1.53318050789499	-0.0209777079045557	-0.0530847264137764
556	"NA_[556_342.37_2.1]"	1.5322202378616	-0.0321175943878982	0.0420700448385516
418	"NA_[418_366.3_1.6]"	1.52695285641871	-0.0173865006857557	-0.0401225129869786
85	"NA_[85_262.24_0.6]"	1.52657385251283	-0.0336403093683124	0.042667027742927
159	"NA_[159_318.3_0.8]"	1.52305746922295	-0.0271744231983396	0.0495434518886178
259	"NA_[259_539.37_1.1]"	1.51386997522586	-0.00916558804112643	-0.0282098032524844
1382	"NA_[1382_484.47_5.1]"	1.5112636762627	-0.0283093680932007	0.0479122381653058
1528	"N-(2-hydroxytetradecanoyl)icosasphinganine_[1528_556.53_5.7]"	1.50346937194615	-0.0250813472340803	0.0486143060052576
1381	"NA_[1381_485.47_5.1]"	1.49502058233612	-0.0283288190309522	0.0473495890600026
186	"NA_[186_332.32_0.9]"	1.48928995627052	-0.0267575439529601	0.048031782837284
526	"NA_[526_402.39_2]"	1.48778050049999	-0.0246591176023482	0.0425787971152366
1490	"NA_[1490_498.49_5.6]"	1.48031524358211	-0.0261804212506043	0.0451623887874208
280	"NA_[280_316.32_1.2]"	1.47342088835195	-0.0276178065718125	0.0445498250769781
2058	"NA_[2058_1543.15_7.1]"	1.4718705398802	-0.0202663662273118	-0.0294978809469446
209	"NA_[209_359.33_1]"	1.4653886229958	-0.0322367445636332	-0.0431154511214199
1354	"NA_[1354_528.5_5]"	1.46511522570116	-0.0243917405713113	0.0471375101526706
1379	"NA_[1379_486.48_5.1]"	1.46375197339706	-0.0267808170545636	0.0460193326714057
2869	"NA_[2869_593.63_9.2]"	1.46093730873115	-0.0166006400422396	-0.0182369312173124
181	"NA_[181_288.29_0.9]"	1.45825391173232	-0.0263323668484479	0.0459970033355259
1624	"NA_[1624_513.51_6.1]"	1.45138673196829	-0.0278267714187138	0.0451042309863424
79	"NA_[79_341.24_0.6]"	1.44958957730285	-0.0193473560073593	-0.0491688119106152
162	"NA_[162_319.3_0.8]"	1.44567377793041	-0.0266821471535277	0.0474578430920672
281	"NA_[281_317.32_1.2]"	1.44189440183766	-0.0278341995496102	0.0440323343995969
1627	"NA_[1627_515.51_6.1]"	1.4327831848213	-0.0258838731423962	0.0427170158764309
1629	"N-palmitoylhexadecasphinganine_[1629_512.5_6.1]"	1.43193144478041	-0.0272981431551818	0.0448390249370461
367	"NA_[367_374.36_1.4]"	1.43187836821692	-0.025726975657739	0.0451789557158309
705	"NA_[705_558.38_2.8]"	1.42787631947292	-0.0253105423219951	-0.0236457342607509
1628	"NA_[1628_514.51_6.1]"	1.42132245922309	-0.0261638326020401	0.0443268244730081
703	"NA_[703_530.35_2.8]"	1.42115039949284	-0.0267594987904373	-0.0178967914092804
115	"7R-hydroxy-hexadecanoic acid_[115_290.27_0.7]"	1.42042635635137	-0.0281004369524393	0.0459977026050223
512	"NA_[512_358.37_2]"	1.41691266318548	-0.0252334458534779	0.0415991550050364
247	"NA_[247_346.33_1]"	1.41634164708195	-0.0264259394897916	0.0421887576269028
351	"NA_[351_331.34_1.4]"	1.41345466090938	-0.0249779090477355	0.0412577921882287
647	"NA_[647_430.37_2.5]"	1.41107872159237	-0.0206723975320893	0.0438572542217215
2257	"NA_[2257_771.57_7.6]"	1.40984506225853	-0.0435349796637075	0.0309257442971318
1663	"NA_[1663_1218.03_6.2]"	1.40645356134633	-0.0371825190720488	0.0459768849200977
399	"n-oleyldiethanolamine_[399_356.35_1.6]"	1.40397897976832	-0.0243471299045395	0.0436473580220668
1107	"NA_[1107_500.47_4.1]"	1.40188820641001	-0.0273683825062751	0.0445206264554655
389	"NA_[389_433.38_1.5]"	1.40032650708639	-0.0251634383448004	-0.0540542270258995
2470	"NA_[2470_496.51_8.2]"	1.39695750494272	-0.0221337361485777	0.0396580710552217
2942	"NA_[2942_582.58_9.4]"	1.39362235873967	-0.0259998064773437	0.0442920391115958
1412	"NA_[1412_424.41_5.2]"	1.39151933354752	-0.0156878583951074	-0.0268815937818418
2964	"NA_[2964_480.51_9.4]"	1.38894540321602	-0.0105516495033911	-0.0311415239107969
1579	"NA_[1579_556.53_5.9]"	1.38625900307324	-0.0245152362356015	0.0436922941774826
3334	"NA_[3334_894.76_10.9]"	1.38089098025353	-0.0281320961198038	0.0197231385778871
1358	"NA_[1358_502.34_5]"	1.38033751922707	-0.0389122025650056	-0.0281154863841077
1226	"NA_[1226_441.44_4.5]"	1.37570287871313	-0.0149084277736718	-0.0266148560554384
2457	"N-(2-hydroxyeicosanoyl)sphinganine_[2457_594.58_8.2]"	1.36675153851294	-0.0239455855073578	0.0423183026921865
1974	"NA_[1974_740.56_6.9]"	1.36107595468703	-0.0305082019066339	0.0463690313997815
87	"(+)-neomenthol_[87_174.19_0.6]"	1.35834063522447	-0.0338293932886787	0.0463599606285737
2814	"NA_[2814_1011.04_9]"	1.35583815559259	-0.0410735931200014	0.00497557619639832
385	"NA_[385_314.34_1.5]"	1.35215512947419	-0.0293784828697133	0.0412062775352687
3409	"NA_[3409_822.76_11.3]"	1.34996078643141	-0.0268586599905918	0.031683898576337
2251	"NA_[2251_468.48_7.6]"	1.34592127067248	-0.0230773225242517	0.0398062304860832
2054	"NA_[2054_1300.11_7.1]"	1.34332802275859	-0.0212911464363216	0.0404322906581175
2369	"NA_[2369_571.57_7.9]"	1.34306001044383	-0.0228578413836966	0.0411725810251235
631	"NA_[631_528.33_2.5]"	1.33182910071382	-0.0213749823050833	-0.0323677080116861
1824	"NA_[1824_906.61_6.5]"	1.32743882337556	-0.037129962500917	0.0366718493509796
797	"NA_[797_534.45_3.1]"	1.32724467195562	-0.0214768521014113	0.0424198654808477
2267	"NA_[2267_592.57_7.7]"	1.32674578593459	-0.0237876777067782	0.0429794695187893
2760	"N-(2-hydroxydocosanoyl)sphinganine_[2760_622.61_9]"	1.32162323569199	-0.0206182085022166	0.0357594612687047
1090	"NA_[1090_520.28_4]"	1.31293887826666	-0.0304394955029072	0.0415098066480207
403	"NA_[403_400.38_1.6]"	1.31281173154105	-0.0245336585837746	0.0421621946357187
2335	"NA_[2335_526.52_7.8]"	1.308099748283	-0.0257309144677437	0.0403468185772702
414	"6-undecynoic acid_[414_200.16_1.6]"	1.30554416036592	-0.0346224024086162	-0.0482143361025442
2981	"NA_[2981_556.54_9.5]"	1.30330100970601	-0.0410252457330421	-0.0161098252357287
262	"NA_[262_359.33_1.1]"	1.29681568579757	-0.0312384753239267	-0.0450221129288154
2366	"NA_[2366_568.57_7.9]"	1.29220527923214	-0.0224439006577859	0.0385108784249303
2101	"NA_[2101_795.57_7.2]"	1.28955582198968	-0.013843065196039	0.0190648447825141
156	"NA_[156_240.2_0.8]"	1.28810880436523	-0.0369224967582695	-0.0540895750730495
3060	"NA_[3060_650.65_9.6]"	1.28534598488663	-0.0365718873333588	0.0330659916537616
1844	"NA_[1844_526.52_6.6]"	1.28521327072592	-0.0238878467581712	0.0381045853347733
1843	"NA_[1843_527.52_6.6]"	1.28113770230383	-0.0239106152152227	0.0378610676565797
15	"NA_[15_233.19_0.5]"	1.27853831721783	-0.0360828206601316	-0.0330183360767197
2646	"Cer(d18:0/17:0)_[2646_554.55_8.7]"	1.27639739616375	-0.0245908930783619	0.0383064324791271
2286	"NA_[2286_746.57_7.7]"	1.27538941476282	-0.044577433119959	0.0318339454849002
3416	"NA_[3416_848.77_11.3]"	1.27425271601755	-0.0317761803285836	0.029098522688835
2258	"NA_[2258_770.57_7.6]"	1.27152741742108	-0.0443583974596203	0.0277040862894826
2040	"Termitomycesphin A_[2040_726.54_7.1]"	1.26843921652502	-0.037001870753575	0.0260854034334265
2371	"NA_[2371_780.59_8]"	1.25704429594737	-0.0416207596750886	0.0375484990664419
2673	"NA_[2673_582.58_8.8]"	1.2523894714116	-0.0217266702029824	0.0386228870176467
1927	"NA_[1927_746.51_6.8]"	1.24942393011957	-0.02677857869438	0.0318125400602483
1964	"12-(octadecanoyloxy)octadecanoate_[1964_584.56_6.9]"	1.24483178281057	-0.0233698191368285	0.0384015447956
3061	"NA_[3061_632.63_9.6]"	1.2410461829393	-0.0361716652758936	0.02645453327282
2283	"NA_[2283_768.55_7.7]"	1.23787118922553	-0.0372219259468757	0.0280105973070017
2071	"NA_[2071_738.54_7.1]"	1.23504344630435	-0.0427133852056247	0.0371090951547426
3084	"NA_[3084_540.54_9.7]"	1.23357916159787	-0.0222187262070865	0.0346981807929468
3376	"NA_[3376_922.79_11.1]"	1.23282373053245	-0.0260763906805726	0.0130567234709011
2652	"NA_[2652_555.55_8.7]"	1.23074852112635	-0.0242928879456115	0.0361088751062465
2217	"Cer(d18:0/17:0)_[2217_554.55_7.5]"	1.22910129718456	-0.0220253017010758	0.0370165726497155
2547	"NA_[2547_640.62_8.5]"	1.22622748141235	-0.0174242687408114	0.0363767129089088
2068	"NA_[2068_818.64_7.1]"	1.2246840654089	-0.0290679719056592	-0.0161720087025963
1769	"PC(15:0/17:1(9Z))_[1769_754.54_6.4]"	1.22448887278589	-0.037232327998916	0.0448309296610646
2065	"NA_[2065_810.6_7.1]"	1.22320493695786	-0.0309240356868919	-0.0436424201103031
2412	"NA_[2412_526.52_8]"	1.22137009151662	-0.0234425413007747	0.0403376591130239
3434	"NA_[3434_882.79_11.4]"	1.22126915519206	-0.0227486451308635	0.0203578889746486
1270	"NA_[1270_558.44_4.6]"	1.22055816945259	-0.0236138738325767	0.0363393830001152
2284	"NA_[2284_747.57_7.7]"	1.22043129290334	-0.042910519510037	0.0289528616362505
218	"NA_[218_172.13_1]"	1.22027047812661	-0.0383891065644005	-0.047594888514955
2373	"Cer(d18:0/17:0)_[2373_554.55_8]"	1.21900802411146	-0.0243221781213267	0.0373868340773924
1903	"NA_[1903_747.57_6.8]"	1.21535320636179	-0.0437287581065801	0.0334744505464356
2022	"PC(17:1(9Z)/14:0)_[2022_718.54_7]"	1.21273138015977	-0.0441419606816539	0.0356653587785938
1917	"NA_[1917_746.57_6.8]"	1.21248104925777	-0.0423426544174186	0.035453473217186
1393	"NA_[1393_496.45_5.2]"	1.20949276494972	-0.0297781838310026	-0.0541247084611294
2129	"NA_[2129_726.54_7.3]"	1.20850976381616	-0.0428100080611134	0.037156209077031
2509	"NA_[2509_583.59_8.4]"	1.2082077590578	-0.0209495350725463	0.036379871790701
2272	"N-(2-hydroxyeicosanoyl)sphinganine_[2272_612.59_7.7]"	1.2059866337168	-0.0212267700440953	0.0378867732175268
1228	"NA_[1228_454.44_4.5]"	1.20512774157087	-0.0207384639437945	-0.0207677481288895
2006	"Cer(d18:0/15:0)_[2006_526.52_7]"	1.1973355247025	-0.0246601481356191	0.0372504858729105
248	"NA_[248_313.28_1.1]"	1.1954348156133	-0.0319020841898589	-0.0444940010050733
1089	"NA_[1089_561.31_4]"	1.19463541087413	-0.0238701165671546	0.0378987219889996
2026	"soblidotin_[2026_719.54_7]"	1.19463030598633	-0.0469446092098769	0.0337254164575591
2165	"PC(15:0/17:1(9Z))_[2165_732.55_7.4]"	1.19201499993161	-0.0446085185851704	0.0352441264285803
2221	"NA_[2221_555.55_7.5]"	1.19177251341964	-0.0222979046317777	0.0360067893949959
3380	"NA_[3380_949.81_11.1]"	1.18663215815704	-0.0285820329844156	0.0163011357155735
2214	"PC(P-20:0/14:1(9Z))_[2214_766.57_7.5]"	1.18477309469069	-0.0443705305445437	0.0335820702065927
2512	"NA_[2512_582.58_8.4]"	1.18026281714543	-0.0202776764948419	0.0349019190183069
117	"11-dodecen-1-ol_[117_202.22_0.7]"	1.17818198178136	-0.0338820662014842	0.0427329745946023
1832	"NA_[1832_584.56_6.6]"	1.17799705478812	-0.0203793220158196	0.0359697481770061
2458	"NA_[2458_814.69_8.1]"	1.17648386211683	-0.0429743771989331	0.0302129194546826
2656	"NA_[2656_596.6_8.8]"	1.17406602569644	-0.0208560614432545	0.0342180360555746
1797	"NA_[1797_790.61_6.4]"	1.17219139225338	-0.0318632375418411	0.0515712724489077
2261	"PC(19:0/18:4(6Z,9Z,12Z,15Z))_[2261_796.59_7.6]"	1.17089461430526	-0.0352309641795468	0.0368193557835132
3126	"N-stearoylhexadecasphinganine_[3126_540.54_9.9]"	1.16793432677572	-0.0224909445438502	0.0374287534691617
1929	"NA_[1929_842.64_6.8]"	1.16571333368218	-0.0362464958490744	0.0410736775048475
1487	"NA_[1487_437.35_5.6]"	1.16467096580314	-0.0281455942016978	0.00336658620630231
2857	"NA_[2857_622.61_9.2]"	1.16211442947063	-0.0431939365165854	0.0439023717018036
2186	"NA_[2186_770.57_7.4]"	1.16001898149	-0.0491824761614457	0.0233277237961702
3442	"NA_[3442_952.83_11.4]"	1.15562235792479	-0.0240771119407892	0.0104969158177089
514	"NA_[514_503.38_2]"	1.15553204466908	-0.034267944912679	-0.0536342929407621
2732	"NA_[2732_615.58_8.9]"	1.15321707164077	-0.0272996273820842	-0.00523472100751813
1088	"NA_[1088_503.26_4]"	1.1507859152992	-0.0322964670907866	0.0405212095142532
1805	"NA_[1805_754.54_6.4]"	1.15036504352045	-0.0335565378542894	0.0464821381926197
540	"Eerectquione B_[540_502.32_2.1]"	1.15003233182842	-0.0215141655707033	0.0260849577027915
1923	"NA_[1923_1448.05_6.8]"	1.14994987924762	-0.038783159954958	0.0322692627706886
2052	"NA_[2052_542.54_7.1]"	1.14887540553887	-0.0247315735694176	0.0342208731510482
2156	"NA_[2156_566.55_7.3]"	1.14640263851765	-0.0244797698538399	0.0402759941436324
2053	"N-stearoylhexadecasphinganine_[2053_540.54_7.1]"	1.14399529906096	-0.0243766006907761	0.0358930286240414
1646	"HexCer(d18:1/16:0)_[1646_722.55_6.1]"	1.14378279013359	-0.027814206591038	-0.00774781354408021
479	"NA_[479_371.33_1.9]"	1.14220058505752	-0.0279534503704262	-0.041249040907276
3268	"NA_[3268_540.54_10.5]"	1.14211053390471	-0.021926684638673	0.0355587831969117
2227	"NA_[2227_556.56_7.5]"	1.14148940359108	-0.0219994441421791	0.0345717736381926
286	"palmitoleoyl ethanolamide_[286_315.3_1.2]"	1.14145079614545	-0.0218171864749124	-0.0172635920629369
2073	"NA_[2073_1528.13_7.2]"	1.13960723256081	-0.0306215598790273	0.0376061370713341
3371	"TG(16:0/16:0/22:6(4Z,7Z,10Z,13Z,16Z,19Z))[iso3]_[3371_896.77_11.1]"	1.13865864781085	-0.0201612065687488	0.0160190310540286
2122	"NA_[2122_794.57_7.2]"	1.13842940957895	-0.0435763901015868	0.0312276834258259
83	"NA_[83_158.12_0.6]"	1.13674315000364	-0.0335672903734062	-0.0501991706685595
328	"trans-4,5-epoxy-2(E)-decenal_[328_169.12_1.3]"	1.13496881262906	-0.0408288238350814	-0.0458030212703091
66	"NA_[66_395.25_0.6]"	1.13429931802114	-0.018823899671078	-0.0449804981609755
150	"NA_[150_352.25_0.8]"	1.13217881701426	-0.0402340308640677	-0.0488588648681781
1239	"NA_[1239_631.5_4.5]"	1.12353541715037	-0.0401431563350013	-0.0496672215503026
3200	"NA_[3200_540.54_10.2]"	1.12258186253222	-0.0232955376289489	0.0383978091076691
3356	"N-(2-hydroxytricosanoyl)-D-galactosylsphingosine_[3356_796.67_11]"	1.12251048361727	-0.0185949128791391	0.0377857214391293
2015	"NA_[2015_793.56_7]"	1.12058500261137	-0.0439783238141436	0.0328589374596131
1975	"NA_[1975_824.63_6.9]"	1.1190897703723	-0.0399428873143255	0.0263970661419018
2224	"NA_[2224_728.56_7.5]"	1.10656357654143	-0.0473461063878533	0.0346010868197985
283	"NA_[283_357.31_1.2]"	1.10482500538324	-0.0196028946232321	-0.0327897295815818
472	"1-stearoyl-sn-glycero-3-phosphocholine_[472_524.37_1.8]"	1.10077138222979	-0.0293717481969745	0.0360757080150529
2164	"NA_[2164_702.54_7.4]"	1.10077071636334	-0.0408467584127011	0.0332839277710082
2196	"PC(P-18:1(9Z)/18:1(9Z))_[2196_770.61_7.5]"	1.10055663649497	-0.0384572708716791	0.0354673895409889
151	"NA_[151_268.23_0.8]"	1.09942020455616	-0.0297585042189886	-0.044483179523394
1799	"PC(15:0/17:1(9Z))_[1799_732.55_6.4]"	1.0992736312907	-0.0408946200539659	0.0385772609546574
3417	"NA_[3417_950.82_11.3]"	1.09762095465939	-0.02376965790649	0.0098483666974843
89	"NA_[89_208.13_0.6]"	1.09507969773071	-0.0357430501113355	-0.0244782027737588
2074	"NA_[2074_1529.14_7.2]"	1.09360538383679	-0.0251185918238734	0.0375187674339222
1823	"DG(20:0/18:3(6Z,9Z,12Z)/0:0)_[1823_629.55_6.5]"	1.09130842761071	-0.0339516805899248	0.0306751842747494
419	"NA_[419_503.38_1.7]"	1.09075184590406	-0.0194714381997738	-0.0457218418100906
2413	"NA_[2413_730.57_8]"	1.08975821157437	-0.0379932878247	0.0350935314033108
133	"NA_[133_366.23_0.7]"	1.08855118758298	-0.0403777236951873	-0.046245608072082
256	"NA_[256_373.31_1.1]"	1.08823882019108	-0.0260309063676289	-0.0398668063055152
542	"Eerectquione B_[542_485.29_2.1]"	1.08773821616795	-0.0225371714420597	0.0233282193551654
2338	"NA_[2338_846.67_7.9]"	1.08721685327627	-0.0394695390719431	0.0372166782275908
90	"NA_[90_355.26_0.6]"	1.08705576365516	-0.0155516645752107	-0.0390367631930295
2080	"NA_[2080_1536.1_7.2]"	1.08663110272088	-0.0347110381844258	0.0331736806036902
653	"Eerectquione B_[653_502.32_2.5]"	1.08474550562966	-0.0405339035680001	0.0413284667331066
81	"NA_[81_313.25_0.6]"	1.08449011652899	-0.0255266448246773	-0.0457084097808967
2000	"NA_[2000_772.53_7]"	1.08214476787381	-0.0370978848377615	-0.0119098381568613
456	"NA_[456_512.44_1.7]"	1.08070471294301	-0.0235112854913323	-0.0369321090593615
2389	"NA_[2389_760.62_8]"	1.08059972778033	-0.0392748808372214	0.034751989835139
2212	"NA_[2212_774.6_7.5]"	1.08005147765387	-0.045087826024148	0.0327641391127068
1027	"NA_[1027_441.4_3.8]"	1.07951531254095	-0.0252839347524554	-0.0480796937137307
2144	"NA_[2144_776.56_7.3]"	1.07850237971622	-0.0440986002413331	0.033458804325504
1645	"N-hexadecanoylphytosphingosine-1-phosphocholine_[1645_703.58_6.1]"	1.0782668941791	-0.0357892967952068	-0.019422564786519
1616	"1,2-dioleoylglycerol_[1616_603.54_6.1]"	1.07543535208272	-0.0396428116550381	0.0327960759576463
3396	"NA_[3396_950.82_11.3]"	1.07338483536304	-0.0396084600503048	0.014188879593819
1943	"1-heptadecanoyl-2-arachidonoyl-sn-glycero-3-phosphoethanolamine zwitterion_[1943_754.54_6.8]"	1.07137627131967	-0.0381786062631097	0.0321761392659645
2915	"NA_[2915_480.51_9.3]"	1.07118598393246	-0.0101842443308314	-0.0240229396819874
3173	"NA_[3173_540.54_10.2]"	1.07102581266179	-0.0236756925886101	0.03685196959433
84	"Jasmine ketolactone_[84_226.14_0.6]"	1.07044658649625	-0.0360655872683522	-0.0497863702458166
3415	"NA_[3415_924.8_11.3]"	1.06901148863493	-0.0232316182677964	0.012377863396422
1224	"NA_[1224_396.38_4.5]"	1.06747596710747	-0.021591160878944	-0.0190245201443368
1115	"NA_[1115_382.37_4.1]"	1.06709975642644	-0.0243696211023247	-0.0215750877054732
1781	"NA_[1781_766.57_6.4]"	1.06688424049122	-0.0362425613934597	0.0320992746096846
3448	"NA_[3448_751.74_11.6]"	1.06520845030719	-0.0164984311822206	0.0293974811010316
2839	"NA_[2839_815.7_9.1]"	1.06402068884298	-0.0349399113362224	0.0365717731960607
2962	"NA_[2962_624.63_9.5]"	1.06261123524923	-0.0184676138756175	0.0311135661991245
3437	"NA_[3437_908.81_11.4]"	1.06245109835497	-0.026260872441504	0.0164307955627606
2078	"NA_[2078_1537.1_7.2]"	1.06109468687384	-0.0365312129834162	0.0336164746381896
1978	"NA_[1978_719.58_6.9]"	1.06053689458664	-0.0417507123213171	0.0383009036380951
2462	"NA_[2462_813.68_8.1]"	1.05972504947753	-0.0434502051635338	0.0280469278170079
2259	"NA_[2259_812.62_7.6]"	1.05772851560655	-0.0394914755303821	-0.0299728108101946
76	"NA_[76_248.13_0.6]"	1.05690433650279	-0.0348270404355093	-0.0444586793354804
1876	"1-pentadecanoyl-2-hexadecanoyl-sn-glycero-3-phosphocholine_[1876_742.54_6.7]"	1.0565904328298	-0.0382383259388953	0.0359355679121251
3447	"NA_[3447_850.79_11.6]"	1.05572577761755	-0.0216918710723806	0.0180177560910142
1977	"1-(1Z-hexadecenyl)-2-hexadecanoyl-sn-glycero-3-phosphocholine_[1977_718.58_6.9]"	1.0551808764628	-0.041882389695736	0.0372581604646519
2062	"phosphocholine_[2062_184.07_7.1]"	1.0535714210819	-0.0350999594014207	0.0345128382924
1317	"NA_[1317_410.4_4.9]"	1.05304710607723	-0.0202560532346152	-0.0193090231355592
3381	"NA_[3381_948.8_11.1]"	1.05124884475904	-0.0284232963714148	0.0131282060387927
1793	"NA_[1793_748.53_6.5]"	1.05015333309311	-0.0404364153391366	0.0318952478002036
416	"NA_[416_449.37_1.6]"	1.0479258069366	-0.0183816728877687	-0.0431683121504231
1739	"1-hexadecanoyl-2-(4Z,7Z,10Z,13Z,16Z,19Z-docosahexaenoyl)-sn-glycero-3-phosphocholine_[1739_828.55_6.4]"	1.04452399102431	-0.03498558600751	0.0301334391960436
1934	"NA_[1934_717.56_6.8]"	1.04436537447941	-0.0400724803838841	0.0374638270143948
1268	"NA_[1268_667.57_4.6]"	1.04411062822441	-0.0250896580045549	-0.0379126658336246
652	"NA_[652_485.29_2.5]"	1.04347958394686	-0.0401910728916968	0.0390048530827737
484	"NA_[484_346.27_1.9]"	1.04245448706726	-0.0341547913942239	-0.0444122560515349
730	"NA_[730_991.56_2.8]"	1.04160803986634	-0.02987243421508	0.0486680697397591
158	"NA_[158_308.22_0.8]"	1.04157915017287	-0.0367404970043578	-0.0466397284137992
1485	"diisononyl phthalate_[1485_436.34_5.6]"	1.04115157988453	-0.0309759000783537	0.0119397762536624
1986	"NA_[1986_704.56_6.9]"	1.04067342734553	-0.0361884861951291	0.0348693830046136
1924	"NA_[1924_724.53_6.8]"	1.04043201260889	-0.0437305186155102	0.0307799263148741
1625	"NA_[1625_909.55_6.1]"	1.03802319499872	-0.027483084565561	0.0352320473628327
1453	"NA_[1453_649.52_5.5]"	1.03656739753054	-0.0306247858460164	-0.0312213932960626
185	"N-[(9Z)-hexadecenoyl]glycinate_[185_328.25_0.9]"	1.03603460682437	-0.0337566066653749	-0.0491167287587683
2243	"NA_[2243_804.66_7.6]"	1.03587829826787	-0.0388623425172645	0.0375575837572507
1936	"NA_[1936_716.56_6.8]"	1.03575568494101	-0.0389941904896741	0.0360508685808518
1026	"NA_[1026_454.4_3.8]"	1.03559062822134	-0.0289666939731431	-0.0518486037620385
2895	"NA_[2895_540.54_9.3]"	1.03470939550898	-0.0238652468392543	0.0322956392623828
1738	"NA_[1738_864.62_6.4]"	1.03434238553396	-0.0371050946093154	0.0410081294991097
1622	"NA_[1622_904.59_6.1]"	1.0341830257225	-0.0359096708618495	0.0283880850944843
364	"NA_[364_613.49_1.4]"	1.03407291151338	-0.0324197809800538	-0.0429003962429692
169	"NA_[169_308.22_0.8]"	1.03290215566568	-0.0360944276292407	-0.0464450512167243
1059	"NA_[1059_441.41_3.9]"	1.02987562619878	-0.0245389405984066	-0.0455427461349676
1916	"1-hexadecyl-2-[(4Z,7Z,10Z,13Z,16Z,19Z)-docosahexaenoyl]-sn-glycero-3-phosphocholine_[1916_792.59_6.8]"	1.02158899798251	-0.0391238320814188	0.0299177228619232
2233	"NA_[2233_747.61_7.6]"	1.01997045365205	-0.0413798213499025	0.0328038716371637
2346	"NA_[2346_567.58_7.9]"	1.0198910925919	-0.0276135260922129	-0.0246403020143668
359	"NA_[359_298.26_1.4]"	1.01828978787847	-0.0314031311831039	-0.0439652750866516
2019	"1-octadecanoyl-2-(4Z,7Z,10Z,13Z,16Z,19Z-docosahexaenoyl)-sn-glycero-3-phosphoethanolamine zwitterion_[2019_792.55_7]"	1.01601648012048	-0.0441323082546266	0.0300009989814193
2055	"Cer(d18:0/15:0)_[2055_543.54_7.1]"	1.0157830786196	-0.0227619336550371	0.0302744297340379
1926	"NA_[1926_1449.05_6.8]"	1.01433303295738	-0.042825131553821	0.0293297907597273
1942	"NA_[1942_808.59_6.8]"	1.01329719220329	-0.0275024617489427	0.00264018425058132
1087	"NA_[1087_548.31_4]"	1.01293022388152	-0.0211979380091618	0.0384594717419171
453	"NA_[453_489.37_1.7]"	1.01225214867515	-0.0341843888607914	-0.046465235804889
3449	"NA_[3449_750.73_11.6]"	1.01081215936798	-0.0163400578249972	0.0277439913501147
1866	"NA_[1866_748.53_6.6]"	1.01007027564055	-0.0386537642124508	0.0383500871426757
2096	"dioleoyl phosphatidylethanolamine_[2096_744.56_7.2]"	1.0078964034018	-0.0481014695494541	0.0301562205896485
1749	"NA_[1749_806.57_6.4]"	1.00419664112518	-0.0444221858627511	0.032979735863704
2079	"PE(20:0/18:4(6Z,9Z,12Z,15Z))_[2079_768.55_7.2]"	1.00358491715177	-0.0417860677399629	0.029441775539172
141	"NA_[141_326.23_0.7]"	0.997201657351284	-0.0357760932077918	-0.0465004697859681
1784	"1,2-bis-[(9Z,11Z)-octadecadienoyl]-sn-glycero-3-phosphoethanolamine_[1784_740.52_6.5]"	0.996902289341574	-0.0353070504562399	0.0321051124757655
2244	"NA_[2244_746.61_7.6]"	0.994758281380518	-0.0411212597652	0.0321336565898918
339	"NA_[339_155.11_1.3]"	0.993182003537531	-0.0329762853139927	-0.038030790944388
354	"Ximenynic acid_[354_296.26_1.4]"	0.991204041618271	-0.0335334957708742	-0.0459623901551825
2561	"NA_[2561_801.69_8.5]"	0.987863738951489	-0.0446052642736169	0.0288436681734706
2416	"NA_[2416_798.64_8]"	0.98601864148761	-0.0412052143159849	0.0332750727066801
2404	"NA_[2404_814.63_8]"	0.984212467930321	-0.0414272371741114	0.034655157066442
1642	"NA_[1642_748.66_6.1]"	0.984073185165445	-0.030777247725922	-0.0477159621783561
2344	"NA_[2344_789.62_7.9]"	0.983687117936676	-0.0428680390404663	0.0286185009131666
1864	"NA_[1864_792.59_6.6]"	0.98361006263072	-0.0441346593501891	0.0261969767902131
2655	"NA_[2655_1194.81_8.7]"	0.982435679185187	-0.0318930555542297	0.0361158584428237
349	"Tsibulin 2_[349_183.14_1.4]"	0.981729331831114	-0.0308629998673906	-0.0435932564309835
2329	"NA_[2329_623.58_7.8]"	0.98072344791356	-0.032877888118705	-0.0408522029692139
1783	"NA_[1783_794.57_6.4]"	0.976986650821268	-0.0440773720245855	0.0105725025514877
465	"NA_[465_387.36_1.8]"	0.975677156499006	-0.0365435545849482	-0.0301424069713082
2211	"NA_[2211_745.59_7.5]"	0.975434068683697	-0.0388636011686345	0.0320341894202147
458	"NA_[458_467.38_1.7]"	0.974840161781161	-0.0276043185985728	-0.0421784637927477
2341	"NA_[2341_788.62_7.9]"	0.974013373552393	-0.042353916170455	0.0278921871032648
2922	"NA_[2922_540.54_9.4]"	0.973990734999644	-0.0235750482049173	0.0317623300108107
1915	"NA_[1915_804.62_6.8]"	0.970869209284271	-0.0338485920726468	0.0379554737304061
2118	"PC(P-18:1(9Z)/18:1(9Z))_[2118_770.61_7.3]"	0.968733962237335	-0.0393981267481587	0.0284437630360426
2123	"NA_[2123_1546.18_7.3]"	0.967345106042828	-0.0393075776502559	0.0358717198304094
255	"N-linoleoylglycine(1-)_[255_355.3_1]"	0.967195506669394	-0.0201977001115512	-0.0342842040144237
2280	"NA_[2280_746.61_7.6]"	0.966724926010306	-0.035321267031096	0.031771997944139
2313	"NA_[2313_772.62_7.8]"	0.965697667153474	-0.0382247799894243	0.0322856003082798
2245	"NA_[2245_768.59_7.6]"	0.964439725076713	-0.0374618789942246	0.032494146304249
2222	"NA_[2222_778.58_7.5]"	0.964028990042385	-0.0442363640814426	0.0265631447797548
2075	"Trichodecenin-II_[2075_769.56_7.2]"	0.963075496072989	-0.0390593778678918	0.0289550665197293
741	"Eerectquione B_[741_507.27_2.9]"	0.962991869034735	-0.0280436502103251	0.0383553830078324
2044	"NA_[2044_1554.18_7.1]"	0.961990000350022	-0.0412864554387506	0.0154950770513985
92	"NA_[92_366.23_0.7]"	0.957336460450748	-0.0364146237442232	-0.0310262521176914
2692	"N-octodecanoylsphinganine_[2692_568.57_8.9]"	0.956905351648175	-0.0169453852136944	0.0268366456347941
355	"NA_[355_297.26_1.4]"	0.954425583366209	-0.0333332978266535	-0.0455603308704701
1617	"NA_[1617_880.59_6.1]"	0.954099094503656	-0.0410059954067014	0.0227070969319179
2215	"NA_[2215_744.59_7.5]"	0.954055896079554	-0.0390347580286622	0.0308913324675329
174	"NA_[174_295.25_0.8]"	0.950669289380993	-0.0290419898905358	-0.0421993524791699
1893	"NA_[1893_790.57_6.7]"	0.948740668715794	-0.0474964946717124	0.0309901982853252
1932	"NA_[1932_784.59_6.8]"	0.947717207193587	-0.0446411976732972	0.0291462715944227
3143	"NA_[3143_506.53_10]"	0.947136112346322	-0.00298839787042665	-0.0203538943395316
1429	"NA_[1429_496.45_5.3]"	0.946475147290194	-0.0260013711808522	-0.0458126578693093
1892	"NA_[1892_790.57_6.7]"	0.946236209315349	-0.0482222648922334	0.030567083547078
1719	"PC(16:1(9Z)/17:1(9Z))_[1719_744.55_6.3]"	0.944425797835738	-0.0357580994235868	0.0377596420929552
2342	"NA_[2342_758.61_7.9]"	0.943104330700598	-0.0383970984526944	0.0285487832261292
361	"NA_[361_280.24_1.4]"	0.942137619624344	-0.0350235890116032	-0.0465794182616992
210	"NA_[210_336.25_1]"	0.941916913149461	-0.03561930002106	-0.0435498321317306
687	"NA_[687_550.45_2.7]"	0.941165174697658	-0.027063972028206	0.0403400731132703
1794	"NA_[1794_716.52_6.5]"	0.939888750856601	-0.0384307273997109	0.0318092298433283
176	"11E,17-Octadecadien-9-ynoic acid_[176_277.22_0.8]"	0.938052346772063	-0.0282109009265242	-0.0414436455480217
1303	"NA_[1303_482.43_4.7]"	0.937441656237702	-0.0272506390948132	-0.0455318044812192
71	"3-Oxo-2(R)-(2Z)2-penten-1(R)-yl-cyclopentaneacetic acid_[71_214.14_0.6]"	0.935656010410122	-0.0344833705905862	-0.0468489287945292
1633	"N-octadecanoyl-4-hydroxy-15-methylhexadecasphinganine-1-phosphocholine_[1633_717.59_6.1]"	0.935182903295852	-0.0282820218583363	-0.0095910845772526
1639	"N-(2R-methyl-3-hydroxy-ethyl)-16,16-dimethyl-5Z,8Z,11Z,14Z-docosatetraenoyl amine_[1639_435.39_6.1]"	0.934840760288524	-0.0294663057779122	-0.0470319321788428
1827	"NA_[1827_716.56_6.6]"	0.934353921507091	-0.0449346582613185	0.0330476737737012
1881	"PE(18:2(9Z,12Z)/20:3(8Z,11Z,14Z))_[1881_766.54_6.7]"	0.934232133841611	-0.0417830437548284	0.0255880894983228
363	"NA_[363_591.51_1.4]"	0.93255376453374	-0.0304537864651016	-0.0405409129779816
1718	"1-hexadecanoyl-2-(4Z,7Z,10Z,13Z,16Z,19Z-docosahexaenoyl)-sn-glycero-3-phosphoethanolamine zwitterion_[1718_764.52_6.3]"	0.930742092890815	-0.0369061749534858	0.0325422919980969
2339	"NA_[2339_810.6_7.9]"	0.930708525104916	-0.0416512970682612	0.0319761083106423
2326	"NA_[2326_600.5_7.8]"	0.930562958646815	-0.0369509453946696	-0.0469339896120997
2685	"beta-D-glucosyl-N-(octadecanoyl)sphinganine_[2685_768.58_8.8]"	0.93053707452836	-0.0264204506662834	0.0342493852043307
82	"BAA_[82_209.12_0.6]"	0.929199480253024	-0.0377766885312395	-0.0451381009941486
1434	"dimyristoyl phosphatidylcholine_[1434_678.51_5.4]"	0.927988742986996	-0.0291523474184876	0.0371620462079946
1167	"NA_[1167_468.42_4.3]"	0.926614546925492	-0.0244956022067126	-0.0462628119631696
2330	"NA_[2330_636.57_7.8]"	0.924907610336349	-0.0411774837100003	-0.049137615367332
2396	"NA_[2396_815.64_8]"	0.924598880642308	-0.040171036454444	0.0330672268667349
2537	"PC(p-16:0/20:0)_[2537_774.64_8.5]"	0.923568064005484	-0.0323209835771921	0.031632730568036
56	"NA_[56_327.23_0.6]"	0.923437726081911	-0.0137877003824004	-0.0342120295802702
685	"NA_[685_448.29_2.7]"	0.922611428449548	-0.0183408552875654	-0.0151418146528377
2268	"NA_[2268_800.62_7.7]"	0.922388283794715	-0.0409231882730787	0.0324049978773028
358	"(9Z,11E,13E)-octadeca-9,11,13-trienoic acid_[358_279.23_1.4]"	0.921736436781502	-0.0338366921810068	-0.0455423287185801
2653	"NA_[2653_568.57_8.8]"	0.921138952465674	-0.025392956696949	0.0264770421077082
619	"NA_[619_661.48_2.5]"	0.921090643170736	-0.0339264368741352	-0.0427068267400423
2701	"N-stearoylhexadecasphinganine_[2701_540.54_8.9]"	0.919462915891537	-0.0265755901360159	0.0306178355202305
1774	"NA_[1774_770.57_6.4]"	0.918936981151705	-0.0379734965082127	0.037220744717492
2209	"1-octadecyl-2-[(4Z,7Z,10Z,13Z,16Z,19Z)-docosahexaenoyl]-sn-glycero-3-phosphocholine_[2209_820.62_7.5]"	0.917766379313695	-0.040781383116026	0.0301477926642188
2553	"NA_[2553_775.64_8.5]"	0.915745614670121	-0.0324484569087793	0.0329679338980865
78	"NA_[78_217.19_0.6]"	0.915423463793611	-0.0233247097905659	-0.00194354911151611
2002	"NA_[2002_772.58_7]"	0.912820203938351	-0.0403216384015531	0.0328627232997666
1623	"1-stearoyl-2-arachidonoyl-sn-glycerol_[1623_627.53_6.1]"	0.911347633695182	-0.0354822498042481	0.0242938248798122
173	"NA_[173_294.24_0.8]"	0.910782006019008	-0.0288013495907984	-0.0408621914356614
360	"civetone_[360_251.24_1.4]"	0.910694743664539	-0.0337674425979738	-0.0445334487745634
1117	"NA_[1117_685.58_4.1]"	0.909711500680534	-0.0305452392326876	-0.0460749529723393
264	"NA_[264_336.25_1.1]"	0.909449379628202	-0.0374147718599134	-0.0454370783467121
906	"(9Z,11E,13E)-octadeca-9,11,13-trienoic acid_[906_296.26_3.4]"	0.909184157570814	-0.0328928172650559	-0.039430769340743
2460	"NA_[2460_836.67_8.2]"	0.9090524728856	-0.0325043363254375	0.024049386110933
2157	"NA_[2157_758.61_7.4]"	0.90840673608659	-0.0428427693873702	0.0317036450730215
1462	"NA_[1462_706.58_5.5]"	0.908083054337839	-0.0355033940784479	0.0327493077190381
1469	"N-hexadecanoylsphingosine-1-phosphocholine_[1469_725.56_5.5]"	0.907062343503263	-0.0296569444047184	0.0300612786198106
53	"NA_[53_254.14_0.6]"	0.906152316073569	-0.03690378852886	-0.0402822900630116
2861	"NA_[2861_1010.04_9.1]"	0.905921053566514	-0.0206989806054992	-0.0165339545030481
722	"NA_[722_134.1_2.8]"	0.905504357876372	-0.0301678989685239	-0.0138446520539897
223	"NA_[223_290.21_1]"	0.902778593011623	-0.0264792906577205	-0.039441191520856
2306	"NA_[2306_822.64_7.8]"	0.902376957683902	-0.0423832035417164	0.0300772118224059
1856	"NA_[1856_692.56_6.6]"	0.902173869086456	-0.0373998294668189	0.0329397047968794
2252	"PC(P-16:0/20:1(11Z))_[2252_794.61_7.6]"	0.899953210189604	-0.0460853083954878	0.0242709411846401
170	"NA_[170_312.25_0.8]"	0.898825185310311	-0.0277235841946822	-0.039812246674002
1984	"NA_[1984_818.61_6.9]"	0.898760679560429	-0.0501363693652507	0.0268428119204942
1729	"1,2-di-O-palmitoyl-sn-glycero-3-phosphocholine_[1729_756.55_6.3]"	0.897617395762026	-0.0431012941054396	0.0364805133822166
2213	"NA_[2213_802.64_7.5]"	0.897223685685576	-0.0368972317119391	0.0319406166169032
213	"NA_[213_355.3_1]"	0.896321372073446	-0.0169628673571409	-0.0278722692433264
312	"Decahydro-2-naphthoic acid_[312_200.16_1.3]"	0.895632875343385	-0.0338983994521912	-0.0367826648786537
1838	"NA_[1838_605.55_6.6]"	0.892865446243218	-0.0343922468583774	0.0260849394228165
3341	"NA_[3341_920.77_10.9]"	0.891301609149243	-0.0317684101640127	0.0123301219066719
3484	"NA_[3484_778.77_11.9]"	0.890642269894699	-0.0159859176102546	0.0224980085035112
1759	"3-alpha-D-glucuronosyl-2-palmitoyl-1-stearoyl-sn-glycerol_[1759_790.61_6.4]"	0.890051157640751	-0.0312928345939054	0.0406391325035334
2275	"NA_[2275_771.61_7.7]"	0.888776484585605	-0.041349453255768	0.0331403374805855
91	"CAR(DC11:0)_[91_382.22_0.6]"	0.887949960045979	-0.0334073731290528	-0.0376558098342524
2432	"NA_[2432_746.61_8.1]"	0.886234360012314	-0.0329830248868747	0.0312014111121826
1996	"PC(P-18:1(9Z)/16:1(9Z))_[1996_742.57_6.9]"	0.88611367906884	-0.0407586545107435	0.0316782220194186
475	"NA_[475_348.25_1.9]"	0.886084448958363	-0.0356895667909487	-0.0408890737109631
180	"(9E)-9-nitrooctadecenoic acid_[180_350.23_0.9]"	0.884181638769846	-0.0336926828920706	-0.0347485312739308
1713	"NA_[1713_690.51_6.3]"	0.883984512549117	-0.033097898878987	0.034935495351581
3064	"NA_[3064_708.7_9.6]"	0.883298397431419	-0.0400633956796586	0.0227733231196247
649	"NA_[649_661.48_2.5]"	0.882177382781423	-0.0339424226232297	-0.0391998255063826
350	"NA_[350_318.24_1.4]"	0.882089148456396	-0.0378612733257114	-0.0421772866962979
2063	"PC(12:0/22:1(11Z))_[2063_760.59_7.1]"	0.882071875103236	-0.0445586695620475	0.0271708073577662
2270	"NA_[2270_794.61_7.6]"	0.881703726668478	-0.0452241610518436	0.0235219476952437
214	"NA_[214_314.27_1]"	0.880887824669389	-0.0286973590424135	-0.0404980799496667
404	"NA_[404_310.27_1.6]"	0.88032321343289	-0.0280064338187603	-0.0409546910758891
1834	"1-pentadecanoyl-2-hexadecanoyl-sn-glycero-3-phosphocholine_[1834_720.55_6.6]"	0.87981861903896	-0.0419806766593201	0.0313300122915042
226	"NA_[226_268.23_1]"	0.879562133413812	-0.0305195396276672	-0.0441584173438008
1060	"NA_[1060_454.4_3.9]"	0.877841217257485	-0.0290811058330431	-0.0471628246526
3393	"TG(18:1(11Z)/18:2(9Z,12Z)/18:2(9Z,12Z))_[3393_898.79_11.2]"	0.877565170411887	-0.0350487037797178	0.0153015723638803
2570	"NA_[2570_815.7_8.5]"	0.875168708266838	-0.0419848597083214	0.0272650507336889
2577	"NA_[2577_774.64_8.5]"	0.874239055496628	-0.0347789354844863	0.0322085160724798
375	"civetone_[375_233.23_1.5]"	0.872585775685071	-0.0298323812619641	-0.0408004178737959
1305	"NA_[1305_446.36_4.8]"	0.871434183208248	-0.0274065206185997	-0.0460775525884995
1829	"1-(1Z-hexadecenyl)-2-tetradecanoyl-sn-glycero-3-phosphocholine_[1829_690.54_6.6]"	0.871255933713483	-0.0370707073700944	0.0314442744230469
447	"NA_[447_281.27_1.7]"	0.870251237215972	-0.037585648092929	-0.0388913731529621
1116	"NA_[1116_649.51_4.1]"	0.869932864780713	-0.0345085125568672	-0.0387068513055504
2376	"NA_[2376_636.57_8]"	0.869384141337158	-0.0367887432171015	-0.0487243895461236
1533	"NA_[1533_692.52_5.8]"	0.86917279850055	-0.0329072082601254	0.0336153552052102
284	"scleropyric acid_[284_282.24_1.2]"	0.868185589775109	-0.0299329451693059	-0.0434521983428292
65	"NA_[65_381.24_0.6]"	0.867090214088329	-0.0134957946032337	-0.0325085919920773
2433	"N-[(15Z)-tetracosenoyl]sphing-4-enine-1-phosphocholine_[2433_835.67_8.1]"	0.86661557975704	-0.0410755063088966	0.0275811519756706
1748	"NA_[1748_632.4_6.4]"	0.866341157569499	-0.0161270673399901	0.0222447731975936
2273	"PC(P-18:1(9Z)/18:1(9Z))_[2273_770.61_7.7]"	0.866337166137668	-0.042427967883251	0.0323099481664033
3452	"NA_[3452_876.8_11.6]"	0.865854982713001	-0.0258860495346992	0.0188023976121417
58	"4-deoxovermiculic acid_[58_200.13_0.6]"	0.862799862716196	-0.0374118521006084	-0.0482506736585841
338	"NA_[338_172.13_1.3]"	0.862618658370534	-0.0326405031851465	-0.0345149990015277
2030	"NA_[2030_745.59_7]"	0.861980860738547	-0.0390737404970112	0.030730938015626
2598	"NA_[2598_774.64_8.5]"	0.859243411941623	-0.0292278348234925	0.013202357483327
2014	"NA_[2014_706.57_7]"	0.858851071084183	-0.0420993065605723	0.0311112050978043
2184	"NA_[2184_818.6_7.4]"	0.858313338972621	-0.0427152613282986	0.0281282351732697
1391	"farnesyl acetone_[1391_280.26_5.2]"	0.857750209262731	-0.0256179882348964	-0.0392931325649105
1240	"NA_[1240_609.52_4.5]"	0.857362614656039	-0.0341421524429622	-0.0421121538010274
2093	"NA_[2093_382.37_7.2]"	0.856184131887402	-0.0221420608989103	-0.0336841169928968
1112	"NA_[1112_633.52_4.1]"	0.856111976627466	-0.0303829826756924	-0.0368432772628891
386	"NA_[386_475.35_1.5]"	0.855617859241474	-0.0269657685809828	-0.0403138169755333
1993	"PC(P-18:1(9Z)/18:2(9Z,12Z))_[1993_790.57_6.9]"	0.854677599928385	-0.0372878655827084	0.0193422326171584
215	"(9Z,11E,13E)-octadeca-9,11,13-trienoic acid_[215_279.23_1]"	0.854235844235381	-0.0288500998159978	-0.040100214185799
1621	"NA_[1621_887.56_6.1]"	0.852699212480396	-0.0382082755314478	0.024627765475883
1470	"N-hexadecanoylphytosphingosine-1-phosphocholine_[1470_703.58_5.5]"	0.852445235953523	-0.0356940621988065	0.0312995665616691
171	"NA_[171_295.23_0.8]"	0.852003613124528	-0.0244338574960613	-0.0371143279424253
1728	"NA_[1728_636.57_6.3]"	0.851824557737454	-0.0301546096930698	-0.0500239852315586
225	"NA_[225_251.2_1]"	0.851332339126659	-0.0303621389674863	-0.0439542887726199
2442	"NA_[2442_788.67_8.1]"	0.850721322010912	-0.0398402192768789	0.0188433527025559
1753	"NA_[1753_732.55_6.4]"	0.84959856035368	-0.0394436927715357	0.0327769520569573
221	"(9Z,11E,13E)-octadeca-9,11,13-trienoic acid_[221_296.26_1]"	0.849352994859533	-0.0279557281213153	-0.0403527237534772
661	"NA_[661_507.27_2.6]"	0.848551152043349	-0.0212498154661369	0.0350273459714745
2003	"NA_[2003_1484.11_6.9]"	0.846775452592712	-0.0262900680842793	0.0363221500255331
219	"NA_[219_297.26_1]"	0.846286119507227	-0.0275662822311563	-0.0385197787482084
153	"NA_[153_278.25_0.8]"	0.844970680449095	-0.0332513849520386	-0.0386455351702462
1780	"NA_[1780_733.56_6.4]"	0.844087985514878	-0.0400778625561407	0.0328822854953414
140	"3,6,9,12,15-octadecapentaenoic acid_[140_292.23_0.7]"	0.84171718017656	-0.0395622638563242	-0.0390145290583434
1464	"NA_[1464_761.63_5.5]"	0.8399168171925	-0.0266323077791469	0.0341367163905175
390	"NA_[390_453.37_1.5]"	0.838918469441407	-0.0227471697591121	-0.0377240068354158
2850	"N-stearoylhexadecasphinganine_[2850_540.54_9.2]"	0.837512131495056	-0.0169417531859774	0.0266588675732219
2027	"NA_[2027_860.62_7]"	0.836611496747403	-0.0395461029760437	0.0306131039819213
161	"NA_[161_264.2_0.8]"	0.834460340467298	-0.0252823544564936	-0.0375563729115928
388	"NA_[388_169.12_1.5]"	0.8323021201994	-0.0345475473611013	-0.0387086211126139
1745	"NA_[1745_765.56_6.4]"	0.830911318381238	-0.0371605317580252	0.0205910095191873
201	"(1R,4aR,5S)-5-(3-hydroxy-3-methylpent-4-enyl)-1,4a-dimethyl-6-methylidene-3,4,5,7,8,8a-hexahydro-2H-naphthalene-1-carboxylic acid_[201_338.27_1]"	0.829787606379816	-0.0275755579363361	-0.035200831916461
1097	"NA_[1097_530.35_4]"	0.829373404527002	-0.0272844137741966	0.00521601364641157
285	"NA_[285_283.25_1.2]"	0.82915515633311	-0.0285191986217319	-0.0403294421859236
265	"dihomo-gamma-linolenyl carnitine_[265_467.38_1.1]"	0.828574191566215	-0.019546245311216	-0.0351267402457452
1207	"(9Z,11E,13E)-octadeca-9,11,13-trienoic acid_[1207_296.26_4.4]"	0.828035717158078	-0.0349179008268403	-0.0411896509329367
1192	"NA_[1192_468.42_4.4]"	0.827152145778935	-0.0228828359907445	-0.041745145931305
2517	"D-galactosyl-N-hexadecanoylsphinganine_[2517_740.55_8.4]"	0.825907689742106	-0.0279108299989324	0.0336638540013023
849	"NA_[849_451.39_3.3]"	0.825323291021134	-0.0237433426429311	-0.0406072803714784
573	"linoleoyl ethanolamide_[573_341.32_2.3]"	0.824086273261825	-0.0278439799288761	-0.0350594400955508
2033	"1-[(1Z)-hexadecenyl]-2-[(9Z)-octadecenoyl]-sn-glycero-3-phosphocholine_[2033_744.59_7]"	0.8234787327992	-0.0398902420525309	0.028968809200479
444	"farnesyl acetone_[444_280.26_1.7]"	0.822333722263197	-0.0372825524734044	-0.0377086021992459
2473	"beta-D-glucosyl-N-[(15Z)-tetracosenoyl]sphingosine_[2473_832.66_8.2]"	0.8215185136974	-0.0283967687815322	-0.00341355792790715
348	"NA_[348_319.24_1.4]"	0.82121014942254	-0.0361220123945492	-0.0401242775067977
1846	"PC(17:1(9Z)/17:1(9Z))_[1846_780.55_6.6]"	0.821002659942791	-0.0430427028217436	0.0340177835557988
719	"NA_[719_488.3_2.8]"	0.820197615388277	-0.0252101235992655	0.0213122725806652
279	"NA_[279_449.37_1.2]"	0.820132160919667	-0.0281544001808982	-0.0410041794788073
1900	"NA_[1900_808.59_6.7]"	0.82013111789979	-0.0406725405470836	0.0233594719311513
1992	"PC(P-16:0/20:3(5Z,8Z,11Z))_[1992_768.59_6.9]"	0.819648864113822	-0.0363006342042476	0.021310606386818
1302	"NA_[1302_469.44_4.7]"	0.818913228713863	-0.0194541511550306	-0.036888599244894
1320	"NA_[1320_482.43_4.9]"	0.818683252964231	-0.0237706127821697	-0.0403177200432263
2455	"NA_[2455_784.67_8.2]"	0.817668466037744	-0.00571937658003328	-0.0140322553069704
224	"NA_[224_750.46_1]"	0.817058535980573	-0.0338923577049554	-0.0320109429573394
2046	"NA_[2046_706.57_7]"	0.816845120201883	-0.0394666644208767	0.0333794089616337
667	"NA_[667_619.47_2.6]"	0.816357414671631	-0.0304673876598235	-0.0405149400059754
1601	"NA_[1601_806.71_6]"	0.810722845636831	-0.0306291213017822	-0.0403417127747003
2124	"NA_[2124_868.65_7.3]"	0.810375884017191	-0.0431741355221971	0.0278326271689454
1466	"NA_[1466_704.58_5.5]"	0.810364486103622	-0.0348679500587583	0.0302833333354995
251	"Sarcoursodeoxycholic acid_[251_481.36_1.1]"	0.81036388693389	-0.0216338532646037	-0.0367332455122255
3483	"NA_[3483_904.83_11.9]"	0.810166264850571	-0.0270367258152013	0.00941924657819346
148	"NA_[148_330.26_0.7]"	0.807636442210527	-0.0267453082930204	-0.0382940269240686
2032	"NA_[2032_810.6_7.1]"	0.806154198480659	-0.0429151181937802	0.0241536709742848
1526	"NA_[1526_572.45_5.7]"	0.804252773860652	-0.0177836535181829	0.0267309302024705
2684	"NA_[2684_809.6_8.8]"	0.803832327636264	-0.0216905817327819	0.0305645560283135
2327	"NA_[2327_622.55_7.8]"	0.803581852928053	-0.037637567609422	-0.047874280982337
1828	"4-(trimethylammonio)butanoate_[1828_184.07_6.6]"	0.802615007221083	-0.0414709594740048	0.0304417825883657
1921	"NA_[1921_774.54_6.8]"	0.802470779726444	-0.0427291654626527	0.0281979843151989
1819	"NA_[1819_782.57_6.5]"	0.801768801825123	-0.0389549330151961	0.0238698907185024
1997	"NA_[1997_743.58_7]"	0.800508374988861	-0.0420859066417337	0.0288082479992635
193	"farnesyl acetone_[193_280.26_0.9]"	0.799924101950547	-0.0260719626024733	-0.036888964976692
195	"NA_[195_332.22_0.9]"	0.798573393144905	-0.0313857278503554	-0.0370030845364855
2361	"NA_[2361_526.52_7.9]"	0.797671623631615	-0.02020733059726	0.0364542803872311
903	"NA_[903_607.5_3.4]"	0.795898879246485	-0.0313385301205762	-0.0346843859897151
1282	"NA_[1282_675.54_4.7]"	0.794818665794905	-0.0358993064879332	0.0338895013631589
2077	"NA_[2077_396.38_7.2]"	0.791209672180927	-0.0235335696534801	-0.0325737757409747
1374	"NA_[1374_689.56_5.1]"	0.78878355255757	-0.0320998362834228	0.0345058481969633
2639	"NA_[2639_816.65_8.7]"	0.787650045538394	-0.0382900203555135	0.027390337564038
287	"NA_[287_313.26_1.2]"	0.787181100296415	-0.0206960273903796	-0.0345361741958749
2103	"NA_[2103_780.59_7.2]"	0.786802363865592	-0.0396333760051748	0.0193092785620223
1803	"NA_[1803_790.54_6.5]"	0.786570778277226	-0.0377221924785027	0.0274604059699749
739	"NA_[739_572.4_2.8]"	0.786567367921477	-0.0367136644869662	0.00817275407088276
1012	"NA_[1012_530.35_3.7]"	0.786402733348434	-0.0271201872705466	-0.00163821624305054
615	"Milbemycin alpha27_[615_581.31_2.4]"	0.78462020750526	-0.0233613530738598	0.0551320676855358
1467	"N-hexadecanoylsphingosine-1-phosphocholine_[1467_741.53_5.5]"	0.783906529947103	-0.0302925322046303	0.0265766536277648
2726	"N-pentacosanoyl-4-hydroxy-15-methylhexadecasphinganine-1-phosphocholine_[2726_815.7_8.9]"	0.783647477292122	-0.0413119054479447	0.0240089968168008
1432	"farnesyl acetone_[1432_280.26_5.4]"	0.783372140062513	-0.0238235816680719	-0.0353608195137239
1967	"NA_[1967_638.58_6.9]"	0.783026385792156	-0.0158164282867052	-0.0316777602905922
1185	"NA_[1185_631.5_4.4]"	0.782909498713753	-0.0299935520318995	-0.0383688198407481
1830	"NA_[1830_832.59_6.6]"	0.782825503184456	-0.0410024941439551	0.0255657708494081
154	"NA_[154_261.22_0.8]"	0.782225431977341	-0.0322087429806221	-0.0398070447383904
2141	"NA_[2141_719.58_7.3]"	0.781376117333169	-0.0375513724053538	0.0242376189860416
1910	"NA_[1910_638.58_6.8]"	0.78130697664833	-0.0161386919892737	-0.0333382095105315
1465	"acetylcholine_[1465_184.07_5.5]"	0.780650513532753	-0.0350695781509326	0.0301053620044475
2205	"1-(1Z,9Z-octadecadienyl)-2-(4Z,7Z,10Z,13Z,16Z,19Z-docosahexaenoyl)-sn-glycero-3-phosphoethanolamine_[2205_774.54_7.5]"	0.779446949345194	-0.0342529373595445	0.0230861380694014
1030	"farnesyl acetone_[1030_280.26_3.8]"	0.779164428281074	-0.0345821928608712	-0.0424081684074471
2428	"NA_[2428_814.69_8.1]"	0.776694493823297	-0.039203346834318	0.0235419996130076
2231	"NA_[2231_812.62_7.6]"	0.776191520881653	-0.0415216524362954	0.0234090849476777
198	"stearolic acid_[198_298.27_0.9]"	0.774190596801404	-0.0237475707375114	-0.0342810774696925
1202	"farnesyl acetone_[1202_280.26_4.4]"	0.773780533077897	-0.03237941337604	-0.0416006511270259
149	"NA_[149_297.26_0.7]"	0.773197837328166	-0.0266782527853972	-0.032494517424793
1036	"NA_[1036_418.33_3.8]"	0.772999681348578	-0.0332939857422242	-0.0456089847255478
643	"NA_[643_661.48_2.5]"	0.771713471734171	-0.0330740368186553	-0.0384615898058154
438	"farnesyl acetone_[438_263.24_1.7]"	0.771168274513722	-0.0371090985253727	-0.0366819648165538
1001	"NA_[1001_702.49_3.7]"	0.771059201361816	-0.0389850758794572	0.00210849633008679
1818	"NA_[1818_840.62_6.5]"	0.770741380995967	-0.0386202967710838	0.0255148724996547
2500	"NA_[2500_772.62_8.3]"	0.769427640400501	-0.0365158232510504	0.024802218650249
118	"NA_[118_324.22_0.7]"	0.768251363610908	-0.0331885595334002	-0.0384792107093252
483	"N-(11Z,14Z)-eicosadienoylethanolamine_[483_369.35_1.9]"	0.768172472991477	-0.0264649784542879	-0.0333383094873948
888	"NA_[888_683.57_3.4]"	0.767141178341814	-0.024382459548908	-0.032789430379963
182	"NA_[182_332.22_0.9]"	0.765992932378674	-0.0341622577827503	-0.0393516794757258
563	"NA_[563_679.49_2.2]"	0.765531113861671	-0.0327521722371031	-0.035775675610042
2059	"NA_[2059_1520.16_7.1]"	0.764552739711307	-0.0393981760888483	0.0252806681785924
1742	"4-(trimethylammonio)butanoate_[1742_184.07_6.4]"	0.764127954366372	-0.0389070570964446	0.0298555125992104
2281	"PC(p-16:0/20:0)_[2281_796.62_7.7]"	0.763995548944711	-0.0427710870406559	0.0269993292912206
2324	"NA_[2324_734.61_7.8]"	0.763806447957381	-0.0353908627190047	0.0281634861766322
199	"11-Oxooctadecanoic acid_[199_316.28_0.9]"	0.763721934976272	-0.0240820028941431	-0.03321245091168
1889	"batzelladine A_[1889_790.57_6.7]"	0.763225637295406	-0.0442015781152649	0.0211717593192666
1335	"NA_[1335_701.56_4.9]"	0.762366295307931	-0.0311658911328166	0.033399976974944
2057	"NA_[2057_1521.17_7.1]"	0.761351119296503	-0.038760396108028	0.024080757310116
2523	"1-palmitoyl-2-[(4Z,7Z,10Z,13Z,16Z,19Z)-docosahexaenoyl]-sn-glycerol_[2523_658.54_8.4]"	0.761242357367214	-0.0398299115486394	0.0219844949432928
249	"NA_[249_275.2_1.1]"	0.760460567121195	-0.0237241805854912	-0.0349175226889387
2325	"NA_[2325_799.67_7.8]"	0.760095634407673	-0.0418601231448477	0.026452767369583
677	"NA_[677_378.34_2.7]"	0.757859148622941	-0.0264857060035627	-0.0409630116196282
1740	"NA_[1740_794.57_6.4]"	0.757479857071296	-0.0374458006526236	0.0216023069298595
289	"N-[(9Z)-hexadecenoyl]glycinate_[289_334.24_1.2]"	0.757449731770632	-0.0262046887232697	-0.0341008022317541
1209	"NA_[1209_667.57_4.4]"	0.756418809652442	-0.0315638694411432	-0.0420870640710052
1321	"farnesyl acetone_[1321_280.26_4.9]"	0.755794109862828	-0.0217728481813947	-0.033266844132939
371	"NA_[371_261.22_1.4]"	0.7551815979105	-0.0358447523168104	-0.0425788255747675
1114	"DG(18:2n6/0:0/18:2n6)_[1114_627.53_4.1]"	0.754958833026865	-0.0345601600434396	-0.0393260169667151
769	"NA_[769_283.45_2.9]"	0.754122845147541	-0.0332053913213102	-0.000644982119095652
2886	"NA_[2886_706.68_9.3]"	0.753889437759537	-0.0366419829102345	0.0260790624848844
2138	"NA_[2138_809.59_7.3]"	0.753487487325559	-0.028949691621222	-0.00283924833688379
2431	"N-(2-hydroxypentacosanoyl)-15-methylhexadecasphing-4-enine-1-phosphocholine_[2431_813.68_8.1]"	0.752990629762029	-0.038723053071506	0.0230576023814447
202	"NA_[202_299.28_0.9]"	0.752372187123671	-0.0239551869522404	-0.0340931029763811
2134	"NA_[2134_748.59_7.3]"	0.751700781151998	-0.0401169722543814	0.0262511706046488
1156	"NA_[1156_633.52_4.2]"	0.751520367018981	-0.0283257778285873	-0.0373784396457723
2522	"NA_[2522_745.45_8.4]"	0.749974619314114	-0.0264837043192924	0.0285080702904819
250	"NA_[250_293.23_1.1]"	0.74922252853787	-0.0238029157909165	-0.0349508032125611
2195	"NA_[2195_778.64_7.4]"	0.749082068628982	-0.0326183060377565	0.0333267199355513
467	"N-octadecanoylglycinate_[467_359.33_1.8]"	0.748483971346091	-0.0319240980843101	-0.0232330627733151
300	"NA_[300_654.51_1.2]"	0.747863948238992	-0.0191769889005963	-0.0357702483080362
592	"NA_[592_318.24_2.3]"	0.747077776121006	-0.0346428828382301	-0.0390503451242151
1972	"PC(P-18:1(9Z)/18:3(6Z,9Z,12Z))_[1972_788.56_6.9]"	0.746856922043149	-0.0394543161031149	0.0177919065494106
2004	"NA_[2004_750.54_7]"	0.746150117956365	-0.0413655723416789	0.0256752817500919
2153	"NA_[2153_768.59_7.3]"	0.74441202184623	-0.042627682911848	0.00583160822941464
64	"NA_[64_212.13_0.6]"	0.743865467534613	-0.025772060801307	-0.0375900946790726
1706	"NA_[1706_806.57_6.2]"	0.742780575697655	-0.0403207057216919	0.0273533026441664
583	"N-gondoylethanolamine_[583_371.36_2.3]"	0.741596537540166	-0.031230001026032	-0.0314422092066999
160	"6-{(1S,5S)-4-oxo-5-[(2Z)-pent-2-en-1-yl]cyclopent-2-en-1-yl}hexanoate_[160_282.21_0.8]"	0.741219511936721	-0.0211331657478822	-0.0339002083040746
2203	"NA_[2203_794.61_7.4]"	0.740121780131654	-0.0379465555424909	0.0225707830069896
575	"NA_[575_359.33_2.3]"	0.739316451400732	-0.03494457530047	-0.0302186326366876
147	"Ximenynic acid_[147_296.26_0.7]"	0.739006806476587	-0.0260390081504054	-0.0332897109473593
1599	"NA_[1599_770.64_6]"	0.738875386886727	-0.0249297175586396	-0.0350290878901879
2498	"NA_[2498_762.48_8.4]"	0.738010841814568	-0.031566870006427	0.0288468065363201
2145	"1-(1Z-hexadecenyl)-2-hexadecanoyl-sn-glycero-3-phosphocholine_[2145_718.58_7.3]"	0.737606196193823	-0.0385197832067575	0.0233607339215519
172	"(9E)-10-nitrooctadecenoic acid_[172_350.23_0.9]"	0.73734856829113	-0.0316018309342719	-0.0293565424992049
1662	"NA_[1662_610.55_6.1]"	0.737030052224431	-0.0213556308611214	-0.0378894556602336
2087	"(2E)-geranyl hexadecanoate_[2087_410.4_7.2]"	0.736057379077379	-0.0220433637692885	-0.0313088887894879
1575	"1,2-dipalmitoleoyl-sn-glycero-3-phosphocholine_[1575_730.54_5.9]"	0.734752802942581	-0.0327325152594866	0.0321590863881238
1370	"NA_[1370_884.54_5.1]"	0.734003195305343	-0.0307917082350947	0.0313350526150007
1029	"NA_[1029_281.27_3.8]"	0.733251114153484	-0.0328606663689807	-0.0433782095135991
2223	"NA_[2223_811.67_7.5]"	0.731052331787583	-0.0398008851093452	0.0237496801426932
1746	"PC(P-16:0/20:5(5Z,8Z,11Z,14Z,17Z))_[1746_764.56_6.4]"	0.731027562161262	-0.0355180806345339	0.0157492406780147
1071	"stearolic acid_[1071_298.27_3.9]"	0.729595582435847	-0.0299565247382027	-0.0358097570896218
60	"NA_[60_234.11_0.6]"	0.729215137884751	-0.0214246505381122	-0.0326004425664009
356	"Linoleyl hydroxamic acid_[356_334.21_1.4]"	0.727415693636113	-0.0350295017739958	-0.0348271359769972
2084	"NA_[2084_732.59_7.2]"	0.726928709442264	-0.0401140766897363	0.0290002433642998
2520	"NA_[2520_762.48_8.4]"	0.726661615592384	-0.0308515606555037	0.0287653798183252
746	"NA_[746_641.51_2.9]"	0.726067559537716	-0.0200587787322419	-0.0323372839257785
2881	"NA_[2881_630.62_9.3]"	0.726044540486752	-0.0422217143073314	0.0266510396950082
1493	"farnesyl acetone_[1493_280.26_5.6]"	0.725752213285389	-0.0334283884597597	-0.0367406385051373
2521	"NA_[2521_803.51_8.4]"	0.725061880984095	-0.0318512361760504	0.0298058318727576
618	"NA_[618_647.5_2.4]"	0.72459928063112	-0.0399889518414051	-0.0341869206968482
290	"9-oxo-ODE(1-)_[290_312.25_1.2]"	0.72398413715127	-0.0208032470267393	-0.0340848802939522
1600	"N-(2R-methyl-3-hydroxy-ethyl)-16,16-dimethyl-5Z,8Z,11Z,14Z-docosatetraenoyl amine_[1600_435.39_6]"	0.722522813375876	-0.0260441732040031	-0.0384237959691953
134	"NA_[134_389.3_0.7]"	0.721213485859238	-0.0266025167465499	-0.021535225707489
2518	"NA_[2518_781.57_8.4]"	0.719819258771591	-0.0240965067465063	0.0318142034459893
681	"Acetyl tributyl citrate_[681_403.23_2.7]"	0.719445426545597	-0.0186132867149461	-0.0111237182026947
482	"NA_[482_324.29_1.9]"	0.718960103177079	-0.0327662152194326	-0.0418134637266646
645	"2,3-dilinoleoyl-sn-glycerol_[645_639.49_2.5]"	0.718922419068072	-0.0285331818848605	-0.0387155960818521
1602	"NA_[1602_748.66_6]"	0.718592248940982	-0.0271335356299255	-0.0381915618968305
102	"NA_[102_198.15_0.6]"	0.718504605000381	-0.0286578604185386	-0.027641597586112
1091	"NA_[1091_543.34_4]"	0.718372828809144	-0.0315455871967994	0.00801448628671498
2345	"NA_[2345_566.56_7.9]"	0.717348463351314	-0.02379884336155	-0.0235910092778485
735	"NA_[735_523.25_2.8]"	0.716748105964592	-0.0368420126320726	0.0387611898027484
1498	"NA_[1498_662.51_5.6]"	0.716636646408715	-0.0350108272916464	-0.0264202854568807
139	"2,3-dinor-8-epi-prostaglandin F2alpha_[139_344.24_0.8]"	0.716352533860657	-0.024505529913455	-0.0336830045636516
157	"Fusaridioic acid C_[157_344.24_0.8]"	0.71627503248358	-0.0189103613485997	-0.0297661271914159
2095	"NA_[2095_798.6_7.2]"	0.715024726455679	-0.0413071842965937	0.0217437881013779
819	"Eerectquione B_[819_485.29_3.1]"	0.714323134006762	-0.0244159217224259	0.0189878054076283
1598	"NA_[1598_610.55_6]"	0.712469261503895	-0.021618972230621	-0.0354279430963919
440	"farnesyl acetone_[440_245.23_1.7]"	0.712366677046878	-0.0357905329023131	-0.0343542721848229
668	"Cer(d16:1/5-iso PGF2VI)_[668_597.48_2.6]"	0.711316064142141	-0.0297298804177384	-0.0365622198979749
2016	"NA_[2016_776.56_7]"	0.711291819597304	-0.0222455798478476	0.0151611202054784
1538	"N-oleoyl-(4E,14Z)-sphingadienine-1-phosphocholine_[1538_727.57_5.8]"	0.710805813430458	-0.0242885303324909	0.0438817861509373
1966	"NA_[1966_602.51_6.9]"	0.70996112579455	-0.0126063420024201	-0.0288561313328934
258	"(9E)-9-nitrooctadecenoic acid_[258_350.23_1.1]"	0.708759200960517	-0.0275859489539366	-0.0363407695470659
1083	"NA_[1083_627.53_4]"	0.708180318511484	-0.0331973670247365	-0.0371072536456087
1542	"NA_[1542_705.59_5.8]"	0.708147745481227	-0.031217520248262	0.0262266031491431
727	"NA_[727_528.33_2.8]"	0.708043920776074	-0.027842582900131	-0.0111852582615619
26	"TX-1875_[26_316.21_0.5]"	0.707301714629516	-0.0317245275554158	0.0342854588960309
3482	"NA_[3482_878.82_11.8]"	0.706898248377676	-0.024986772148098	0.00307298628221516
2173	"NA_[2173_778.64_7.4]"	0.706694700280731	-0.0294139368211622	0.0342388333014686
2890	"NA_[2890_648.63_9.3]"	0.70586057599783	-0.0348230829290604	0.025255492487361
252	"NA_[252_292.23_1.1]"	0.705745193169342	-0.0246436410328726	-0.0353740070856621
1920	"NA_[1920_834.6_6.8]"	0.701313445995988	-0.0418218704542791	0.016926681259476
372	"NA_[372_243.21_1.5]"	0.700814257922225	-0.0349120448397243	-0.0403863325560972
1394	"NA_[1394_460.38_5.2]"	0.6980187733049	-0.0251926272798258	-0.0431730598357925
2140	"NA_[2140_786.6_7.3]"	0.696162720063641	-0.041135764339849	0.0257730072078562
866	"Dibutyl decanedioate_[866_315.25_3.3]"	0.696060447269273	-0.0133007971481925	-0.013726222220301
116	"NA_[116_364.21_0.7]"	0.695926134052199	-0.0334893184266427	-0.0285746547689652
1300	"farnesyl acetone_[1300_280.26_4.7]"	0.693971206748017	-0.0228852334947135	-0.0336459754476917
227	"9-OxoOTrE_[227_293.21_1]"	0.692960625858102	-0.0198189533618136	-0.0319332222684134
818	"NA_[818_337.2_3.1]"	0.69284015465033	-0.0242983367159713	0.0179209765279123
2216	"NA_[2216_812.67_7.5]"	0.691641477182755	-0.0392122403753596	0.0226687511501861
1488	"bis(2-ethylhexyl) phthalate_[1488_413.27_5.6]"	0.689702621668286	-0.0320697840695748	0.00540972063193875
1669	"NA_[1669_764.52_6.2]"	0.688607028921781	-0.0452600756045933	0.0254725689178549
121	"NA_[121_284.22_0.7]"	0.688295291299678	-0.0264353779066165	-0.0354087907398475
245	"NA_[245_311.24_1]"	0.688241834321864	-0.0189887118186224	-0.0317545365950441
57	"NA_[57_202.14_0.6]"	0.68561106124052	-0.0256642300201178	-0.0319499666358177
1962	"NA_[1962_767.58_6.9]"	0.685524705999047	-0.0370422339393354	0.0171029781689269
823	"Eerectquione B_[823_523.25_3.1]"	0.684915179212479	-0.0261021599526478	0.0355998660583314
246	"9-OxoOTrE_[246_310.24_1]"	0.684533129342765	-0.0191002403664574	-0.0319410445407642
567	"NA_[567_657.51_2.2]"	0.684350927807455	-0.031618946501412	-0.0355893456778516
1649	"farnesyl acetone_[1649_280.26_6.1]"	0.684275948357844	-0.0323957673984304	-0.0293166447628361
429	"NA_[429_339.3_1.7]"	0.681957721542011	-0.03481394836941	-0.0311516243599558
200	"NA_[200_317.29_1]"	0.680604645068752	-0.0256590136332123	-0.0338034755394749
1973	"PC(P-18:1(9Z)/18:3(6Z,9Z,12Z))_[1973_766.57_6.9]"	0.680492616929533	-0.0362402069354604	0.0168111111837024
2135	"NA_[2135_1572.19_7.3]"	0.679759703797604	-0.0393718694100599	0.0299587883371198
2519	"NA_[2519_748.62_8.3]"	0.679320875411123	-0.0469061822874724	0.00418580977266504
2133	"NA_[2133_1573.2_7.3]"	0.679174413667459	-0.0382799153339078	0.0285451040183685
1979	"PC(19:0/18:4(6Z,9Z,12Z,15Z))_[1979_796.58_6.9]"	0.679093793166965	-0.0437119981748735	0.014775466974121
633	"NA_[633_500.3_2.5]"	0.678878817018581	-0.0236467034083112	0.021359531284097
1235	"NA_[1235_654.58_4.5]"	0.678614899279576	-0.0216863376909326	-0.0339129091383517
2574	"N-(2-hydroxypentacosanoyl)-15-methylhexadecasphing-4-enine-1-phosphocholine_[2574_831.7_8.5]"	0.678229700011359	-0.0343489566632246	0.0202878261389893
612	"2,3-dilinoleoyl-sn-glycerol_[612_639.49_2.4]"	0.67393468437102	-0.0354512512551493	-0.0392650649694549
1948	"NA_[1948_750.54_6.8]"	0.67196080518158	-0.0370822963965346	0.0212576117283767
2200	"NA_[2200_596.57_7.5]"	0.670758996015622	-0.0226044322636219	0.00580935476199651
740	"NA_[740_663.49_2.8]"	0.670666760094286	-0.0174375903953724	-0.0288835658077722
2179	"NA_[2179_742.57_7.4]"	0.668556186018306	-0.0350139350913138	0.0230563805484417
1221	"NA_[1221_609.52_4.5]"	0.667714545504383	-0.0331063140290134	-0.0369644284983916
128	"NA_[128_290.21_0.7]"	0.666455336892253	-0.0372064346204667	-0.0368675468590126
1647	"NA_[1647_756.55_6.1]"	0.665317174796804	-0.0370502659770433	-0.00233251487533135
2461	"NA_[2461_836.66_8.2]"	0.664068834575688	-0.04414582457059	0.0150344897076372
809	"Eerectquione B_[809_502.32_3.1]"	0.66303016712455	-0.0206949257799986	0.0148984069169177
880	"NA_[880_647.5_3.4]"	0.661803933727512	-0.0290066966759025	-0.0324985556478383
292	"NA_[292_235.21_1.2]"	0.660455124086275	-0.0348125473483567	-0.0315461888258913
122	"8,10-hexadecadiynoic acid_[122_266.21_0.7]"	0.659466447638775	-0.0295400430412967	-0.0377845614342691
1111	"NA_[1111_611.54_4.1]"	0.658223601025711	-0.0258285557066452	-0.0324523053455745
1000	"NA_[1000_715.49_3.7]"	0.657788480013298	-0.0353622802678481	0.000500291620712527
1500	"NA_[1500_704.52_5.6]"	0.657356442219086	-0.0293889301961849	0.0311221428612861
2083	"NA_[2083_733.59_7.2]"	0.656915763872906	-0.0443762031189959	0.0227457196624597
1061	"NA_[1061_617.52_3.9]"	0.655164141516183	-0.036768201670354	-0.0349738526491604
477	"NA_[477_336.25_1.9]"	0.654918771918267	-0.0313340924791305	-0.0280826748255086
1501	"NA_[1501_705.53_5.6]"	0.652839730531692	-0.0269558055003424	0.0309320717379082
2477	"NA_[2477_748.62_8.3]"	0.652433402074849	-0.0352149873028003	0.023101580818952
2445	"NA_[2445_780.59_8.1]"	0.651287507509252	-0.00699334754067266	0.0280603034894584
1899	"NA_[1899_768.55_6.7]"	0.650269862061983	-0.0398048301515458	0.00936808538417194
35	"11-hydroxyjasmonate_[35_244.15_0.5]"	0.650138917656967	-0.0346417464291418	-0.0347735956108145
1643	"N-tetradecanoylsphinganine_[1643_534.49_6.1]"	0.649204279246227	-0.0249877453208468	-0.0202125656272418
2347	"NA_[2347_580.58_7.9]"	0.647546897012637	-0.022950581217805	-0.0224771928754516
120	"NA_[120_306.21_0.7]"	0.647386287546271	-0.0342362223689133	-0.0352996351737436
1618	"NA_[1618_762.53_6.1]"	0.647002782305249	-0.0395527502781751	0.0226191804165462
1512	"NA_[1512_704.52_5.6]"	0.645780434541262	-0.0280223969030516	0.0301555296413131
1963	"PC(P-18:1(9Z)/22:6(4Z,7Z,10Z,13Z,16Z,19Z))_[1963_816.59_6.9]"	0.644875513033591	-0.0428617406580204	0.0196590934211012
304	"NA_[304_549.39_1.3]"	0.643716373166412	-0.0322186079969535	-0.0295935397220896
1825	"1-(1Z-hexadecenyl)-2-(4Z,7Z,10Z,13Z,16Z,19Z-docosahexaenoyl)-sn-glycero-3-phosphocholine_[1825_790.57_6.6]"	0.641653667384204	-0.0362249549042487	0.0172030684529581
2169	"NA_[2169_720.59_7.4]"	0.640388714811543	-0.0376374578584316	0.0260206412201147
1113	"NA_[1113_669.59_4.1]"	0.639595013403528	-0.0224036080015806	-0.0323121984441043
434	"NA_[434_320.26_1.7]"	0.639462143604465	-0.0310436459868511	-0.0227057516527548
2056	"NA_[2056_730.58_7.1]"	0.638452560560243	-0.0428324289867374	0.0245742913129028
1513	"NA_[1513_705.53_5.7]"	0.637555419449458	-0.0291359531892437	0.0304022012931305
2031	"PC(P-18:0/20:5(5Z,8Z,11Z,14Z,17Z))_[2031_792.59_7]"	0.636773138218665	-0.0383512931375471	0.0157785711521378
2143	"NA_[2143_844.65_7.3]"	0.636019744266585	-0.0363787679816294	0.00812280046609715
69	"NA_[69_196.13_0.6]"	0.634364960270343	-0.0270895886345308	-0.0320588210288903
2291	"NA_[2291_762.6_7.7]"	0.63212350433296	-0.0376856706468751	0.0202987424388013
2334	"NA_[2334_838.63_7.8]"	0.630737443836107	-0.037197166104892	0.021728288089897
293	"NA_[293_252.23_1.2]"	0.628507500947868	-0.0341097292810358	-0.0300058597423179
33	"(2E,4E,8E,10E)-dodecatetraenedioic acid_[33_240.12_0.5]"	0.627995179574833	-0.0266056912181124	-0.0291944417956612
254	"NA_[254_507.38_1.1]"	0.62768341589811	-0.0154444333537861	-0.0272848972132767
2102	"1-octadecyl-2-[(4Z,7Z,10Z,13Z,16Z,19Z)-docosahexaenoyl]-sn-glycero-3-phosphocholine_[2102_820.62_7.2]"	0.627342194147289	-0.0360429693031587	0.0222734680851933
1070	"NA_[1070_543.34_3.9]"	0.627239580019444	-0.0260911478677638	0.00947056458403101
1944	"NA_[1944_932.63_6.8]"	0.624891080786998	-0.0456387949641082	0.0261497362710816
1988	"4-(trimethylammonio)butanoate_[1988_184.07_6.9]"	0.624062043131541	-0.0420659908119057	0.0224184358345452
1896	"NA_[1896_866.64_6.7]"	0.623986445648527	-0.0388383945460334	0.0253580304802223
62	"NA_[62_236.13_0.6]"	0.622804663203297	-0.0254423623106344	-0.0281709255170871
2357	"NA_[2357_800.66_7.9]"	0.622566124522549	-0.0338963539075702	0.0223345440911526
666	"2,3-dilinoleoyl-sn-glycerol_[666_639.49_2.6]"	0.621637131405836	-0.0291019301771922	-0.0356713238079903
345	"NA_[345_631.5_1.4]"	0.621595757105983	-0.0292655872449432	-0.0283207971823176
1989	"1,2-di-O-palmitoyl-sn-glycero-3-phosphocholine_[1989_734.57_6.9]"	0.621502271669722	-0.0400542289924599	0.0228340381148862
39	"NA_[39_210.11_0.5]"	0.620856422706248	-0.0208845708727578	-0.02447350917389
430	"NA_[430_340.3_1.7]"	0.620526988789379	-0.0324666102192551	-0.0305604629926897
1541	"NA_[1541_706.59_5.8]"	0.618120541644698	-0.0298493488513105	0.0252014197081242
99	"NA_[99_220.13_0.6]"	0.617706666084132	-0.0260398207464101	-0.00762313376474301
1971	"N-stearoylhexadecasphinganine_[1971_562.52_6.9]"	0.616308943492207	-0.0162357512159088	-0.0283830966791838
1914	"N-stearoylhexadecasphinganine_[1914_562.52_6.8]"	0.613882186289672	-0.0161195694123515	-0.0295872338536628
2897	"N-2-hydroxylignoceroylsphingosine_[2897_666.64_9.3]"	0.613308598914513	-0.0302514440222758	0.0264128547467344
2193	"NA_[2193_785.65_7.4]"	0.612231470774835	-0.033878289848287	0.00249072812144905
111	"(11E,15Z)-9,10,13-trihydroxyoctadeca-11,15-dienoic acid_[111_346.26_0.7]"	0.612136743438741	-0.0329295869345072	-0.0359327354449151
427	"stearolic acid_[427_298.27_1.7]"	0.612049597055111	-0.0341200584170688	-0.0287737316354906
441	"NA_[441_321.26_1.7]"	0.611750689620563	-0.033726388401002	-0.0242043457137841
620	"NA_[620_645.48_2.4]"	0.61129685864882	-0.0366381056499398	-0.0296709733454687
2166	"NA_[2166_721.59_7.4]"	0.610077481784925	-0.0376821087219507	0.0251849336587878
2277	"NA_[2277_732.59_7.7]"	0.606654472740405	-0.0326489597290502	0.023874527024543
179	"NA_[179_521.36_0.9]"	0.603981064281762	-0.0301362259656049	-0.0297471040029186
1635	"NA_[1635_806.71_6.1]"	0.601533047424513	-0.0311418749603614	-0.0391340312270789
59	"NA_[59_268.15_0.6]"	0.601384354553379	-0.0279998576509508	-0.0257045872258837
723	"NA_[723_989.61_2.8]"	0.598648633930255	-0.0360157132324032	-0.00110768013073696
2310	"NA_[2310_838.63_7.8]"	0.598590938222416	-0.0377739236638611	0.0205481917783365
1664	"acetylcholine_[1664_184.07_6.2]"	0.598241460294523	-0.0406407593469622	0.0229170626551654
587	"NA_[587_565.41_2.3]"	0.597717618516624	-0.0415310166787956	0.0270115803175898
2076	"NA_[2076_794.61_7.1]"	0.596911491217251	-0.0294005004018808	-0.0106981049432524
1683	"PC(16:1(9Z)/17:1(9Z))_[1683_744.55_6.2]"	0.596435066317494	-0.0359334155043078	0.0277428902482369
1887	"NA_[1887_536.5_6.7]"	0.596219349759156	-0.0173773019698095	-0.0284891690085978
426	"9-cis,11-trans-octadecadienoate_[426_281.25_1.7]"	0.596062957834067	-0.03305500017893	-0.0263329600071967
1898	"PC(18:2(9Z,12Z)/20:3(8Z,11Z,14Z))_[1898_830.57_6.7]"	0.594383008785738	-0.046305480542789	0.018094266707756
420	"NA_[420_299.26_1.7]"	0.5924606198316	-0.0342462531596439	-0.0263968464172076
2239	"NA_[2239_813.62_7.6]"	0.591531252907556	-0.0391402813047506	0.0203126090403675
31	"NA_[31_261.13_0.5]"	0.590891385966113	-0.020388038289872	-0.00722972781478689
2034	"NA_[2034_793.59_7]"	0.590013771899754	-0.0386929516420175	0.01488677670034
1671	"1,2-di-O-pentadecanoyl-sn-glycero-3-phosphocholine_[1671_728.52_6.2]"	0.588086869178408	-0.0367931457417017	0.024013822624784
1847	"PC(17:1(9Z)/17:1(9Z))_[1847_758.57_6.6]"	0.588010383752427	-0.037967289508772	0.0255201196468456
1845	"NA_[1845_781.56_6.6]"	0.587837733261882	-0.0410542608518845	0.0272424417638438
595	"NA_[595_336.25_2.3]"	0.587245060918848	-0.0349069331064006	-0.0288219805470586
1965	"NA_[1965_563.52_6.9]"	0.587189411659917	-0.0156981523713458	-0.0280595022282868
1016	"NA_[1016_543.34_3.7]"	0.586202740357504	-0.025127614635346	0.000600841474257422
2350	"NA_[2350_504.51_7.9]"	0.585793113650067	-0.0268875319150045	-0.0184322595123436
428	"NA_[428_299.28_1.7]"	0.585719265262159	-0.0338288836032751	-0.0283226810531403
44	"NA_[44_188.13_0.6]"	0.585260839517566	-0.0198901985491426	-0.0256492451631095
40	"NA_[40_186.11_0.5]"	0.584812474099516	-0.0214774522576435	-0.0314995850787623
366	"NA_[366_266.25_1.4]"	0.584456484502934	-0.0296079248201731	-0.0229145133315966
257	"NA_[257_485.4_1.1]"	0.584174005869692	-0.0132810139294574	-0.0256278039601876
3202	"NA_[3202_953.81_10.2]"	0.583808812761088	-0.0489465060388075	0.0137291224823313
50	"NA_[50_170.12_0.6]"	0.582604628633158	-0.0191005976483998	-0.0257317672390199
2089	"N-henicosanoyl-4-hydroxy-15-methylhexadecasphinganine-1-phosphocholine_[2089_759.64_7.2]"	0.580176575854617	-0.0306324263778103	0.00488741219440791
2045	"PC(P-18:1(9Z)/20:3(5Z,8Z,11Z))_[2045_794.6_7.1]"	0.580095132320281	-0.036909100965362	0.00892679854320151
2168	"NA_[2168_722.6_7.4]"	0.578784071630481	-0.0361224175324012	0.0237409584261154
1743	"NA_[1743_673.42_6.4]"	0.578123797619486	-0.0148959334975589	0.0133254161677373
1968	"NA_[1968_624.57_6.9]"	0.57597817040978	-0.0126710050170958	-0.0270274280463184
2665	"(2E,10Z)-2-tridecylnonadeca-2,10-dienal_[2665_478.5_8.7]"	0.575258721008567	-0.0131748251324828	0.0110004664451106
882	"NA_[882_625.52_3.4]"	0.575008091073079	-0.023961849846976	-0.0300193156063215
2172	"NA_[2172_808.58_7.3]"	0.572733434455848	-0.0331093090520036	0.00764015700073234
396	"NA_[396_344.32_1.6]"	0.571691774437268	-0.0295391064531488	-0.0224245705660181
48	"NA_[48_224.13_0.6]"	0.570473464655731	-0.02965466841181	-0.0216854738287144
2159	"NA_[2159_748.59_7.3]"	0.570060388107269	-0.0401852838389864	0.00894690257048997
616	"ibha#30_[616_576.35_2.4]"	0.568093623819336	-0.038239823043456	0.0303755605365448
1314	"NA_[1314_616.49_4.9]"	0.567481293387046	-0.0121630128360196	-0.0237263575988062
2260	"NA_[2260_766.57_7.6]"	0.56745695803885	-0.0362146669484646	0.0159665448765706
30	"NA_[30_272.19_0.5]"	0.565885584476465	-0.026350076074726	0.0212352726112773
2266	"NA_[2266_520.51_7.7]"	0.565241979480154	-0.0255554635817418	-0.0197870831529739
2713	"NA_[2713_646.61_8.9]"	0.564533167363562	-0.0290284242585233	0.0103586784424604
2884	"NA_[2884_670.61_9.3]"	0.561526063404766	-0.0391286031766824	0.0260502310445417
2649	"NA_[2649_834.68_8.7]"	0.559117514956108	-0.0438824917037815	0.0176822084890075
585	"(Z,Z,Z)-geranylgeraniol_[585_308.29_2.3]"	0.557956421401958	-0.0340083185598088	-0.0318919968840201
1550	"N-(docosanoyl)ethanolamine_[1550_366.37_5.8]"	0.55757417191376	-0.0390130355947375	0.0129483600706807
332	"3alpha,7alpha,12alpha,24-tetrahydroxy-5beta-cholestan-26-al_[332_468.37_1.3]"	0.55715475312479	-0.0108066261384038	-0.0228071782458863
2139	"1,2-dioleoyl-sn-glycero-3-phosphocholine(1+)_[2139_808.58_7.3]"	0.556111316194478	-0.0354248515593708	0.00453304988110576
51	"NA_[51_153.09_0.6]"	0.555467677632219	-0.0192799975225772	-0.0266742162382164
734	"NA_[734_1007.53_2.8]"	0.554244254405091	-0.0311316185130126	0.0444140233404835
1815	"NA_[1815_804.55_6.5]"	0.55387651011281	-0.0418994465015426	0.0130070445156816
807	"NA_[807_507.27_3]"	0.552326682417982	-0.0136628972216375	0.011369039298298
1615	"NA_[1615_780.55_6.1]"	0.552209912685363	-0.0225093793566749	0.0115880452123765
9	"NA_[9_187.14_0.5]"	0.550491450790358	-0.0225296276198665	-0.0278004259891637
752	"NA_[752_281.11_2.9]"	0.550415549118412	-0.0199595266872566	0.00174316884168886
2873	"NA_[2873_564.58_9.2]"	0.548930040559043	-0.0233902366750292	-0.00711974069536424
1587	"N-octadecanoyl-4-hydroxy-15-methylhexadecasphinganine-1-phosphocholine_[1587_717.59_6]"	0.547008973913242	-0.0348321442892838	0.0259070388649991
2804	"NA_[2804_815.7_9]"	0.545534471448561	-0.0368003600902873	0.0193581768277397
2187	"Cer(d18:0/17:0)_[2187_554.55_7.4]"	0.545008029069112	-0.0144133074374707	0.00270464660504054
806	"NA_[806_991.55_3.1]"	0.543637102095415	-0.0179959136619241	0.0164997645142293
2348	"NA_[2348_522.52_7.9]"	0.543341857541615	-0.0248785086613895	-0.0179032555199324
2204	"NA_[2204_776.61_7.5]"	0.54022556005192	-0.0424090517218387	0.00391610130410307
2572	"beta-D-galactosyl-N-(tetracosanoyl)sphingosine_[2572_828.69_8.5]"	0.538776824744596	-0.0333440012196402	0.0209672011814618
581	"7,13-Eicosadienoic acid_[581_326.31_2.3]"	0.537645363972643	-0.0325562219635283	-0.0287408041568221
47	"NA_[47_266.14_0.6]"	0.537192506252394	-0.0335765774462294	-0.0260379041388566
1778	"NA_[1778_538.52_6.4]"	0.535975033823385	-0.0189070098383058	-0.0185953218579956
1455	"NA_[1455_291.2_5.5]"	0.535300076552944	-0.0286900393671323	-0.0259588732654994
1983	"1,2-di-O-palmitoyl-sn-glycero-3-phosphocholine_[1983_756.55_6.9]"	0.534923122012454	-0.027378583101892	0.0239025893893919
518	"NA_[518_294.24_2]"	0.534458878017802	-0.0320648345015868	-0.0358969511119482
2202	"Cer(d16:1/18:0)_[2202_538.52_7.5]"	0.534161800081428	-0.0393402449363329	0.0243100678436691
1651	"NA_[1651_706.59_6.1]"	0.532812035434127	-0.0114973159493981	-0.014037286724894
2206	"PA(P-20:0/17:0)_[2206_720.59_7.4]"	0.529956358507827	-0.0389580965753131	0.0179354666056628
2761	"NA_[2761_986.04_9]"	0.52888187728505	-0.0259313221832709	-0.0121821932481296
1668	"1,2-di-O-pentadecanoyl-sn-glycero-3-phosphocholine_[1668_706.54_6.2]"	0.528057727252701	-0.0382118527259763	0.0197287667152897
600	"NA_[600_657.51_2.3]"	0.527675807064448	-0.0318889237691541	-0.03024553339992
88	"NA_[88_184.13_0.6]"	0.525994947551656	-0.0161148339610069	-0.0232492242421955
1982	"NA_[1982_1469.14_6.9]"	0.5251765883088	-0.0364382107760657	0.0206606045329015
1987	"NA_[1987_792.62_6.9]"	0.524786920592902	-0.0332092295178814	0.0342337720925652
1319	"NA_[1319_446.36_4.8]"	0.524711437587071	-0.025622431029522	-0.037071881684126
2495	"NA_[2495_803.51_8.4]"	0.523552823801306	-0.023244065743271	-0.00227100458632515
1077	"NA_[1077_609.52_4]"	0.522272681387253	-0.0189913292659592	-0.029616796497365
919	"NA_[919_589.33_3.5]"	0.522185750081922	-0.0119972818622665	0.0171201382228658
516	"NA_[516_295.25_2]"	0.519489676191762	-0.0318070095410948	-0.035569909241974
2573	"NA_[2573_850.67_8.5]"	0.515428055778369	-0.0283246593740447	0.0242247986945749
1810	"1-pentadecanoyl-2-hexadecanoyl-sn-glycero-3-phosphocholine_[1810_742.54_6.5]"	0.515085082040594	-0.0291312945425898	0.0230288951957539
343	"NA_[343_158.12_1.4]"	0.51492789755256	-0.0323651155218318	-0.0305640203376828
2154	"NA_[2154_768.58_7.3]"	0.51399007679259	-0.00562326909147	0.00437249844261452
1912	"9-[(9Z),(12Z)-octadecadienoyloxy]-octadecanoate_[1912_580.53_6.8]"	0.513563898050014	-0.0141862368884951	-0.026869361936018
569	"PA(13:0/20:0)_[569_663.49_2.2]"	0.512931231398985	-0.0328677590265734	-0.0264111022912199
1985	"NA_[1985_1468.13_6.9]"	0.511970666658808	-0.0353173616631247	0.0222214739245414
2648	"beta-D-galactosyl-N-(tetracosanoyl)sphingosine_[2648_812.7_8.7]"	0.511187733182494	-0.0436727861377666	0.0141245617950581
2476	"beta-D-glucosyl-N-[(15Z)-tetracosenoyl]sphingosine_[2476_810.68_8.3]"	0.509565633607	-0.032363542564448	0.00430877157817888
2571	"beta-D-glucosyl-N-[(15Z)-tetracosenoyl]sphingosine_[2571_810.68_8.5]"	0.509520699044813	-0.0324863275078034	0.0194829523612022
632	"NA_[632_505.26_2.5]"	0.508782610715242	-0.0207099095442076	0.0315392893246779
1486	"NA_[1486_449.34_5.6]"	0.50830150922862	-0.0328795807877803	0.00905501528321946
54	"NA_[54_171.12_0.6]"	0.508204088742587	-0.0182437995413014	-0.0251385394546221
801	"NA_[801_621.48_3.1]"	0.505519383129414	-0.0299020156450767	-0.032701330030746
2879	"NA_[2879_550.57_9.2]"	0.504832106023229	-0.0254721939935971	-0.00476681593879044
713	"3E-Hepten-2,5-dione_[713_127.08_2.8]"	0.504568436008666	-0.0346957980683765	0.00866062517258368
2120	"NA_[2120_810.6_7.3]"	0.504416754960832	-0.0383062561013527	0.0125490675587681
715	"Eerectquione B_[715_502.32_2.8]"	0.503910710482978	-0.0309583021147328	0.00347961833261022
2826	"NA_[2826_1000.05_9.1]"	0.503241271796581	-0.0282145691511911	-0.00729131289000744
2380	"NA_[2380_789.67_8]"	0.500720983814746	-0.0119539384139824	0.0060769211696336
2407	"NA_[2407_789.67_8]"	0.500720983814746	-0.0119539384139824	0.0060769211696336
421	"NA_[421_253.25_1.7]"	0.499818852885619	-0.0332336900445824	-0.0260435552015737
515	"NA_[515_277.22_2]"	0.498538620305082	-0.031201229897837	-0.0342969959595304
2704	"NA_[2704_596.6_8.9]"	0.497031102819475	-0.012905114064244	0.00657824679671303
803	"NA_[803_582.35_3.1]"	0.496191571299735	-0.0361108955146194	0.0223480395105304
1731	"Cer(d16:1/18:0)_[1731_560.5_6.3]"	0.495420400259758	-0.0250814095007493	-0.0357134470932598
997	"NA_[997_631.5_3.7]"	0.49264237847096	-0.0365653603335504	-0.0191241547672046
853	"Eerectquione B_[853_485.29_3.3]"	0.492335499670129	-0.0302124693693709	0.0242932276605677
2298	"N-(2-hydroxytetracosanoyl)-15-methylhexadecasphing-4-enine-1-phosphocholine_[2298_799.67_7.7]"	0.491401151587269	-0.0368465528758347	0.0174308630703359
854	"Eerectquione B_[854_502.32_3.3]"	0.488993861653687	-0.0283468331308012	0.02269128295849
519	"linoleoyl ethanolamide_[519_341.32_2]"	0.48844460228895	-0.0232454188429706	-0.0234914227751342
1841	"NA_[1841_816.62_6.6]"	0.488065318565166	-0.0334369961873367	0.0331498059008119
55	"NA_[55_152.11_0.6]"	0.487588569873178	-0.0177018249692908	-0.0249503430064038
183	"NA_[183_429.22_0.9]"	0.486991754704643	-0.009145910256314	0.0229612556309132
2090	"PC(22:1(11Z)/12:0)_[2090_760.59_7.1]"	0.486981129378332	-0.0307821505538169	-0.017551108661501
1637	"NA_[1637_705.59_6.1]"	0.486846956489496	-0.0310235847263305	0.000563312450057922
859	"Eerectquione B_[859_523.25_3.3]"	0.486741287373769	-0.028299768694678	0.0331952860609668
791	"NA_[791_523.25_3]"	0.485902082435057	-0.0152806180981508	0.0149361799345476
574	"oleoyl ethanolamide_[574_343.33_2.3]"	0.485673605121218	-0.0278799865341912	-0.0220839914541573
850	"NA_[850_530.35_3.3]"	0.482485453750898	-0.0302265935640907	0.00304797145531105
291	"NA_[291_311.27_1.2]"	0.482114880916366	-0.0315301298215838	-0.0231988788333374
2029	"NA_[2029_822.6_7]"	0.478120268928894	-0.0381036445103234	0.0143914018631037
208	"aleplasinin_[208_443.23_1]"	0.476785506179931	-0.00813371071563423	0.028623033214805
2842	"NA_[2842_1038.07_9.2]"	0.476123997393323	-0.0319871227847709	0.00743295396919421
294	"NA_[294_296.25_1.2]"	0.475226986225186	-0.0354079692124473	-0.0241012805535836
100	"NA_[100_181.12_0.6]"	0.47434191050076	-0.0269789926293716	-0.0218436911455599
38	"NA_[38_208.09_0.5]"	0.473859799339646	-0.0151300327185076	-0.0232759641415624
590	"NA_[590_348.29_2.3]"	0.473787693245076	-0.0332233525048149	-0.0171116071294809
656	"NA_[656_530.35_2.5]"	0.47320993507246	-0.0225577359594803	0.0270948004080847
726	"NA_[726_986.6_2.8]"	0.472106190704798	-0.0326298367590601	-0.0034861602973467
805	"NA_[805_376.32_3.1]"	0.470408395935131	-0.0314012623058302	0.0317875853822255
138	"NA_[138_207.12_0.7]"	0.470158153445225	-0.0246688887905284	-0.0152642245293445
729	"Diapolic acid A_[729_153.09_2.8]"	0.469035502339285	-0.0359764283756831	0.0167713282599292
918	"glycerol phenylbutyrate_[918_531.27_3.4]"	0.468689202528898	-0.0112313814098315	0.01519922399055
2248	"NA_[2248_811.67_7.5]"	0.468318172621844	-0.0379982163205001	0.0203205136207976
2449	"NA_[2449_424.45_8.1]"	0.466990817147116	-0.0117543696163054	0.0144516803056671
1661	"1,2-dipalmitoleoyl-sn-glycero-3-phosphocholine_[1661_730.54_6.1]"	0.466870084890824	-0.039404519052171	0.0110500461651872
916	"NA_[916_532.28_3.4]"	0.466798943207497	-0.0106155423608627	0.0150263096155482
543	"NA_[543_507.27_2.1]"	0.466567112676409	-0.0233005651060287	0.0202299832391297
2121	"1-octadecanoyl-2-[(8Z,10Z,12Z,14Z)-eicosatetraenoyl]-sn-glycero-3-phosphocholine_[2121_832.58_7.3]"	0.464548632403004	-0.0311756234856676	-0.00131170480770648
917	"glycerol phenylbutyrate_[917_548.3_3.4]"	0.463477318333349	-0.0112825000436172	0.0154273297153737
784	"Aspereline E_[784_991.55_3]"	0.461524422501315	-0.0109714341259476	0.00960964619071125
895	"Eerectquione B_[895_507.27_3.4]"	0.460262320164888	-0.0188950814051327	0.0197642627086622
2825	"NA_[2825_987.04_9.1]"	0.457852479005604	-0.0101208118048039	0.00708617878944569
1038	"NA_[1038_629.49_3.8]"	0.457279457463122	-0.0242967514216382	-0.0309400635541453
2367	"NA_[2367_788.62_7.9]"	0.454818222345823	-0.0315516894074929	0.0308629426872578
1817	"NA_[1817_538.52_6.5]"	0.451558761197927	-0.0167835978480867	-0.0215802831894739
167	"C16 phytosphingosine_[167_290.27_0.8]"	0.449657974635005	-0.0332221248495283	0.00299200359714255
1676	"NA_[1676_764.59_6.2]"	0.44896506033796	-0.0310100292738515	0.0229801406011574
702	"NA_[702_572.4_2.8]"	0.448524184897257	-0.0261846803274415	0.000979742552976534
119	"NA_[119_315.19_0.7]"	0.447225140974365	-0.00780618744524851	0.0287471201286763
45	"NA_[45_180.1_0.6]"	0.444057642427112	-0.017049466493673	-0.0116987235651746
1933	"1-[(9Z)-octadecenoyl]-2-[(6Z,9Z)-octadecadienoyl]-sn-glycero-3-phosphocholine_[1933_806.57_6.8]"	0.443146319019431	-0.037723622209022	0.0194230354781451
1666	"NA_[1666_768.55_6.2]"	0.442586558062564	-0.0407134173836661	0.0116862883261392
1675	"1-stearoyl-2-arachidonoyl-sn-glycero-3-phosphoserine(1-)_[1675_812.54_6.2]"	0.439451909375052	-0.0283937626418401	0.0123214882386419
2515	"batzelladine A_[2515_768.58_8.4]"	0.438458153914724	-0.0294228754852016	0.0258730770417216
368	"ubiquinones_[368_251.13_1.4]"	0.434753710784051	-0.0340952041204974	0.0301838515505079
2611	"NA_[2611_801.68_8.6]"	0.434576787476704	-0.0379215544645211	0.0252190042959549
2289	"NA_[2289_784.58_7.7]"	0.433914530903472	-0.0324719400108279	0.0108497339663797
2136	"1-octadecanoyl-2-(6Z,9Z,12Z,15Z,18Z-docosapentaenoyl)-sn-glycero-3- phosphocholine_[2136_836.62_7.3]"	0.433639199090856	-0.0316535405036703	0.00434926829316934
2399	"N-tricosanoyl-4-hydroxy-15-methylhexadecasphinganine-1-phosphocholine_[2399_787.67_8]"	0.432859574667983	-0.0351878916216264	0.0183052261401771
706	"NA_[706_516.33_2.8]"	0.431502800957921	-0.0366419967224015	0.0158292450333908
1634	"PC(18:1(9Z)/13:0)_[1634_718.54_6.1]"	0.426677824435141	-0.0373122728514186	0.00882944228439559
743	"NA_[743_647.5_2.8]"	0.425242106063255	-0.0322907443572402	-0.0294789890167783
166	"NA_[166_224.16_0.8]"	0.423526884964667	-0.0270059345418667	-0.0130454409378079
584	"NA_[584_528.33_2.3]"	0.422804244104461	-0.0255676807680707	0.0252849699449181
1106	"NA_[1106_617.52_4.1]"	0.4223984601813	-0.0325202709335909	-0.0324535750359471
549	"NA_[549_321.26_2.1]"	0.422272537068881	-0.0318638830451307	-0.000836414725990026
325	"NA_[325_352.23_1.3]"	0.422161722971646	-0.0294807136614023	-0.00275878920209659
614	"1-oleoyl-3-linoleoylglycerol_[614_641.51_2.3]"	0.420171666101388	-0.0313678249080774	-0.0207043164694169
297	"11E,17-Octadecadien-9-ynoic acid_[297_277.22_1.2]"	0.418651539656898	-0.0303434566287099	-0.0219436692039647
810	"Precorallopyronin A_[810_529.33_3.1]"	0.417558367760334	-0.025486689136925	0.0107958532719126
828	"NA_[828_499.31_3.2]"	0.415319306378947	-0.0246719236109781	0.014892166644696
2405	"NA_[2405_788.67_8]"	0.415014426924676	-0.0354354767289432	0.0179457090163946
142	"Cytospolide C_[142_355.21_0.7]"	0.413775839656035	-0.0257460644613289	-0.0136518665933226
634	"NA_[634_483.27_2.5]"	0.412507461539773	-0.022582871813667	0.0179977062691304
1941	"NA_[1941_798.6_6.8]"	0.41145458191406	-0.0266356214904536	-0.00233775074884917
2142	"NA_[2142_810.6_7.3]"	0.408644119543356	-0.0358475184034623	0.0110856385021286
43	"NA_[43_222.11_0.6]"	0.406795243365086	-0.0182957953711916	-0.0223267639048094
2146	"NA_[2146_836.62_7.3]"	0.406301146159765	-0.0320187045840289	0.00359403374586111
2048	"PC(20:3(8Z,11Z,14Z)/20:3(8Z,11Z,14Z))_[2048_834.6_7.1]"	0.405963277603621	-0.0347248307330226	0.00455168077670337
1679	"1,2-dioleoyl-sn-glycero-3-phospho-L-serine_[1679_788.54_6.2]"	0.405512162112055	-0.0312811344623599	0.0170690367143397
922	"NA_[922_576.33_3.5]"	0.403800386562385	-0.0104162588317847	0.0134888129916587
712	"NA_[712_505.32_2.8]"	0.402797361885074	-0.0296623881427709	0.0155560937036435
136	"(3S,4S,7R,9R,12S,13S,16R,18R)-3,9,12-Trimethyl-18-ethyl-4,7:13,16-diepoxy-1,10-dioxacyclooctadecane-2,11-dione_[136_400.27_0.7]"	0.40017650884036	-0.0237831494293078	0.0169689494221743
2812	"NA_[2812_986.04_9.1]"	0.400095436642169	-0.0105521345677399	0.00568004718627599
431	"Randilongin_[431_595.54_1.7]"	0.399622618599971	-0.0297263055402657	-0.0228510023054721
720	"Eerectquione B_[720_485.29_2.8]"	0.397542814292464	-0.0257526303139793	0.00486530988545659
724	"NA_[724_147.08_2.8]"	0.396052945670686	-0.0236139467254282	0.0102607845928471
744	"diethylamino hydroxybenzoyl hexyl benzoate_[744_398.23_2.9]"	0.393231516904181	-0.0142954765159583	0.0144425014053432
736	"NA_[736_543.34_2.8]"	0.392224645691062	-0.0259320387047357	0.0197545313322465
2400	"NA_[2400_424.45_8]"	0.391830431656355	-0.0328194944242787	0.00117747572535049
711	"NA_[711_337.2_2.8]"	0.391367807410117	-0.0257523619929796	0.00839729677294497
783	"NA_[783_507.27_3]"	0.390727377025326	-0.0158109662099888	0.00882766720017728
3053	"NA_[3053_534.56_9.6]"	0.390052984981509	-0.0124352282518153	0.00534010483048007
1632	"soblidotin_[1632_719.54_6.1]"	0.389661315904039	-0.033694768585548	0.0122160581706478
324	"NA_[324_337.25_1.3]"	0.387863103288734	-0.0263350233546658	-0.00471157471910701
295	"NA_[295_295.25_1.2]"	0.387415006894433	-0.029966683986907	-0.0182121554116529
1667	"NA_[1667_1412.07_6.2]"	0.385101239542294	-0.03368207539738	0.0148824863232902
995	"NA_[995_647.5_3.7]"	0.384352809875209	-0.032840462835756	-0.016825693362799
570	"NA_[570_641.51_2.3]"	0.382851398302394	-0.0316769488236681	-0.0245886413325832
513	"N-octadecanoylglycinate_[513_359.33_1.9]"	0.382700955790592	-0.0329646666169477	-0.0191736783953099
2150	"N-(2-hydroxytricosanoyl)-15-methylhexadecasphing-4-enine-1-phosphocholine_[2150_785.65_7.3]"	0.382505547480562	-0.0341902628760207	0.0114101742493215
709	"Talarazine A_[709_486.29_2.8]"	0.380740130812254	-0.023488336896383	0.00952614097921363
296	"NA_[296_294.24_1.2]"	0.38067460137261	-0.030171978879683	-0.0185558266967761
728	"Precorallopyronin A_[728_529.33_2.8]"	0.380584960838685	-0.0261855153406395	0.0143325038508047
29	"(E,E)-2-methyl-6-oxohepta-2,4-dienal_[29_156.1_0.5]"	0.37871430223747	-0.0154530250119591	-0.0197015570948575
2647	"beta-D-galactosyl-N-(tetracosanoyl)sphingosine_[2647_794.69_8.7]"	0.377968232673184	-0.0284665480350703	-0.00300926555547696
2082	"PE(20:0/18:4(6Z,9Z,12Z,15Z))_[2082_790.53_7.2]"	0.373864309508108	-0.0337593515345473	0.0174369229180775
2434	"NA_[2434_787.67_8]"	0.373436358629845	-0.0361380550220671	0.00788658410481165
829	"NA_[829_516.33_3.2]"	0.370107716387387	-0.0284661453186449	0.00643648092901714
714	"NA_[714_149.1_2.8]"	0.369650119996933	-0.0241851135327574	0.00683620249949165
22	"NA_[22_196.09_0.5]"	0.369191254818458	-0.0147148099064383	-0.0189850696542592
400	"NA_[400_519.38_1.6]"	0.369093093797938	-0.026613485089685	-0.0155630297231966
2836	"NA_[2836_1039.07_9.2]"	0.366728449604109	-0.0300343516792701	0.0103042521320317
433	"NA_[433_617.52_1.7]"	0.363891327721112	-0.0267885854523842	-0.0120669689446669
1015	"NA_[1015_629.49_3.7]"	0.363890569244196	-0.0319681181118679	-0.023033916759979
2307	"NA_[2307_796.62_7.7]"	0.36332176005129	-0.0310366904705831	0.0221710544733352
3087	"NA_[3087_947.6_9.7]"	0.362910894991854	-0.0130066734701553	0.0125787057868743
137	"NA_[137_377.19_0.7]"	0.361680823415827	-0.0269695260184343	0.0104996397339752
716	"NA_[716_351.18_2.8]"	0.359719040502056	-0.0237602360799258	0.00475272151312253
20	"NA_[20_174.11_0.5]"	0.358385524069458	-0.0135377413762392	-0.0192292613223921
323	"NA_[323_336.25_1.3]"	0.356924499747948	-0.0244483228357765	-0.00592173081722764
812	"NA_[812_543.34_3.2]"	0.356866079754756	-0.0269037184028687	0.00896506521569927
1084	"NA_[1084_649.51_4]"	0.353623741423926	-0.0240642536691816	-0.0304419769123562
1902	"LysoPA(22:5(4Z,7Z,10Z,13Z,16Z)/0:0)_[1902_502.29_6.7]"	0.352203870571515	-0.0289885273824517	-0.00830062496723804
28	"NA_[28_209.13_0.5]"	0.352190126776664	-0.0155879190198222	-0.0210204745617677
710	"NA_[710_467.28_2.8]"	0.351458709007318	-0.023807909474729	0.00633733335464696
894	"Eerectquione B_[894_502.32_3.4]"	0.351345546653216	-0.0154245508320733	0.0101540119932315
893	"Eerectquione B_[893_485.29_3.4]"	0.350219337912455	-0.0162881949621806	0.0108567938316851
554	"NA_[554_312.33_2.1]"	0.349708872082484	-0.031373629493537	0.000102879358401867
305	"NA_[305_507.38_1.3]"	0.349242168618926	-0.0082460021913776	0.00798241048259134
2358	"NA_[2358_822.64_7.9]"	0.348577643701746	-0.0304883019344425	0.00735774973279853
1747	"N-nonadecanoyl-4-hydroxy-15-methylhexadecasphinganine-1-phosphocholine_[1747_731.61_6.4]"	0.346656410133177	-0.0312340830861123	0.0174802143707299
732	"NA_[732_503.32_2.8]"	0.345576965323742	-0.025164207058977	0.00913815817689794
1008	"bacteriohopane-32,33, 34-triol-35-carbamate_[1008_607.5_3.7]"	0.343073630964277	-0.0296522509763247	-0.0261448857884759
1581	"NA_[1581_792.69_5.9]"	0.343032169828185	-0.0192493386869443	-0.0270722213543589
721	"NA_[721_189.11_2.8]"	0.341376272253599	-0.0239651313788515	0.0133738354300368
544	"N-hexadecanoylglycinate_[544_336.25_2.1]"	0.341193215280385	-0.029226606682039	-0.017010351578394
978	"NA_[978_530.35_3.7]"	0.338505944888763	-0.0286674908908589	-0.00289985206438935
18	"NA_[18_230.14_0.5]"	0.337600128845057	-0.0186999463450533	-0.0212972476804889
725	"Peniginsengin C_[725_319.19_2.8]"	0.334819463702388	-0.0192556062359492	0.00792616330771237
718	"NA_[718_487.3_2.8]"	0.334079696725113	-0.0222309132512666	0.00975720179519043
203	"NA_[203_292.23_1]"	0.333128787411436	-0.0218138784862567	-0.0233576931166234
591	"sandaracopimaric acid_[591_320.26_2.3]"	0.324121571538121	-0.0316616372805828	-0.00802746392809702
27	"[(S)-3-oxocyclohexyl]acetic acid_[27_139.08_0.5]"	0.318932014132244	-0.0138196494874289	-0.0191636489166858
1484	"bis(2-ethylhexyl) phthalate_[1484_391.28_5.6]"	0.318326706196634	-0.033115327995342	0.021462103396009
1058	"NA_[1058_530.35_3.9]"	0.315528856411002	-0.0260350464679412	0.0121502902234033
3088	"NA_[3088_906.58_9.7]"	0.309029410629103	-0.0105647750426279	0.0107156905552092
794	"Precorallopyronin A_[794_529.33_3.1]"	0.305865335806818	-0.0266277658200811	-0.000250783648664809
947	"NA_[947_507.27_3.6]"	0.304895704589042	-0.0261323603230655	0.0189957036471395
2595	"NA_[2595_452.48_8.5]"	0.304613997769359	-0.0271036889354269	0.0201376772142987
321	"NA_[321_593.53_1.3]"	0.300836349182094	-0.0292704549567606	-0.0080885861084876
2834	"NA_[2834_480.51_9.1]"	0.300787423714421	-0.00785627276211674	0.00142065993474073
670	"NA_[670_294.28_2.6]"	0.297943309172686	-0.0284338639560318	0.0157821688834838
771	"NA_[771_281.11_2.9]"	0.296992709133041	-0.0309218042396553	0.0104556354989666
852	"NA_[852_337.2_3.2]"	0.296039769943264	-0.0279589053560414	0.017059340661927
276	"NA_[276_493.36_1.1]"	0.294704059699434	-0.00947735203053653	0.00353788756429191
3072	"NA_[3072_947.6_9.7]"	0.290297648412877	-0.0210233971173857	0.0154484629619999
913	"Precorallopyronin A_[913_529.33_3.4]"	0.28957015153521	-0.0153528807684122	0.00791102436280138
2815	"NA_[2815_480.51_9.1]"	0.288271637538448	-0.00824085554649216	0.000764187388546054
319	"NA_[319_465.41_1.3]"	0.283972712043764	-0.0272890071559388	-0.0143192435411029
3083	"NA_[3083_906.58_9.7]"	0.283888593894178	-0.0118739629677097	0.0110891196183674
211	"NA_[211_293.23_1]"	0.276694329109703	-0.021209667534385	-0.0247468328286894
2866	"NA_[2866_480.51_9.2]"	0.27608032402548	-0.00794873066369277	0.000736225365869228
1861	"N-(2-hydroxyhexadecanoyl)sphinganine_[1861_538.52_6.6]"	0.27306355678802	-0.0171410325947216	-0.0110034865367232
1636	"NA_[1636_770.64_6.1]"	0.268059772484705	-0.0194898983880415	-0.0255075887874289
2645	"NA_[2645_591.62_8.7]"	0.258954603930242	-0.0207586495587832	0.0209448592595659
2940	"NA_[2940_1016.08_9.4]"	0.25801081354735	-0.0165878055950163	-0.00296884772718035
1024	"NA_[1024_507.27_3.8]"	0.256733124216292	-0.0245646747913264	0.0163325576658722
966	"Eerectquione B_[966_502.32_3.6]"	0.255209006252252	-0.0231059153202617	0.00316785889681957
965	"Eerectquione B_[965_485.29_3.5]"	0.255066625800268	-0.0242548896094301	0.00387784579589813
21	"Senkyunolide h_[21_242.14_0.5]"	0.253589700780556	-0.0230123708124238	-0.0191958146232916
848	"Precorallopyronin A_[848_529.33_3.2]"	0.24587181288552	-0.02725521776234	0.00762067353766601
909	"NA_[909_543.34_3.4]"	0.24516758717283	-0.0176958994561032	0.00812824892197387
2197	"NA_[2197_748.46_7.5]"	0.244441835006964	-0.0199693886807042	0.0113978071881501
2846	"NA_[2846_551.59_9.1]"	0.237533288944225	-0.0216749464287257	-0.00535410087315424
847	"NA_[847_543.34_3.2]"	0.236599680723261	-0.0265212698996483	0.00513748715870145
977	"NA_[977_543.34_3.7]"	0.233517338153117	-0.0262835635156637	0.000563991946770017
816	"NA_[816_530.35_3.2]"	0.222852188591621	-0.0270121030861661	0.00329055218538401
1040	"Eerectquione B_[1040_507.27_3.8]"	0.218817075917664	-0.0239477781565856	0.019046232434774
2199	"NA_[2199_789.49_7.5]"	0.197898738050697	-0.0192582705768563	0.0096312472013839
2758	"NA_[2758_492.51_9]"	0.19191631963439	-0.0162576241619359	0.00447182807649106
2875	"NA_[2875_508.53_9.2]"	0.177019790053167	-0.0122678125475543	0.00110531472090556
926	"NA_[926_531.35_3.5]"	0.160758212045727	-0.0211865935793746	0.00833441594038869
1021	"Eerectquione B_[1021_485.29_3.7]"	0.157227929384041	-0.0189164872351284	0.00180839918303409
927	"NA_[927_530.35_3.5]"	0.156978226131003	-0.02163639776903	0.00871320195815421
1022	"Eerectquione B_[1022_502.32_3.7]"	0.135709802194566	-0.0182655268273087	0.00222251816229902
