data_source	npc_level	npc_term	npc_label	feature_id	higher_mean_group	lower_mean_group	mean_difference_max_min	abs_mean_difference_max_min	average_intensity	median_intensity	mean_pet	median_pet	mean_untreated	median_untreated	contribution_fraction_of_term_difference	cumulative_contribution_fraction	average_intensity_fraction_of_term	feature_id_full_annotated	sirius_chebiasciiname	sirius_name	sirius_adduct	gnps_component	canopus_npc_pathway	canopus_npc_superclass	canopus_npc_class	canopus_npc_pathway_probability	canopus_npc_superclass_probability	canopus_npc_class_probability
raw	superclass	Fatty Acids and Conjugates	NPC superclass: Fatty Acids and Conjugates	354	PET	Untreated	216914833.333333	216914833.333333	1475652483.33333	1552056300	1584109900	1473905200	1367195066.66667	1630207400	0.355567936844475	0.355567936844475	0.452753973078278	Ximenynic acid_[354_296.26_1.4]	Ximenynic acid	octadec-11-en-9-ynoic acid	[M + H3N + H]+	3	Fatty acids	Fatty Acids and Conjugates	Unsaturated fatty acids	1	0.973	0.977
raw	superclass	Fatty Acids and Conjugates	NPC superclass: Fatty Acids and Conjugates	427	PET	Untreated	69339516.6666667	69339516.6666667	558865835	552136210	593535593.333333	646594560	524196076.666667	457677860	0.11366170078868	0.469229637633155	0.171469048486535	stearolic acid_[427_298.27_1.7]	stearolic acid	Stearolsaeure	[M + H3N + H]+	304	Fatty acids	Fatty Acids and Conjugates	Unsaturated fatty acids	1	0.888	0.941
raw	superclass	Fatty Acids and Conjugates	NPC superclass: Fatty Acids and Conjugates	538	PET	Untreated	37095638	37095638	28598709.3333333	11238783	47146528.3333333	63003136	10050890.3333333	10415086	0.0608073651160609	0.530037002749216	0.0087745451058565	NA_[538_352.25_2]	NA	NA	[M + Na]+	211	Fatty acids	Fatty Acids and Conjugates	Nitro fatty acids	0.999	0.855	0.993
raw	superclass	Fatty Acids and Conjugates	NPC superclass: Fatty Acids and Conjugates	533	PET	Untreated	26404649.1	26404649.1	18769785.7166667	5949411.25	31972110.2666667	37730024	5567461.16666667	5355447	0.0432826398237218	0.573319642572938	0.00575887287354574	NA_[533_155.11_2]	NA	1,2,3,3a,4,5,6,6a-Octahydropentalene-2-carboxylate	[M + H]+	266	Fatty acids	Fatty Acids and Conjugates	Unsaturated fatty acids	0.995	0.743	0.846
raw	superclass	Fatty Acids and Conjugates	NPC superclass: Fatty Acids and Conjugates	127	PET	Untreated	24672292	24672292	28638329.3333333	20724771	40974475.3333333	38576970	16302183.3333333	18079674	0.0404429509446385	0.613762593517576	0.00878670116062953	NA_[127_200.16_0.7]	NA	Cyclobutanecarboxylic acid, 3-cyclohexyl-	[M + H3N + H]+	182	Fatty acids	Fatty Acids and Conjugates	Unsaturated fatty acids	0.988	0.891	0.905
raw	superclass	Fatty Acids and Conjugates	NPC superclass: Fatty Acids and Conjugates	226	PET	Untreated	22941161.3333333	22941161.3333333	135170346	134067460	146640926.666667	131295240	123699765.333333	136839680	0.0376052724415323	0.651367865959109	0.0414724414352789	NA_[226_268.23_1]	NA	16-Methyloxacyclohexadeca-3,5-dien-2-one	[M + H3N + H]+	192	Fatty acids	Fatty Acids and Conjugates	Unsaturated fatty acids	0.985	0.718	0.622
raw	superclass	Fatty Acids and Conjugates	NPC superclass: Fatty Acids and Conjugates	358	PET	Untreated	21023713.3333333	21023713.3333333	144409303.333333	153108520	154921160	146613920	133897446.666667	159603120	0.0344621815846758	0.685830047543784	0.0443071025001378	(9Z,11E,13E)-octadeca-9,11,13-trienoic acid_[358_279.23_1.4]	(9Z,11E,13E)-octadeca-9,11,13-trienoic acid	Alpha-Esa	[M + H]+	3	Fatty acids	Fatty Acids and Conjugates	Unsaturated fatty acids	1	0.934	0.961
raw	superclass	Fatty Acids and Conjugates	NPC superclass: Fatty Acids and Conjugates	474	PET	Untreated	13917055.3	13917055.3	10250346.6833333	3556761.65	17208874.3333333	19905068	3291819.03333333	3062983.8	0.0228129103202784	0.708642957864063	0.00314497162355304	10-undecynoic acid_[474_200.16_1.9]	10-undecynoic acid	undec-10-ynoic acid	[M + H3N + H]+	182	Fatty acids	Fatty Acids and Conjugates	Unsaturated fatty acids	0.995	0.967	0.848
raw	superclass	Fatty Acids and Conjugates	NPC superclass: Fatty Acids and Conjugates	334	PET	Untreated	12563488	12563488	66060890.6666667	65060400	72342634.6666667	90210980	59779146.6666667	39909820	0.0205941356756622	0.729237093539725	0.0202685463225469	9-cis,11-trans-octadecadienoate_[334_298.27_1.3]	9-cis,11-trans-octadecadienoate	Selin Cla	[M + H3N + H]+	304	Fatty acids	Fatty Acids and Conjugates	Unsaturated fatty acids	1	0.907	0.946
raw	superclass	Fatty Acids and Conjugates	NPC superclass: Fatty Acids and Conjugates	509	PET	Untreated	12539260	12539260	9265659.06666667	3134370.6	15535289.0666667	19224890	2996029.06666667	2790714.2	0.0205544210105031	0.749791514550228	0.00284285358714399	10-undecynoic acid_[509_200.16_2]	10-undecynoic acid	undec-10-ynoic acid	[M + H3N + H]+	182	Fatty acids	Fatty Acids and Conjugates	Unsaturated fatty acids	0.993	0.962	0.833
raw	superclass	Fatty Acids and Conjugates	NPC superclass: Fatty Acids and Conjugates	221	PET	Untreated	12209851.3333333	12209851.3333333	74434117.6666667	76549087	80539043.3333333	72037590	68329192	81060584	0.0200144525897849	0.769805967140013	0.022837587363411	(9Z,11E,13E)-octadeca-9,11,13-trienoic acid_[221_296.26_1]	(9Z,11E,13E)-octadeca-9,11,13-trienoic acid	Alpha-Esa	[M + H3N + H]+	3	Fatty acids	Fatty Acids and Conjugates	Unsaturated fatty acids	1	0.957	0.972
raw	superclass	Fatty Acids and Conjugates	NPC superclass: Fatty Acids and Conjugates	147	PET	Untreated	9243002	9243002	73957837.6666667	74972180	78579338.6666667	75576290	69336336.6666667	74368070	0.015151177542289	0.784957144682302	0.0226914569805917	Ximenynic acid_[147_296.26_0.7]	Ximenynic acid	octadec-11-en-9-ynoic acid	[M + H3N + H]+	3	Fatty acids	Fatty Acids and Conjugates	Unsaturated fatty acids	1	0.961	0.976
raw	superclass	Fatty Acids and Conjugates	NPC superclass: Fatty Acids and Conjugates	576	PET	Untreated	8211665.4	8211665.4	5716197.16666667	1689731.15	9822029.86666667	12068542	1610364.46666667	1634941.1	0.0134606051576394	0.798417749839941	0.00175382145006191	Putative (3-hydroxyoctadecanoyl)glycine_[576_375.32_2.3]	Putative (3-hydroxyoctadecanoyl)glycine	PDEJWCOMIACOMR	[M + H3N + H]+	108	Fatty acids	Fatty Acids and Conjugates	Nitro fatty acids	0.998	0.756	0.95
raw	superclass	Fatty Acids and Conjugates	NPC superclass: Fatty Acids and Conjugates	185	PET	Untreated	7892861.33333334	7892861.33333334	48394473.3333333	51963075	52340904	47747750	44448042.6666667	56178400	0.0129380198530738	0.811355769693015	0.014848204658053	N-[(9Z)-hexadecenoyl]glycinate_[185_328.25_0.9]	N-[(9Z)-hexadecenoyl]glycinate	Palmitoleoylglycine	[M + O + H]+	509	Fatty acids	Fatty Acids and Conjugates	Nitro fatty acids	1	0.995	0.998
raw	superclass	Fatty Acids and Conjugates	NPC superclass: Fatty Acids and Conjugates	476	PET	Untreated	6905881.43333333	6905881.43333333	5071072.61666667	1723000.65	8524013.33333333	9688857	1618131.9	1491247.1	0.0113201572045998	0.822675926897615	0.00155588683710815	NA_[476_198.15_1.9]	NA	Undeca-2Z-en-8,10-diensaure	[M + H3N + H]+	16	Fatty acids	Fatty Acids and Conjugates	Unsaturated fatty acids	0.997	0.839	0.889
raw	superclass	Fatty Acids and Conjugates	NPC superclass: Fatty Acids and Conjugates	148	PET	Untreated	5792959.33333333	5792959.33333333	32085663	31071070	34982142.6666667	30306450	29189183.3333333	31835690	0.00949584943880714	0.832171776336422	0.00984439870916358	NA_[148_330.26_0.7]	NA	(E)-11-nitrooctadec-11-en-5-ol	[M + O + H]+	310	Fatty acids	Fatty Acids and Conjugates	Nitro fatty acids	0.999	0.795	0.965
raw	superclass	Fatty Acids and Conjugates	NPC superclass: Fatty Acids and Conjugates	284	PET	Untreated	5644883.33333333	5644883.33333333	31579949	31955415	34402390.6666667	30925444	28757507.3333333	32985386	0.00925312247999528	0.841424898816417	0.00968923750059494	scleropyric acid_[284_282.24_1.2]	scleropyric acid	Scleropyric Acid	[M + H3N + H]+	3	Fatty acids	Fatty Acids and Conjugates	Unsaturated fatty acids	1	0.966	0.953
raw	superclass	Fatty Acids and Conjugates	NPC superclass: Fatty Acids and Conjugates	198	PET	Untreated	5375702.66666667	5375702.66666667	44596422	44169934	47284273.3333333	42472244	41908570.6666667	45867624	0.00881188011397412	0.850236778930391	0.0136829012749437	stearolic acid_[198_298.27_0.9]	stearolic acid	Stearolsaeure	[M + H3N + H]+	304	Fatty acids	Fatty Acids and Conjugates	Unsaturated fatty acids	1	0.945	0.958
raw	superclass	Fatty Acids and Conjugates	NPC superclass: Fatty Acids and Conjugates	510	PET	Untreated	4790333.43333333	4790333.43333333	3409040.31666667	1013873.6	5804207.03333333	6830206.5	1013873.6	1013873.6	0.00785233978475781	0.858089118715149	0.00104594853136991	NA_[510_216.16_2]	NA	6-(2-Oxocyclopentyl)hexanoic acid	[M + H3N + H]+	597	Fatty acids	Fatty Acids and Conjugates	Oxo fatty acids	0.985	0.793	0.759
raw	superclass	Fatty Acids and Conjugates	NPC superclass: Fatty Acids and Conjugates	482	PET	Untreated	4494392.66666667	4494392.66666667	37368125	40151548	39615321.3333333	36987616	35120928.6666667	43315480	0.00736723212192622	0.865456350837076	0.0114651432172015	NA_[482_324.29_1.9]	NA	icosa-7,10,13-trienoic acid	[M + H3N + H]+	3	Fatty acids	Fatty Acids and Conjugates	Unsaturated fatty acids	1	0.979	0.987
raw	superclass	Fatty Acids and Conjugates	NPC superclass: Fatty Acids and Conjugates	380	PET	Untreated	4080803.1	4080803.1	6127353.95	6804969.25	8167755.5	8072605	4086952.4	2620105	0.00668927392672026	0.872145624763796	0.00187997098005948	2E,4E,8Z,10E-dodecatetraenoic acid_[380_210.15_1.5]	2E,4E,8Z,10E-dodecatetraenoic acid	Dodeca-2,4,8,10-tetraenoic acid	[M + H3N + H]+	428	Fatty acids	Fatty Acids and Conjugates	Unsaturated fatty acids	0.974	0.729	0.805
raw	superclass	Fatty Acids and Conjugates	NPC superclass: Fatty Acids and Conjugates	699	PET	Untreated	4040580.43333333	4040580.43333333	3034163.81666667	1013873.6	5054454.03333333	5740163.5	1013873.6	1013873.6	0.00662334071975017	0.878768965483546	0.000930930377227491	10-undecynoic acid_[699_200.16_2.7]	10-undecynoic acid	undec-10-ynoic acid	[M + H3N + H]+	182	Fatty acids	Fatty Acids and Conjugates	Unsaturated fatty acids	0.994	0.962	0.853
raw	superclass	Fatty Acids and Conjugates	NPC superclass: Fatty Acids and Conjugates	83	PET	Untreated	3996193	3996193	15947826.5	16104617.5	17945923	16354002	13949730	15855233	0.00655058060533281	0.885319546088879	0.00489305028886468	NA_[83_158.12_0.6]	NA	Bicyclo[2.2.1]heptane-7-carboxylate	[M + H3N + H]+	293	Fatty acids	Fatty Acids and Conjugates	Unsaturated fatty acids	0.989	0.726	0.805
raw	superclass	Fatty Acids and Conjugates	NPC superclass: Fatty Acids and Conjugates	904	Untreated	PET	3929158.73333333	3929158.73333333	4668108.7	4167394.6	2703529.33333333	2612831.8	6632688.06666667	6098350	0.00644069768248114	0.89176024377136	0.00143225101069332	NA_[904_189.11_3.4]	NA	NA	[M - H2O + H]+	87	Fatty acids	Fatty Acids and Conjugates	Hydroxy fatty acids	0.989	0.956	0.831
raw	superclass	Fatty Acids and Conjugates	NPC superclass: Fatty Acids and Conjugates	225	PET	Untreated	3690353	3690353	20541080.1666667	20553172	22386256.6666667	20333678	18695903.6666667	20772666	0.0060492460671023	0.897809489838462	0.00630233456848184	NA_[225_251.2_1]	NA	Hexadec-13-en-11-ynoic acid	[M + H]+	192	Fatty acids	Fatty Acids and Conjugates	Unsaturated fatty acids	0.993	0.737	0.585
raw	superclass	Fatty Acids and Conjugates	NPC superclass: Fatty Acids and Conjugates	962	Untreated	PET	3565861.16666667	3565861.16666667	3790769.91666667	3833816.5	2007839.33333333	2030477.4	5573700.5	5580984.5	0.00584517839845976	0.903654668236922	0.00116306932708136	NA_[962_189.11_3.6]	NA	NA	[M - H2O + H]+	87	Fatty acids	Fatty Acids and Conjugates	Hydroxy fatty acids	0.988	0.952	0.832
raw	superclass	Fatty Acids and Conjugates	NPC superclass: Fatty Acids and Conjugates	426	PET	Untreated	3536099.33333333	3536099.33333333	24834884.3333333	24364181	26602934	28849548	23066834.6666667	18905554	0.00579639264456537	0.909451060881487	0.0076197429136276	9-cis,11-trans-octadecadienoate_[426_281.25_1.7]	9-cis,11-trans-octadecadienoate	Selin Cla	[M + H]+	3	Fatty acids	Fatty Acids and Conjugates	Unsaturated fatty acids	1	0.91	0.956
raw	superclass	Fatty Acids and Conjugates	NPC superclass: Fatty Acids and Conjugates	664	PET	Untreated	3514869.76666667	3514869.76666667	2771308.48333333	1013873.6	4528743.36666667	5094883	1013873.6	1013873.6	0.00576159302711289	0.9152126539086	0.000850282123078483	NA_[664_200.16_2.6]	NA	Cyclobutanecarboxylic acid, 3-cyclohexyl-	[M + H3N + H]+	182	Fatty acids	Fatty Acids and Conjugates	Unsaturated fatty acids	0.968	0.846	0.803
raw	superclass	Fatty Acids and Conjugates	NPC superclass: Fatty Acids and Conjugates	811	Untreated	PET	3365941	3365941	5657577.33333333	5014326.75	3974606.83333333	3950598.5	7340547.83333333	8310994	0.00551746820869125	0.920730122117291	0.0017358359400976	NA_[811_189.11_3.1]	NA	NA	[M - H2O + H]+	87	Fatty acids	Fatty Acids and Conjugates	Hydroxy fatty acids	0.99	0.956	0.858
raw	superclass	Fatty Acids and Conjugates	NPC superclass: Fatty Acids and Conjugates	44	Untreated	PET	2850806.33333333	2850806.33333333	14336247.8333333	14110272.5	12910844.6666667	13068031	15761651	15152514	0.00467305675093602	0.925403178868227	0.00439859197127127	NA_[44_188.13_0.6]	NA	2,5,8-Nonanetrione	[M + H3N + H]+	16	Fatty acids	Fatty Acids and Conjugates	Oxo fatty acids	0.975	0.804	0.563
raw	superclass	Fatty Acids and Conjugates	NPC superclass: Fatty Acids and Conjugates	331	PET	Untreated	2784849.83333333	2784849.83333333	13194155.75	13212461	14586580.6666667	18268354	11801730.8333333	8156568	0.00456494050887874	0.929968119377106	0.00404817970673703	NA_[331_299.28_1.3]	NA	Di-n-octyldimethoxysilane	[M - H2O + H]+	304	Fatty acids	Fatty Acids and Conjugates	Halogenated fatty acids	0.999	0.877	0.158
raw	superclass	Fatty Acids and Conjugates	NPC superclass: Fatty Acids and Conjugates	455	PET	Untreated	2773115.5	2773115.5	5857736.25	5607875.5	7244294	7018905	4471178.5	5115673.5	0.00454570552789813	0.934513824905004	0.00179724792279096	NA_[455_188.13_1.7]	NA	2,5,8-Nonanetrione	[M + H3N + H]+	16	Fatty acids	Fatty Acids and Conjugates	Oxo fatty acids	0.969	0.787	0.85
raw	superclass	Fatty Acids and Conjugates	NPC superclass: Fatty Acids and Conjugates	163	PET	Untreated	2428679.66666667	2428679.66666667	21130374.8333333	22134566	22344714.6666667	22746390	19916035	19802638	0.00398110449646272	0.938494929401467	0.00648313967311223	NA_[163_276.23_0.9]	NA	4-But-3-enyl-1-(3-ethylperoxypropyl)-1-fluorocyclohexane	[M + H3N + H]+	90	Fatty acids	Fatty Acids and Conjugates	Halogenated fatty acids	0.931	0.892	0.926
raw	superclass	Fatty Acids and Conjugates	NPC superclass: Fatty Acids and Conjugates	328	PET	Untreated	2174720.33333334	2174720.33333334	18300208.5	19554615	19387568.6666667	19569152	17212848.3333333	19540078	0.00356481302018102	0.942059742421648	0.00561479901271868	trans-4,5-epoxy-2(E)-decenal_[328_169.12_1.3]	trans-4,5-epoxy-2(E)-decenal	3-(3-pentyloxiran-2-yl)prop-2-enal	[M + H]+	230	Fatty acids	Fatty Acids and Conjugates	Unsaturated fatty acids	0.991	0.817	0.785
raw	superclass	Fatty Acids and Conjugates	NPC superclass: Fatty Acids and Conjugates	996	Untreated	PET	2088174.2	2088174.2	3551745.23333333	3229536	2507658.13333333	1940755.8	4595832.33333333	3767344.8	0.00342294614276046	0.945482688564409	0.00108973270056176	NA_[996_189.11_3.7]	NA	NA	[M - H2O + H]+	87	Fatty acids	Fatty Acids and Conjugates	Hydroxy fatty acids	0.987	0.949	0.827
raw	superclass	Fatty Acids and Conjugates	NPC superclass: Fatty Acids and Conjugates	339	PET	Untreated	2060029	2060029	17323138.8333333	17850333	18353153.3333333	18060346	16293124.3333333	17640320	0.00337681038273755	0.948859498947146	0.00531501828618994	NA_[339_155.11_1.3]	NA	1,2,3,3a,4,5,6,6a-Octahydropentalene-2-carboxylate	[M + H]+	266	Fatty acids	Fatty Acids and Conjugates	Unsaturated fatty acids	0.995	0.757	0.85
raw	superclass	Fatty Acids and Conjugates	NPC superclass: Fatty Acids and Conjugates	395	Untreated	PET	1989659.46666667	1989659.46666667	3159744.36666667	3032052.3	2164914.63333333	2231616.2	4154574.1	4345606.5	0.0032614602732059	0.952120959220352	0.000969460514638585	henicosanoic acid_[395_344.35_1.6]	henicosanoic acid	Heneicosanoic Acid	[M + H3N + H]+	21	Fatty acids	Fatty Acids and Conjugates	Unsaturated fatty acids	1	0.902	0.916
raw	superclass	Fatty Acids and Conjugates	NPC superclass: Fatty Acids and Conjugates	906	PET	Untreated	1854046	1854046	7356773.83333333	7931237.25	8283796.83333333	8140947	6429750.83333333	5471932	0.00303916196464857	0.955160121185001	0.00225717682157526	(9Z,11E,13E)-octadeca-9,11,13-trienoic acid_[906_296.26_3.4]	(9Z,11E,13E)-octadeca-9,11,13-trienoic acid	Alpha-Esa	[M + H3N + H]+	58	Fatty acids	Fatty Acids and Conjugates	Unsaturated fatty acids	0.999	0.911	0.892
raw	superclass	Fatty Acids and Conjugates	NPC superclass: Fatty Acids and Conjugates	215	PET	Untreated	1749782.5	1749782.5	10944722.75	11397603	11819614	10894390	10069831.5	11900816	0.00286825268650707	0.958028373871508	0.00335801739587719	(9Z,11E,13E)-octadeca-9,11,13-trienoic acid_[215_279.23_1]	(9Z,11E,13E)-octadeca-9,11,13-trienoic acid	Alpha-Esa	[M + H]+	3	Fatty acids	Fatty Acids and Conjugates	Unsaturated fatty acids	1	0.934	0.97
raw	superclass	Fatty Acids and Conjugates	NPC superclass: Fatty Acids and Conjugates	393	PET	Untreated	1730607.33333333	1730607.33333333	8418420.83333333	8087853.25	9283724.5	11271418	7553117.16666667	4904288.5	0.00283682065235089	0.960865194523859	0.00258290723756783	NA_[393_334.25_1.6]	NA	10-Chlorooctadec-9-enoic acid	[M + H3N + H]+	102	Fatty acids	Fatty Acids and Conjugates	Halogenated fatty acids	0.999	0.914	0.965
raw	superclass	Fatty Acids and Conjugates	NPC superclass: Fatty Acids and Conjugates	658	PET	Untreated	1392382.76666667	1392382.76666667	1710064.98333333	1013873.6	2406256.36666667	2792145.5	1013873.6	1013873.6	0.00228240116193745	0.963147595685796	0.000524675507391339	Putative (3-hydroxyoctadecanoyl)glycine_[658_375.32_2.5]	Putative (3-hydroxyoctadecanoyl)glycine	PDEJWCOMIACOMR	[M + H3N + H]+	108	Fatty acids	Fatty Acids and Conjugates	Nitro fatty acids	0.999	0.721	0.868
raw	superclass	Fatty Acids and Conjugates	NPC superclass: Fatty Acids and Conjugates	856	Untreated	PET	1365542.3	1365542.3	3651038.85	3819818.5	2968267.7	3002081.5	4333810	3860172.8	0.00223840412766389	0.96538599981346	0.00112019758301538	NA_[856_189.11_3.3]	NA	NA	[M - H2O + H]+	87	Fatty acids	Fatty Acids and Conjugates	Hydroxy fatty acids	0.991	0.957	0.83
raw	superclass	Fatty Acids and Conjugates	NPC superclass: Fatty Acids and Conjugates	581	PET	Untreated	1320546	1320546	13616701.6666667	13444170	14276974.6666667	15521994	12956428.6666667	11366346	0.00216464595580089	0.967550645769261	0.00417782360646245	7,13-Eicosadienoic acid_[581_326.31_2.3]	7,13-Eicosadienoic acid	NA	[M + H3N + H]+	304	Fatty acids	Fatty Acids and Conjugates	Unsaturated fatty acids	1	0.975	0.98
raw	superclass	Fatty Acids and Conjugates	NPC superclass: Fatty Acids and Conjugates	312	PET	Untreated	1268000.66666667	1268000.66666667	13629887.6666667	14257787	14263888	14371933	12995887.3333333	14143641	0.00207851336875264	0.969629159138013	0.0041818692838536	Decahydro-2-naphthoic acid_[312_200.16_1.3]	Decahydro-2-naphthoic acid	(2R,4aR,8aS)-1,2,3,4,4a,5,6,7,8,8a-decahydronaphthalene-2-carboxylic acid	[M + H3N + H]+	182	Fatty acids	Fatty Acids and Conjugates	Unsaturated fatty acids	0.993	0.967	0.881
raw	superclass	Fatty Acids and Conjugates	NPC superclass: Fatty Acids and Conjugates	184	PET	Untreated	1210460	1210460	7794621	7876146.25	8399851	8741753	7189391	7252278.5	0.00198419240500425	0.971613351543018	0.00239151539149493	11-tetradecynoic acid_[184_242.21_0.9]	11-tetradecynoic acid	11-Tetradecynoic acid	[M + H3N + H]+	304	Fatty acids	Fatty Acids and Conjugates	Unsaturated fatty acids	0.998	0.877	0.83
raw	superclass	Fatty Acids and Conjugates	NPC superclass: Fatty Acids and Conjugates	262	PET	Untreated	1071931.5	1071931.5	13067546.9166667	14152283.5	13603512.6666667	14311949	12531581.1666667	13992618	0.00175711575845944	0.973370467301477	0.00400933407542078	NA_[262_359.33_1.1]	NA	O-oleoyl-N-(2-hydroxyethyl)hydroxylamine	[M + H3N + H]+	-1	Fatty acids	Fatty Acids and Conjugates	Nitro fatty acids	1	0.887	0.893
raw	superclass	Fatty Acids and Conjugates	NPC superclass: Fatty Acids and Conjugates	81	PET	Untreated	1019485.8	1019485.8	3399192	3171686.85	3908934.9	3289724.5	2889449.1	2928536.8	0.00167114649089576	0.975041613792373	0.0010429269090372	NA_[81_313.25_0.6]	NA	1-acetamidotrideca-4,12-dien-2-yl acetate	[M + H3N + H]+	352	Fatty acids	Fatty Acids and Conjugates	Nitro fatty acids	0.965	0.773	0.464
raw	superclass	Fatty Acids and Conjugates	NPC superclass: Fatty Acids and Conjugates	202	PET	Untreated	979299.666666666	979299.666666666	8915353.33333333	8789373.75	9405003.16666667	8378256.5	8425703.5	9200491	0.00160527316955801	0.976646886961931	0.00273537414035683	NA_[202_299.28_0.9]	NA	Di-n-octyldimethoxysilane	[M - H2O + H]+	304	Fatty acids	Fatty Acids and Conjugates	Unsaturated fatty acids	1	0.903	0.34
raw	superclass	Fatty Acids and Conjugates	NPC superclass: Fatty Acids and Conjugates	1208	Untreated	PET	968772.966666667	968772.966666667	1580544.48333333	1137300.2	1096158	1013873.6	2064930.96666667	1960129.8	0.00158801774749553	0.978234904709426	0.000484936529798442	NA_[1208_189.11_4.4]	NA	NA	[M - H2O + H]+	87	Fatty acids	Fatty Acids and Conjugates	Dicarboxylic acids	0.979	0.908	0.82
raw	superclass	Fatty Acids and Conjugates	NPC superclass: Fatty Acids and Conjugates	27	Untreated	PET	911872.5	911872.5	2501215.78333333	2437290.1	2045279.53333333	2455076.2	2957152.03333333	2419504	0.00149474620295775	0.979729650912384	0.000767413328151774	[(S)-3-oxocyclohexyl]acetic acid_[27_139.08_0.5]	[(S)-3-oxocyclohexyl]acetic acid	[(S)-3-Oxocyclohexyl]Acetic Acid	[M - H2O + H]+	429	Fatty acids	Fatty Acids and Conjugates	Unsaturated fatty acids	0.979	0.825	0.583
raw	superclass	Fatty Acids and Conjugates	NPC superclass: Fatty Acids and Conjugates	414	PET	Untreated	880792.866666666	880792.866666666	3895918.9	3994667.25	4336315.33333333	4583040.5	3455522.46666667	3406294	0.00144380030436522	0.981173451216749	0.00119533073043141	6-undecynoic acid_[414_200.16_1.6]	6-undecynoic acid	6-Undecynoic acid	[M + H3N + H]+	182	Fatty acids	Fatty Acids and Conjugates	Unsaturated fatty acids	0.998	0.972	0.923
raw	superclass	Fatty Acids and Conjugates	NPC superclass: Fatty Acids and Conjugates	352	PET	Untreated	783026	783026	10500862	10395677.5	10892375	11607339	10109349	8819783	0.00128354034178813	0.982456991558537	0.00322183376163693	9-Heptadecynoic acid_[352_284.26_1.4]	9-Heptadecynoic acid	9-Heptadecynoic acid	[M + H3N + H]+	304	Fatty acids	Fatty Acids and Conjugates	Unsaturated fatty acids	1	0.939	0.942
raw	superclass	Fatty Acids and Conjugates	NPC superclass: Fatty Acids and Conjugates	772	PET	Untreated	774704	774704	10663924.3333333	10128991	11051276.3333333	10225726	10276572.3333333	8834035	0.00126989887557326	0.983726890434111	0.00327186391447435	(9Z,11E,13E)-octadeca-9,11,13-trienoic acid_[772_296.26_2.9]	(9Z,11E,13E)-octadeca-9,11,13-trienoic acid	Alpha-Esa	[M + H3N + H]+	3	Fatty acids	Fatty Acids and Conjugates	Unsaturated fatty acids	1	0.891	0.939
raw	superclass	Fatty Acids and Conjugates	NPC superclass: Fatty Acids and Conjugates	1207	PET	Untreated	718014	718014	3810525.33333333	3854532.4	4169532.33333333	4088728	3451518.33333333	3620336.8	0.00117697232910358	0.984903862763214	0.0011691306074212	(9Z,11E,13E)-octadeca-9,11,13-trienoic acid_[1207_296.26_4.4]	(9Z,11E,13E)-octadeca-9,11,13-trienoic acid	Alpha-Esa	[M + H3N + H]+	3	Fatty acids	Fatty Acids and Conjugates	Unsaturated fatty acids	1	0.882	0.898
raw	superclass	Fatty Acids and Conjugates	NPC superclass: Fatty Acids and Conjugates	1451	PET	Untreated	708546.666666667	708546.666666667	1738928.93333333	1702626	2093202.26666667	1839952.9	1384655.6	1222071.2	0.0011614534264586	0.986065316189673	0.000533531432610068	(9Z,11E,13E)-octadeca-9,11,13-trienoic acid_[1451_296.26_5.5]	(9Z,11E,13E)-octadeca-9,11,13-trienoic acid	Alpha-Esa	[M + H3N + H]+	3	Fatty acids	Fatty Acids and Conjugates	Unsaturated fatty acids	1	0.916	0.955
raw	superclass	Fatty Acids and Conjugates	NPC superclass: Fatty Acids and Conjugates	1328	Untreated	PET	697676.7	697676.7	1362711.95	1013873.6	1013873.6	1013873.6	1711550.3	1779043.8	0.00114363531986884	0.987208951509542	0.000418101996569053	NA_[1328_189.11_4.8]	NA	NA	[M - H2O + H]+	87	Fatty acids	Fatty Acids and Conjugates	Dicarboxylic acids	0.892	0.728	0.902
raw	superclass	Fatty Acids and Conjugates	NPC superclass: Fatty Acids and Conjugates	343	PET	Untreated	653642.666666668	653642.666666668	21948795.3333333	22454018	22275616.6666667	22229740	21621974	24296120	0.00107145450059211	0.988280406010134	0.00673424427748812	NA_[343_158.12_1.4]	NA	Bicyclo[2.2.1]heptane-7-carboxylate	[M + H3N + H]+	293	Fatty acids	Fatty Acids and Conjugates	Unsaturated fatty acids	0.99	0.812	0.843
raw	superclass	Fatty Acids and Conjugates	NPC superclass: Fatty Acids and Conjugates	18	Untreated	PET	650823.8	650823.8	2736149.3	2799785.35	2410737.4	2753376.5	3061561.2	2846194.2	0.00106683379951094	0.989347239809645	0.000839494718778254	NA_[18_230.14_0.5]	NA	2,8-Dimethylidenenonanedioic acid	[M + H3N + H]+	16	Fatty acids	Fatty Acids and Conjugates	Dicarboxylic acids	0.977	0.788	0.529
raw	superclass	Fatty Acids and Conjugates	NPC superclass: Fatty Acids and Conjugates	565	Untreated	PET	592622.566666667	592622.566666667	1705710.25	1736987.05	1409398.96666667	1401372.2	2002021.53333333	2027592.6	0.000971430031404694	0.99031866984105	0.00052333940499553	22-oxodocosanoate_[565_372.35_2.2]	22-oxodocosanoate	NA	[M + H3N + H]+	21	Fatty acids	Fatty Acids and Conjugates	Unsaturated fatty acids	0.999	0.711	0.776
raw	superclass	Fatty Acids and Conjugates	NPC superclass: Fatty Acids and Conjugates	35	PET	Untreated	579212.666666666	579212.666666666	10044351.6666667	10114526.5	10333958	9887705	9754745.33333333	10341348	0.000949448452722319	0.991268118293772	0.00308176903128722	11-hydroxyjasmonate_[35_244.15_0.5]	11-hydroxyjasmonate	11-Hydroxyjasmonic Acid	[M + H3N + H]+	16	Fatty acids	Fatty Acids and Conjugates	Dicarboxylic acids	0.976	0.729	0.581
raw	superclass	Fatty Acids and Conjugates	NPC superclass: Fatty Acids and Conjugates	1398	Untreated	PET	567588.5	567588.5	1297667.85	1013873.6	1013873.6	1013873.6	1581462.1	1841159.2	0.000930394057521732	0.992198512351294	0.000398145418016236	NA_[1398_189.11_5.2]	NA	NA	[M - H2O + H]+	87	Fatty acids	Fatty Acids and Conjugates	Dicarboxylic acids	0.979	0.896	0.784
raw	superclass	Fatty Acids and Conjugates	NPC superclass: Fatty Acids and Conjugates	1092	PET	Untreated	530388.133333333	530388.133333333	2302633.7	2259073.7	2567827.76666667	2983299.5	2037439.63333333	2146779.2	0.00086941502062388	0.993067927371917	0.000706485143347561	NA_[1092_189.11_4]	NA	NA	[M - H2O + H]+	87	Fatty acids	Fatty Acids and Conjugates	Hydroxy fatty acids	0.977	0.712	0.561
raw	superclass	Fatty Acids and Conjugates	NPC superclass: Fatty Acids and Conjugates	770	PET	Untreated	515890.833333333	515890.833333333	4712497.41666667	4706384.75	4970442.83333333	4843317.5	4454552	4268004	0.000845650970136406	0.993913578342054	0.00144587018462327	NA_[770_294.24_2.9]	NA	9,13-Octadecadiynoic acid	[M + H3N + H]+	19	Fatty acids	Fatty Acids and Conjugates	Unsaturated fatty acids	0.998	0.902	0.915
raw	superclass	Fatty Acids and Conjugates	NPC superclass: Fatty Acids and Conjugates	887	PET	Untreated	372550.166666667	372550.166666667	2837274.18333333	2918476.3	3023549.26666667	2982163.8	2650999.1	2208104.8	0.000610686194655807	0.99452426453671	0.000870521463369786	NA_[887_278.25_3.4]	NA	4-Butyl-1-(3-ethylperoxypropyl)-1-fluorocyclohexane	[M + H3N + H]+	3	Fatty acids	Fatty Acids and Conjugates	Halogenated fatty acids	0.961	0.844	0.897
raw	superclass	Fatty Acids and Conjugates	NPC superclass: Fatty Acids and Conjugates	1648	PET	Untreated	368733.433333333	368733.433333333	1609373.58333333	1626195.2	1793740.3	1726573.9	1425006.86666667	1385755	0.000604429785280919	0.995128694321991	0.000493781762475303	(9Z,11E,13E)-octadeca-9,11,13-trienoic acid_[1648_296.26_6.1]	(9Z,11E,13E)-octadeca-9,11,13-trienoic acid	Alpha-Esa	[M + H3N + H]+	3	Fatty acids	Fatty Acids and Conjugates	Unsaturated fatty acids	1	0.953	0.963
raw	superclass	Fatty Acids and Conjugates	NPC superclass: Fatty Acids and Conjugates	1082	PET	Untreated	365113.833333333	365113.833333333	1529885.01666667	1543305.15	1712441.93333333	1683557.4	1347328.1	1293842.1	0.000598496517903927	0.995727190839894	0.000469393388668391	2,6-Nonadienoic acid_[1082_172.13_4]	2,6-Nonadienoic acid	nona-2,6-dienoic acid	[M + H3N + H]+	293	Fatty acids	Fatty Acids and Conjugates	Unsaturated fatty acids	0.912	0.719	0.678
raw	superclass	Fatty Acids and Conjugates	NPC superclass: Fatty Acids and Conjugates	713	PET	Untreated	360293.1	360293.1	4626677.05	4694456.25	4806823.6	4922885	4446530.5	4684080	0.000590594346443035	0.996317785186338	0.00141953911249198	3E-Hepten-2,5-dione_[713_127.08_2.8]	3E-Hepten-2,5-dione	hept-3-ene-2,5-dione	[M + H]+	-1	Fatty acids	Fatty Acids and Conjugates	Unsaturated fatty acids	0.997	0.701	0.443
raw	superclass	Fatty Acids and Conjugates	NPC superclass: Fatty Acids and Conjugates	544	Untreated	PET	355644.5	355644.5	9123173.91666667	9090962	8945351.66666667	8901924	9300996.16666667	9996762	0.000582974336848417	0.996900759523186	0.00279913684590866	N-hexadecanoylglycinate_[544_336.25_2.1]	N-hexadecanoylglycinate	Elmiric Acid	[M + Na]+	31	Fatty acids	Fatty Acids and Conjugates	Nitro fatty acids	0.999	0.767	0.843
raw	superclass	Fatty Acids and Conjugates	NPC superclass: Fatty Acids and Conjugates	480	Untreated	PET	299128.333333332	299128.333333332	10577866.5	10470109	10428302.3333333	10360885	10727430.6666667	10579333	0.000490332738893956	0.99739109226208	0.00324545998374117	NA_[480_312.29_1.9]	NA	nonadeca-9,11-dienoic acid	[M + H3N + H]+	36	Fatty acids	Fatty Acids and Conjugates	Unsaturated fatty acids	1	0.955	0.974
raw	superclass	Fatty Acids and Conjugates	NPC superclass: Fatty Acids and Conjugates	8	Untreated	PET	286531.4	286531.4	1157139.3	1013873.6	1013873.6	1013873.6	1300405	1013873.6	0.000469683779451808	0.997860776041532	0.00035502899320617	NA_[8_204.12_0.5]	NA	NA	[M + H3N + H]+	-1	Fatty acids	Fatty Acids and Conjugates	Dicarboxylic acids	0.976	0.84	0.856
raw	superclass	Fatty Acids and Conjugates	NPC superclass: Fatty Acids and Conjugates	1249	Untreated	PET	234284.7	234284.7	1367619.41666667	1269204.2	1250477.06666667	1013873.6	1484761.76666667	1524534.8	0.000384040713735852	0.998244816755268	0.000419607686462966	NA_[1249_189.11_4.5]	NA	NA	[M - H2O + H]+	87	Fatty acids	Fatty Acids and Conjugates	Dicarboxylic acids	0.977	0.914	0.809
raw	superclass	Fatty Acids and Conjugates	NPC superclass: Fatty Acids and Conjugates	1071	PET	Untreated	218965.5	218965.5	2092767.41666667	2080589.85	2202250.16666667	2121491.8	1983284.66666667	1953799.8	0.00035892940044112	0.998603746155709	0.000642094784053953	stearolic acid_[1071_298.27_3.9]	stearolic acid	Stearolsaeure	[M + H3N + H]+	58	Fatty acids	Fatty Acids and Conjugates	Unsaturated fatty acids	1	0.902	0.94
raw	superclass	Fatty Acids and Conjugates	NPC superclass: Fatty Acids and Conjugates	1562	Untreated	PET	205054.3	205054.3	1116400.75	1013873.6	1013873.6	1013873.6	1218927.9	1013873.6	0.00033612608815943	0.998939872243868	0.000342529749259326	NA_[1562_189.11_5.8]	NA	NA	[M - H2O + H]+	87	Fatty acids	Fatty Acids and Conjugates	Dicarboxylic acids	0.979	0.903	0.817
raw	superclass	Fatty Acids and Conjugates	NPC superclass: Fatty Acids and Conjugates	412	PET	Untreated	202631.833333333	202631.833333333	8249097.08333333	7845268.5	8350413	8262275.5	8147781.16666667	7171647.5	0.000332155168045278	0.999272027411913	0.00253095598114746	NA_[412_322.27_1.6]	NA	10,13-Eicosadiynoic acid	[M + H3N + H]+	145	Fatty acids	Fatty Acids and Conjugates	Unsaturated fatty acids	0.996	0.815	0.911
raw	superclass	Fatty Acids and Conjugates	NPC superclass: Fatty Acids and Conjugates	1056	PET	Untreated	151422.766666667	151422.766666667	2180184.21666667	2175686	2255895.6	2179816.8	2104472.83333333	2171555.2	0.000248212996352404	0.999520240408266	0.00066891566767039	stearolic acid_[1056_298.27_3.9]	stearolic acid	Stearolsaeure	[M + H3N + H]+	58	Fatty acids	Fatty Acids and Conjugates	Unsaturated fatty acids	1	0.928	0.949
raw	superclass	Fatty Acids and Conjugates	NPC superclass: Fatty Acids and Conjugates	1165	PET	Untreated	124244.133333333	124244.133333333	1169503.73333333	1013873.6	1231625.8	1013873.6	1107381.66666667	1013873.6	0.000203661637498418	0.999723902045764	0.000358822600698282	NA_[1165_432.35_4.3]	NA	3-[(2E)-3,7-dimethylocta-2,6-dienyl]-5-hexyl-4-hydroxy-6-pentylcyclohexa-3,5-diene-1,2-dione	[M + H3N + H]+	363	Fatty acids	Fatty Acids and Conjugates	Unsaturated fatty acids	0.99	0.745	0.857
raw	superclass	Fatty Acids and Conjugates	NPC superclass: Fatty Acids and Conjugates	2328	PET	Untreated	105586.433333333	105586.433333333	1571665.95	1607039.5	1624459.16666667	1607525.2	1518872.73333333	1606553.8	0.00017307783742667	0.999896979883191	0.000482212452627716	NA_[2328_296.26_7.8]	NA	(E)-octadec-2-en-4-ynoic acid	[M + H3N + H]+	-1	Fatty acids	Fatty Acids and Conjugates	Unsaturated fatty acids	1	0.92	0.936
raw	superclass	Fatty Acids and Conjugates	NPC superclass: Fatty Acids and Conjugates	318	PET	Untreated	52390	52390	6162466.83333333	6112587	6188661.83333333	6153740	6136271.83333333	5551897.5	8.58779638304221e-05	0.999982857847021	0.00189074417877324	NA_[318_280.25_1.3]	NA	Tetradecane-1,2,13,14-tetrol	[M + H3N + H]+	3	Fatty acids	Fatty Acids and Conjugates	Fatty alcohols	1	0.86	0.884
raw	superclass	Fatty Acids and Conjugates	NPC superclass: Fatty Acids and Conjugates	595	Untreated	PET	9263.83333333302	9263.83333333302	5608151.08333333	5676282.5	5603519.16666667	5485810	5612783	6584636.5	1.51853243735643e-05	0.999998043171395	0.0017206711697234	NA_[595_336.25_2.3]	NA	9-nonanamidononanoic acid	[M + Na]+	31	Fatty acids	Fatty Acids and Conjugates	Nitro fatty acids	1	0.923	0.843
raw	superclass	Fatty Acids and Conjugates	NPC superclass: Fatty Acids and Conjugates	555	Untreated	PET	1193.7666666666	1193.7666666666	3404749.05	3315361	3404152.16666667	3089544	3405345.93333333	3346856.8	1.95682860511468e-06	1	0.00104463190157068	7,13-Eicosadienoic acid_[555_326.31_2.1]	7,13-Eicosadienoic acid	NA	[M + H3N + H]+	304	Fatty acids	Fatty Acids and Conjugates	Unsaturated fatty acids	1	0.808	0.905
raw	superclass	Fatty Acids and Conjugates	NPC superclass: Fatty Acids and Conjugates	1163	PET	PET	0	0	1013873.6	1013873.6	1013873.6	1013873.6	1013873.6	1013873.6	0	1	0.000311072766646431	11E,17-Octadecadien-9-ynoic acid_[1163_294.24_4.2]	11E,17-Octadecadien-9-ynoic acid	octadeca-11,17-dien-9-ynoic acid	[M + H3N + H]+	-1	Fatty acids	Fatty Acids and Conjugates	Unsaturated fatty acids	1	0.888	0.923
raw	superclass	Fatty Acids and Conjugates	NPC superclass: Fatty Acids and Conjugates	1361	PET	PET	0	0	1013873.6	1013873.6	1013873.6	1013873.6	1013873.6	1013873.6	0	1	0.000311072766646431	2,6-Nonadienoic acid_[1361_172.13_5]	2,6-Nonadienoic acid	nona-2,6-dienoic acid	[M + H3N + H]+	293	Fatty acids	Fatty Acids and Conjugates	Unsaturated fatty acids	0.903	0.705	0.65
raw	superclass	Fatty Acids and Conjugates	NPC superclass: Fatty Acids and Conjugates	1388	PET	PET	0	0	1013873.6	1013873.6	1013873.6	1013873.6	1013873.6	1013873.6	0	1	0.000311072766646431	stearolic acid_[1388_263.24_5.2]	stearolic acid	Stearolsaeure	[M - H2O + H]+	3	Fatty acids	Fatty Acids and Conjugates	Unsaturated fatty acids	1	0.911	0.917
raw	superclass	Fatty Acids and Conjugates	NPC superclass: Fatty Acids and Conjugates	1413	PET	PET	0	0	1013873.6	1013873.6	1013873.6	1013873.6	1013873.6	1013873.6	0	1	0.000311072766646431	NA_[1413_407.36_5.2]	NA	N-(5Z,8Z,11Z,14Z-tricosatetraenoyl)-ethanolamine	[M + H3N + H]+	18	Fatty acids	Fatty Acids and Conjugates	Unsaturated fatty acids	1	0.901	0.754
raw	superclass	Fatty Acids and Conjugates	NPC superclass: Fatty Acids and Conjugates	857	PET	PET	0	0	1013873.6	1013873.6	1013873.6	1013873.6	1013873.6	1013873.6	0	1	0.000311072766646431	NA_[857_406.37_3.3]	NA	Hexaeicosatetraenoic acid	[M + H3N + H]+	131	Fatty acids	Fatty Acids and Conjugates	Unsaturated fatty acids	0.996	0.829	0.932
