sample_id	group	data_source	numerator_level	numerator_term	numerator_class	denominator_level	denominator_term	npc_pathway	npc_superclass	npc_class	ratio_label	ratio_plot_label	numerator_n_features	denominator_n_features	numerator_summed_intensity	denominator_summed_intensity	ratio	npc_overall_test	npc_overall_p_value	npc_overall_q_value	npc_overall_significance	npc_max_mean_difference	npc_max_median_difference
A549_110626_PET100	PET	filtered	class	Macrolide lactones	Macrolide lactones	pathway	Polyketides	Polyketides	Macrolides	Macrolide lactones	NPC class: Macrolide lactones / NPC pathway: Polyketides	Macrolide lactones	1	24	0.462888112892237	11.6868711716739	0.039607531057086	kruskal_wallis	0.288100919745509	0.644694101234274	ns	0.0343197385958466	0.0625497891939754
A549_110626_PS100	PS	filtered	class	Macrolide lactones	Macrolide lactones	pathway	Polyketides	Polyketides	Macrolides	Macrolide lactones	NPC class: Macrolide lactones / NPC pathway: Polyketides	Macrolide lactones	1	24	0.922402167902457	10.7704795603493	0.0856416989358772	kruskal_wallis	0.288100919745509	0.644694101234274	ns	0.0343197385958466	0.0625497891939754
A549_110626_untreated	Untreated	filtered	class	Macrolide lactones	Macrolide lactones	pathway	Polyketides	Polyketides	Macrolides	Macrolide lactones	NPC class: Macrolide lactones / NPC pathway: Polyketides	Macrolide lactones	1	24	0	6.50657078182838	0	kruskal_wallis	0.288100919745509	0.644694101234274	ns	0.0343197385958466	0.0625497891939754
A549_180626_PET100	PET	filtered	class	Macrolide lactones	Macrolide lactones	pathway	Polyketides	Polyketides	Macrolides	Macrolide lactones	NPC class: Macrolide lactones / NPC pathway: Polyketides	Macrolide lactones	1	24	0.834145685733577	10.9357601858587	0.0762768816759744	kruskal_wallis	0.288100919745509	0.644694101234274	ns	0.0343197385958466	0.0625497891939754
A549_180626_PS100	PS	filtered	class	Macrolide lactones	Macrolide lactones	pathway	Polyketides	Polyketides	Macrolides	Macrolide lactones	NPC class: Macrolide lactones / NPC pathway: Polyketides	Macrolide lactones	1	24	0.170391145083878	11.5600537824354	0.0147396498572329	kruskal_wallis	0.288100919745509	0.644694101234274	ns	0.0343197385958466	0.0625497891939754
A549_180626_untreated	Untreated	filtered	class	Macrolide lactones	Macrolide lactones	pathway	Polyketides	Polyketides	Macrolides	Macrolide lactones	NPC class: Macrolide lactones / NPC pathway: Polyketides	Macrolide lactones	1	24	0.868291371467153	14.1222903605587	0.0614837501070047	kruskal_wallis	0.288100919745509	0.644694101234274	ns	0.0343197385958466	0.0625497891939754
A549_210626_PET100	PET	filtered	class	Macrolide lactones	Macrolide lactones	pathway	Polyketides	Polyketides	Macrolides	Macrolide lactones	NPC class: Macrolide lactones / NPC pathway: Polyketides	Macrolide lactones	1	24	0.678360386287467	12.3056235142552	0.0551260474937847	kruskal_wallis	0.288100919745509	0.644694101234274	ns	0.0343197385958466	0.0625497891939754
A549_210626_PS100	PS	filtered	class	Macrolide lactones	Macrolide lactones	pathway	Polyketides	Polyketides	Macrolides	Macrolide lactones	NPC class: Macrolide lactones / NPC pathway: Polyketides	Macrolide lactones	1	24	1	14.4681612034106	0.069117283526276	kruskal_wallis	0.288100919745509	0.644694101234274	ns	0.0343197385958466	0.0625497891939754
A549_210626_untreated	Untreated	filtered	class	Macrolide lactones	Macrolide lactones	pathway	Polyketides	Polyketides	Macrolides	Macrolide lactones	NPC class: Macrolide lactones / NPC pathway: Polyketides	Macrolide lactones	1	24	0.0864930756046816	13.16987441912	0.00656749433230063	kruskal_wallis	0.288100919745509	0.644694101234274	ns	0.0343197385958466	0.0625497891939754
