"feature_id","feature_id_full","feature_id_full_annotated","feature_mz","feature_rt","PET_vs_Untreated_p_value","PET_vs_Untreated_p_value_minus_log10","PET_vs_Untreated_fold_change","PET_vs_Untreated_fold_change_log2","sirius_name","sirius_chebiasciiname","sirius_chebiid","sirius_confidencescoreapproximate","sirius_confidencescoreexact","sirius_csi_fingeridscore","sirius_siriusscore","sirius_zodiacscore","sirius_inchi","sirius_inchikey2d","sirius_molecularformula","sirius_adduct","sirius_smiles","canopus_npc_pathway","canopus_npc_class","canopus_npc_superclass","met_annot_structure_exact_mass","met_annot_structure_inchi","met_annot_structure_inchikey","met_annot_short_inchikey","met_annot_structure_smiles","met_annot_structure_molecular_formula","met_annot_structure_nametraditional","met_annot_structure_wikidata","met_annot_structure_taxonomy_npclassifier_01pathway","met_annot_structure_taxonomy_npclassifier_02superclass","met_annot_structure_taxonomy_npclassifier_01pathway_consensus","met_annot_structure_taxonomy_npclassifier_02superclass_consensus","met_annot_structure_taxonomy_npclassifier_03class_consensus","met_annot_organism_name","met_annot_organism_taxonomy_01domain","met_annot_organism_taxonomy_02kingdom","met_annot_organism_taxonomy_03phylum","met_annot_organism_taxonomy_04class","met_annot_organism_taxonomy_05order","met_annot_organism_taxonomy_06family","met_annot_organism_taxonomy_07tribe","met_annot_organism_taxonomy_08genus","met_annot_organism_taxonomy_09species","met_annot_organism_taxonomy_10varietas","met_annot_organism_taxonomy_ottid","met_annot_organism_wikidata","met_annot_score_taxo","PET","PET.pval","Untreated","Untreated.pval","MeanDecreaseAccuracy","MeanDecreaseAccuracy.pval","MeanDecreaseGini","MeanDecreaseGini.pval"
85,"85_262.24_0.6","NA_[85_262.24_0.6]",262.237692323132,0.60476273,0.00733803448788773,2.13442025144296,1.55237249454635,0.634474776310509,"PEG-3 caprylamine",NA,NA,0.871,0.871,-35.612,66.067,0.673,"InChI=1S/C14H31NO3/c1-2-3-4-5-6-7-8-15(9-11-16)10-13-18-14-12-17/h16-17H,2-14H2,1H3","CHGRVRCHXOZULD","C14H31NO3","[M + H]+","CCCCCCCCN(CCO)CCOCCO","Fatty acids","Sphingoid bases","Spingolipids",NA,NA,NA,NA,NA,NA,NA,NA,NA,NA,NA,NA,NA,NA,NA,NA,NA,NA,NA,NA,NA,NA,NA,NA,NA,NA,NA,1.67131567616219,0.0459081836327345,1.67131567616219,0.0439121756487026,1.70266414755955,0.0459081836327345,0.0573333333333333,0.0499001996007984
115,"115_290.27_0.7","7R-hydroxy-hexadecanoic acid_[115_290.27_0.7]",290.268898997332,0.671533,0.0131854875391837,1.87990380734475,1.52540523646403,0.609192557412524,"7-hydroxyhexadecanoic acid","7R-hydroxy-hexadecanoic acid","CHEBI:187327",0.377,0.111,-104.559,141.376,0.505,"InChI=1S/C16H32O3/c1-2-3-4-5-6-7-9-12-15(17)13-10-8-11-14-16(18)19/h15,17H,2-14H2,1H3,(H,18,19)","PHFQJBDKBCFMOS","C16H32O3","[M + H3N + H]+","CCCCCCCCCC(CCCCCC(=O)O)O","Fatty acids","Fatty alcohols","Fatty acyls","272.235144884|272.235144884","InChI=1S/C16H32O3/c1-2-3-4-5-6-7-8-9-10-11-12-13-15(17)14-16(18)19/h15,17H,2-14H2,1H3,(H,18,19)|InChI=1S/C16H32O3/c17-15-13-11-9-7-5-3-1-2-4-6-8-10-12-14-16(18)19/h17H,1-15H2,(H,18,19)","CBWALJHXHCJYTE-UHFFFAOYSA-N|UGAGPNKCDRTDHP-UHFFFAOYSA-N","CBWALJHXHCJYTE|UGAGPNKCDRTDHP","CCCCCCCCCCCCCC(O)CC(=O)O|O=C(O)CCCCCCCCCCCCCCCO","C16H32O3|C16H32O3","3-Hydroxyhexadecanoic acid|16-Hydroxyhexadecanoic acid","http://www.wikidata.org/entity/Q27117078|http://www.wikidata.org/entity/Q27124231","Fatty acids|Fatty acids","Fatty Acids and Conjugates|Fatty Acids and Conjugates","Fatty acids","Fatty Acids and Conjugates","Hydroxy fatty acids","Homo sapiens|Homo sapiens","['Eukaryota']|['Eukaryota']","['Metazoa']|['Metazoa']","['Chordata']|['Chordata']","['Mammalia']|['Mammalia']","['Primates']|['Primates']","['Hominidae']|['Hominidae']","['Unknown']|['Unknown']","['Homo']|['Homo']","['Homo sapiens']|['Homo sapiens']","nan|nan","770315.0|770315.0","http://www.wikidata.org/entity/Q15978631|http://www.wikidata.org/entity/Q15978631",NA,1.94881009766875,0.0139720558882236,2.00804832225625,0.0119760479041916,1.98341520781671,0.00998003992015968,0.0606666666666667,0.0439121756487026
124,"124_260.26_0.7","NA_[124_260.26_0.7]",260.258401012825,0.70469195,0.0235042311920766,1.6288539497299,1.50653377566913,0.591233017734314,"1-[2-Hydroxypropyl(nonyl)amino]propan-2-ol",NA,NA,0.53,0.53,-39.19,77.994,0.068,"InChI=1S/C15H33NO2/c1-4-5-6-7-8-9-10-11-16(12-14(2)17)13-15(3)18/h14-15,17-18H,4-13H2,1-3H3","VMMJYKPXEDQXFQ","C15H33NO2","[M + H]+","CCCCCCCCCN(CC(C)O)CC(C)O","Fatty acids","Sphingoid bases","Spingolipids","242.2245802","InChI=1S/C15H30O2/c1-2-3-4-5-6-7-8-9-10-11-12-13-14-15(16)17/h2-14H2,1H3,(H,16,17)","WQEPLUUGTLDZJY-UHFFFAOYSA-N","WQEPLUUGTLDZJY","CCCCCCCCCCCCCCC(=O)O","C15H30O2","Pentadecanoic acid","http://www.wikidata.org/entity/Q418951","Fatty acids","Fatty Acids and Conjugates","Fatty acids","Fatty Acids and Conjugates","Branched fatty acids","Homo sapiens","['Eukaryota']","['Metazoa']","['Chordata']","['Mammalia']","['Primates']","['Hominidae']","['Unknown']","['Homo']","['Homo sapiens']","nan","770315.0","http://www.wikidata.org/entity/Q15978631",7,1.34406227991274,0.0958083832335329,1.41705050316284,0.0738522954091816,1.38942503594182,0.0858283433133733,0.0506666666666667,0.149700598802395
159,"159_318.3_0.8","NA_[159_318.3_0.8]",318.29995329765,0.79346377,0.0172035105379782,1.76438292217927,1.54237303273354,0.625151732431483,"2,2'-((2-(Dodecyloxy)ethyl)imino)bisethanol",NA,NA,0.439,0.439,-73.221,45.214,0.691,"InChI=1S/C18H39NO3/c1-2-3-4-5-6-7-8-9-10-11-17-22-18-14-19(12-15-20)13-16-21/h20-21H,2-18H2,1H3","HBHLHEJVEMYNOX","C18H39NO3","[M + H]+","CCCCCCCCCCCCOCCN(CCO)CCO","Fatty acids","Sphingoid bases","Spingolipids","272.235144884|272.235144884","InChI=1S/C16H32O3/c1-2-3-4-5-6-7-8-9-10-11-12-13-15(17)14-16(18)19/h15,17H,2-14H2,1H3,(H,18,19)|InChI=1S/C16H32O3/c17-15-13-11-9-7-5-3-1-2-4-6-8-10-12-14-16(18)19/h17H,1-15H2,(H,18,19)","CBWALJHXHCJYTE-UHFFFAOYSA-N|UGAGPNKCDRTDHP-UHFFFAOYSA-N","CBWALJHXHCJYTE|UGAGPNKCDRTDHP","CCCCCCCCCCCCCC(O)CC(=O)O|O=C(O)CCCCCCCCCCCCCCCO","C16H32O3|C16H32O3","3-Hydroxyhexadecanoic acid|16-Hydroxyhexadecanoic acid","http://www.wikidata.org/entity/Q27117078|http://www.wikidata.org/entity/Q27124231","Fatty acids|Fatty acids","Fatty Acids and Conjugates|Fatty Acids and Conjugates","Fatty acids","Fatty Acids and Conjugates","Hydroxy fatty acids","Homo sapiens|Homo sapiens","['Eukaryota']|['Eukaryota']","['Metazoa']|['Metazoa']","['Chordata']|['Chordata']","['Mammalia']|['Mammalia']","['Primates']|['Primates']","['Hominidae']|['Hominidae']","['Unknown']|['Unknown']","['Homo']|['Homo']","['Homo sapiens']|['Homo sapiens']","nan|nan","770315.0|770315.0","http://www.wikidata.org/entity/Q15978631|http://www.wikidata.org/entity/Q15978631",NA,1.67131567616219,0.0459081836327345,1.67131567616219,0.0459081836327345,1.70266414755955,0.0459081836327345,0.0533333333333333,0.147704590818363
162,"162_319.3_0.8","NA_[162_319.3_0.8]",319.30335257066,0.79271173,0.0213231429529952,1.67114878151497,1.54006986453393,0.622995799576273,NA,NA,NA,NA,NA,NA,NA,NA,NA,NA,NA,NA,NA,NA,NA,NA,NA,NA,NA,NA,NA,NA,NA,NA,NA,NA,NA,NA,NA,NA,NA,NA,NA,NA,NA,NA,NA,NA,NA,NA,NA,NA,NA,1.94881009766875,0.0159680638722555,2.00804832225625,0.00798403193612774,1.98341520781671,0.0159680638722555,0.054,0.121756487025948
181,"181_288.29_0.9","NA_[181_288.29_0.9]",288.289736722744,0.8720123,0.0197400314798958,1.70465215908613,1.53811263152786,0.62116115154233,"2-[2-Hydroxyethyl(tridecyl)amino]ethanol",NA,NA,0.934,0.934,-31.13,74.278,0.782,"InChI=1S/C17H37NO2/c1-2-3-4-5-6-7-8-9-10-11-12-13-18(14-16-19)15-17-20/h19-20H,2-17H2,1H3","PGNNMVAZUOZRSM","C17H37NO2","[M + H]+","CCCCCCCCCCCCCN(CCO)CCO","Fatty acids","Sphingoid bases","Spingolipids","270.255880328|242.2245802","InChI=1S/C17H34O2/c1-2-3-4-5-6-7-8-9-10-11-12-13-14-15-16-17(18)19/h2-16H2,1H3,(H,18,19)|InChI=1S/C15H30O2/c1-2-3-4-5-6-7-8-9-10-11-12-13-14-15(16)17/h2-14H2,1H3,(H,16,17)","KEMQGTRYUADPNZ-UHFFFAOYSA-N|WQEPLUUGTLDZJY-UHFFFAOYSA-N","KEMQGTRYUADPNZ|WQEPLUUGTLDZJY","CCCCCCCCCCCCCCCCC(=O)O|CCCCCCCCCCCCCCC(=O)O","C17H34O2|C15H30O2","Heptadecanoic acid|Pentadecanoic acid","http://www.wikidata.org/entity/Q902204|http://www.wikidata.org/entity/Q418951","Fatty acids|Fatty acids","Fatty Acids and Conjugates|Fatty Acids and Conjugates","Fatty acids","Sphingolipids","Ceramides","Homo sapiens|Homo sapiens","['Eukaryota']|['Eukaryota']","['Metazoa']|['Metazoa']","['Chordata']|['Chordata']","['Mammalia']|['Mammalia']","['Primates']|['Primates']","['Hominidae']|['Hominidae']","['Unknown']|['Unknown']","['Homo']|['Homo']","['Homo sapiens']|['Homo sapiens']","nan|nan","770315.0|770315.0","http://www.wikidata.org/entity/Q15978631|http://www.wikidata.org/entity/Q15978631",NA,1.34406227991274,0.105788423153693,1.41705050316284,0.0758483033932136,1.38942503594182,0.0998003992015968,0.0553333333333333,0.0698602794411178
247,"247_346.33_1","NA_[247_346.33_1]",346.331838151182,1.0412267,0.00937207686092565,2.02816415838717,1.55836827263204,0.640036210495958,"Peg-3 myristamine",NA,NA,0.777,0.777,-42.312,43.477,0.783,"InChI=1S/C20H43NO3/c1-2-3-4-5-6-7-8-9-10-11-12-13-14-21(15-17-22)16-19-24-20-18-23/h22-23H,2-20H2,1H3","WOGKWSUSGNOHRJ","C20H43NO3","[M + H]+","CCCCCCCCCCCCCCN(CCO)CCOCCO","Fatty acids","Sphingoid bases","Spingolipids",NA,NA,NA,NA,NA,NA,NA,NA,NA,NA,NA,NA,NA,NA,NA,NA,NA,NA,NA,NA,NA,NA,NA,NA,NA,NA,NA,1.34406227991274,0.125748502994012,1.41705050316284,0.101796407185629,1.38942503594182,0.121756487025948,0.0166666666666667,0.962075848303393
260,"260_286.31_1.1","NA_[260_286.31_1.1]",286.3105769323,1.1029087,0.0479924986114171,1.31882663900479,1.45448082257125,0.540504274531211,"1-(ethenyloxy)hexadecane",NA,NA,0.338,0.171,-90.133,52.82,0.785,"InChI=1S/C18H36O/c1-3-5-6-7-8-9-10-11-12-13-14-15-16-17-18-19-4-2/h4H,2-3,5-18H2,1H3","UKDKWYQGLUUPBF","C18H36O","[M + H3N + H]+","CCCCCCCCCCCCCCCCOC=C","Fatty acids","Fatty alcohols","Fatty acyls",NA,NA,NA,NA,NA,NA,NA,NA,NA,NA,NA,NA,NA,NA,NA,NA,NA,NA,NA,NA,NA,NA,NA,NA,NA,NA,NA,1.41705050316284,0.0918163672654691,1.41705050316284,0.107784431137725,1.41705050316284,0.0738522954091816,0.048,0.215568862275449
280,"280_316.32_1.2","NA_[280_316.32_1.2]",316.320922264714,1.1579045,0.0211284910143629,1.67513151892199,1.51266458414635,0.597092122098831,"1,1'-(Tridecylimino)bis-2-propanol",NA,NA,0.645,0.645,-64.955,55.995,0.748,"InChI=1S/C19H41NO2/c1-4-5-6-7-8-9-10-11-12-13-14-15-20(16-18(2)21)17-19(3)22/h18-19,21-22H,4-17H2,1-3H3","WFAMPSHDEGZREP","C19H41NO2","[M + H]+","CCCCCCCCCCCCCN(CC(C)O)CC(C)O","Fatty acids","Sphingoid bases","Spingolipids","270.255880328|298.287180456","InChI=1S/C17H34O2/c1-2-3-4-5-6-7-8-9-10-11-12-13-14-15-16-17(18)19/h2-16H2,1H3,(H,18,19)|InChI=1S/C19H38O2/c1-15(2)9-6-10-16(3)11-7-12-17(4)13-8-14-18(5)19(20)21/h15-18H,6-14H2,1-5H3,(H,20,21)","KEMQGTRYUADPNZ-UHFFFAOYSA-N|PAHGJZDQXIOYTH-UHFFFAOYSA-N","KEMQGTRYUADPNZ|PAHGJZDQXIOYTH","CCCCCCCCCCCCCCCCC(=O)O|CC(C)CCCC(C)CCCC(C)CCCC(C)C(=O)O","C17H34O2|C19H38O2","Heptadecanoic acid|Pristanic acid","http://www.wikidata.org/entity/Q902204|http://www.wikidata.org/entity/Q2057079","Fatty acids|Fatty acids","Fatty Acids and Conjugates|Fatty Acids and Conjugates","Fatty acids","Sphingolipids","Ceramides","Homo sapiens|Homo sapiens","['Eukaryota']|['Eukaryota']","['Metazoa']|['Metazoa']","['Chordata']|['Chordata']","['Mammalia']|['Mammalia']","['Primates']|['Primates']","['Hominidae']|['Hominidae']","['Unknown']|['Unknown']","['Homo']|['Homo']","['Homo sapiens']|['Homo sapiens']","nan|nan","770315.0|770315.0","http://www.wikidata.org/entity/Q15978631|http://www.wikidata.org/entity/Q15978631",NA,1.94881009766875,0.00598802395209581,1.94881009766875,0.00798403193612774,1.96874807739539,0.00598802395209581,0.054,0.0978043912175649
281,"281_317.32_1.2","NA_[281_317.32_1.2]",317.324360381716,1.1594584,0.0281723751029572,1.55017653779852,1.49243685920498,0.57766989642223,NA,NA,NA,NA,NA,NA,NA,NA,NA,NA,NA,NA,NA,NA,NA,NA,NA,NA,NA,NA,NA,NA,NA,NA,NA,NA,NA,NA,NA,NA,NA,NA,NA,NA,NA,NA,NA,NA,NA,NA,NA,NA,NA,1.00100150250438,0.289421157684631,1.00100150250438,0.285429141716567,1.00100150250438,0.289421157684631,0.0446666666666667,0.279441117764471
351,"351_331.34_1.4","NA_[351_331.34_1.4]",331.340072538442,1.4016452,0.0124052433931249,1.90639471037169,1.52986068649383,0.613400282947062,"N-{3-[(3-aminopropyl)amino]propyl}dodecanamide",NA,NA,0.042,0.042,-212.371,68.731,0.497,"InChI=1S/C18H39N3O/c1-2-3-4-5-6-7-8-9-10-13-18(22)21-17-12-16-20-15-11-14-19/h20H,2-17,19H2,1H3,(H,21,22)","QCLXIYDHAIVEIR","C18H39N3O","[M + H3N + H]+","CCCCCCCCCCCC(=O)NCCCNCCCN","Fatty acids","Primary amides","Fatty amides",NA,NA,NA,NA,NA,NA,NA,NA,NA,NA,NA,NA,NA,NA,NA,NA,NA,NA,NA,NA,NA,NA,NA,NA,NA,NA,NA,1.41705050316284,0.0818363273453094,1.41705050316284,0.0818363273453094,1.41705050316284,0.0738522954091816,0.0286666666666667,0.662674650698603
367,"367_374.36_1.4","NA_[367_374.36_1.4]",374.362913351779,1.4306089,0.0297935669123455,1.52587749955044,1.50457967369614,0.589360505343803,"Peg-3 palmitamine",NA,NA,0.855,0.855,-34.964,35.247,0.903,"InChI=1S/C22H47NO3/c1-2-3-4-5-6-7-8-9-10-11-12-13-14-15-16-23(17-19-24)18-21-26-22-20-25/h24-25H,2-22H2,1H3","PNLGRMWXGJVEAV","C22H47NO3","[M + H]+","CCCCCCCCCCCCCCCCN(CCO)CCOCCO","Fatty acids","Sphingoid bases","Spingolipids","356.329045268","InChI=1S/C22H44O3/c23-21-19-17-15-13-11-9-7-5-3-1-2-4-6-8-10-12-14-16-18-20-22(24)25/h23H,1-21H2,(H,24,25)","IBPVZXPSTLXWCG-UHFFFAOYSA-N","IBPVZXPSTLXWCG","O=C(O)CCCCCCCCCCCCCCCCCCCCCO","C22H44O3","22-Hydroxydocosanoic acid","http://www.wikidata.org/entity/Q27145882","Fatty acids","Fatty Acids and Conjugates","Fatty acids","Fatty Acids and Conjugates","Hydroxy fatty acids","Homo sapiens","['Eukaryota']","['Metazoa']","['Chordata']","['Mammalia']","['Primates']","['Hominidae']","['Unknown']","['Homo']","['Homo sapiens']","nan","770315.0","http://www.wikidata.org/entity/Q15978631",7,1.00100150250438,0.279441117764471,1.00100150250438,0.295409181636727,1.00100150250438,0.293413173652695,0.016,0.940119760479042
385,"385_314.34_1.5","NA_[385_314.34_1.5]",314.341777760735,1.5273043,0.0497044094743077,1.30360508158028,1.44936899199885,0.535424934547741,"icos-1-en-1-ol",NA,NA,0.098,0.098,-100.466,84.773,0.498,"InChI=1S/C20H40O/c1-2-3-4-5-6-7-8-9-10-11-12-13-14-15-16-17-18-19-20-21/h19-21H,2-18H2,1H3","ACJQRYKUUGFHPV","C20H40O","[M + H3N + H]+","CCCCCCCCCCCCCCCCCCC=CO","Fatty acids","Fatty alcohols","Fatty acyls",NA,NA,NA,NA,NA,NA,NA,NA,NA,NA,NA,NA,NA,NA,NA,NA,NA,NA,NA,NA,NA,NA,NA,NA,NA,NA,NA,1.41705050316284,0.0838323353293413,1.41705050316284,0.0818363273453094,1.41705050316284,0.0718562874251497,0.042,0.323353293413174
399,"399_356.35_1.6","n-oleyldiethanolamine_[399_356.35_1.6]",356.352169480526,1.5850035,0.0111514819645988,1.95266741366695,1.55406058287374,0.636042746286071,"Ethanol, 2,2'-(9-octadecen-1-ylimino)bis-","n-oleyldiethanolamine","CHEBI:754442",0.845,0.845,-81.884,85.739,0.243,"InChI=1S/C22H45NO2/c1-2-3-4-5-6-7-8-9-10-11-12-13-14-15-16-17-18-23(19-21-24)20-22-25/h9-10,24-25H,2-8,11-22H2,1H3","BITAPBDLHJQAID","C22H45NO2","[M + H]+","CCCCCCCCC=CCCCCCCCCN(CCO)CCO","Fatty acids","Sphingoid bases","Spingolipids","310.287180456|338.318480584","InChI=1S/C20H38O2/c1-2-3-4-5-6-7-8-9-10-11-12-13-14-15-16-17-18-19-20(21)22/h9-10H,2-8,11-19H2,1H3,(H,21,22)/b10-9-|InChI=1S/C22H42O2/c1-2-3-4-5-6-7-8-9-10-11-12-13-14-15-16-17-18-19-20-21-22(23)24/h9-10H,2-8,11-21H2,1H3,(H,23,24)/b10-9-","BITHHVVYSMSWAG-KTKRTIGZSA-N|DPUOLQHDNGRHBS-KTKRTIGZSA-N","BITHHVVYSMSWAG|DPUOLQHDNGRHBS","CCCCCCCC/C=C\CCCCCCCCCC(=O)O|CCCCCCCC/C=C\CCCCCCCCCCCC(=O)O","C20H38O2|C22H42O2","cis-11-Eicosenoic acid|Erucic acid","http://www.wikidata.org/entity/Q416618|http://www.wikidata.org/entity/Q413531","Fatty acids|Fatty acids","Fatty Acids and Conjugates|Fatty Acids and Conjugates","Fatty acids","Sphingolipids","Ceramides","Homo sapiens|Homo sapiens","['Eukaryota']|['Eukaryota']","['Metazoa']|['Metazoa']","['Chordata']|['Chordata']","['Mammalia']|['Mammalia']","['Primates']|['Primates']","['Hominidae']|['Hominidae']","['Unknown']|['Unknown']","['Homo']|['Homo']","['Homo sapiens']|['Homo sapiens']","nan|nan","770315.0|770315.0","http://www.wikidata.org/entity/Q15978631|http://www.wikidata.org/entity/Q15978631",NA,1.73727046020804,0.0279441117764471,1.73727046020804,0.031936127744511,1.73727046020804,0.029940119760479,0.0473333333333333,0.235528942115768
512,"512_358.37_2","NA_[512_358.37_2]",358.367922894179,1.9682378,0.0145776429918429,1.83631268989911,1.5353441959018,0.618562117520907,"Stearylbis(2-hydroxyethyl)aminium",NA,NA,0.879,0.879,-18.129,58.468,0.699,"InChI=1S/C22H47NO2/c1-2-3-4-5-6-7-8-9-10-11-12-13-14-15-16-17-18-23(19-21-24)20-22-25/h24-25H,2-22H2,1H3","NDLNTMNRNCENRZ","C22H47NO2","[M + H]+","CCCCCCCCCCCCCCCCCCN(CCO)CCO","Fatty acids","Sphingoid bases","Spingolipids","312.30283052|340.3341306479999|312.30283052","InChI=1S/C20H40O2/c1-16(2)9-6-10-17(3)11-7-12-18(4)13-8-14-19(5)15-20(21)22/h16-19H,6-15H2,1-5H3,(H,21,22)|InChI=1S/C22H44O2/c1-2-3-4-5-6-7-8-9-10-11-12-13-14-15-16-17-18-19-20-21-22(23)24/h2-21H2,1H3,(H,23,24)|InChI=1S/C20H40O2/c1-2-3-4-5-6-7-8-9-10-11-12-13-14-15-16-17-18-19-20(21)22/h2-19H2,1H3,(H,21,22)","RLCKHJSFHOZMDR-UHFFFAOYSA-N|UKMSUNONTOPOIO-UHFFFAOYSA-N|VKOBVWXKNCXXDE-UHFFFAOYSA-N","RLCKHJSFHOZMDR|UKMSUNONTOPOIO|VKOBVWXKNCXXDE","CC(C)CCCC(C)CCCC(C)CCCC(C)CC(=O)O|CCCCCCCCCCCCCCCCCCCCCC(=O)O|CCCCCCCCCCCCCCCCCCCC(=O)O","C20H40O2|C22H44O2|C20H40O2","Phytanic acid|Docosanoic acid|Arachidic acid","http://www.wikidata.org/entity/Q421171|http://www.wikidata.org/entity/Q422590|http://www.wikidata.org/entity/Q409608","Fatty acids|Fatty acids|Fatty acids","Fatty Acids and Conjugates|Fatty Acids and Conjugates|Fatty Acids and Conjugates","Fatty acids","Sphingolipids","Ceramides","Homo sapiens|Homo sapiens|Homo sapiens","['Eukaryota']|['Eukaryota']|['Eukaryota']","['Metazoa']|['Metazoa']|['Metazoa']","['Chordata']|['Chordata']|['Chordata']","['Mammalia']|['Mammalia']|['Mammalia']","['Primates']|['Primates']|['Primates']","['Hominidae']|['Hominidae']|['Hominidae']","['Unknown']|['Unknown']|['Unknown']","['Homo']|['Homo']|['Homo']","['Homo sapiens']|['Homo sapiens']|['Homo sapiens']","nan|nan|nan","770315.0|770315.0|770315.0","http://www.wikidata.org/entity/Q15978631|http://www.wikidata.org/entity/Q15978631|http://www.wikidata.org/entity/Q15978631",NA,1.41705050316284,0.0718562874251497,1.41705050316284,0.0978043912175649,1.41705050316284,0.0718562874251497,0.0413333333333333,0.327345309381238
556,"556_342.37_2.1","NA_[556_342.37_2.1]",342.373044203219,2.1242306,0.0422936957525818,1.37372436321385,1.45652081167261,0.542526315746963,"(2-Hydroxyethyl)stearyldimethylaminium",NA,NA,0.095,0.095,-97.782,71.029,0.172,"InChI=1S/C22H48NO/c1-4-5-6-7-8-9-10-11-12-13-14-15-16-17-18-19-20-23(2,3)21-22-24/h24H,4-22H2,1-3H3/q+1","KDOKFXJQGPCGLT","C22H47NO","[M + H]+","CCCCCCCCCCCCCCCCCC[N+](C)(C)CCO","Fatty acids","Sphingoid bases","Spingolipids",NA,NA,NA,NA,NA,NA,NA,NA,NA,NA,NA,NA,NA,NA,NA,NA,NA,NA,NA,NA,NA,NA,NA,NA,NA,NA,NA,1.00100150250438,0.273453093812375,1.00100150250438,0.275449101796407,1.00100150250438,0.281437125748503,0.046,0.19560878243513
797,"797_534.45_3.1","NA_[797_534.45_3.1]",534.451809520127,3.066852,0.0225623555750653,1.6466155607238,1.46413314506695,0.550046755120269,"Didodecyl 1,4-dihydro-2,6-dimethylpyridine-3,5-dicarboxylate",NA,NA,0.068,0.068,-237.542,35.651,0.262,"InChI=1S/C33H59NO4/c1-5-7-9-11-13-15-17-19-21-23-25-37-32(35)30-27-31(29(4)34-28(30)3)33(36)38-26-24-22-20-18-16-14-12-10-8-6-2/h34H,5-27H2,1-4H3","VEUDMQNHACTHAL","C33H59NO4","[M + H]+","CCCCCCCCCCCCOC(=O)C1=C(NC(=C(C1)C(=O)OCCCCCCCCCCCC)C)C","Fatty acids","N-acyl ethanolamines (endocannabinoids)","Fatty amides",NA,NA,NA,NA,NA,NA,NA,NA,NA,NA,NA,NA,NA,NA,NA,NA,NA,NA,NA,NA,NA,NA,NA,NA,NA,NA,NA,1.67131567616219,0.0538922155688623,1.73727046020804,0.0399201596806387,1.71058924980998,0.0518962075848303,0.0413333333333333,0.506986027944112
809,"809_502.32_3.1","Eerectquione B_[809_502.32_3.1]",502.316754606587,3.0622022,0.0457955577762421,1.33917664703612,1.53452139994315,0.617788765306895,"4-(3,7-dimethylocta-2,6-dien-1-yl)-2-(3-methylbut-2-en-1-yl)-5-[(2-methylpropanoyl)oxy]-3,6-dioxocyclohexa-1,4-dien-1-yl 2-methylpropanoate","Eerectquione B","CHEBI:229108",0.177,0.177,-236.394,55.341,1,"InChI=1S/C29H40O6/c1-17(2)11-10-12-21(9)14-16-23-24(30)22(15-13-18(3)4)26(34-28(32)19(5)6)25(31)27(23)35-29(33)20(7)8/h11,13-14,19-20H,10,12,15-16H2,1-9H3","LLCTZEXRKYOVJM","C29H40O6","[M + H3N + H]+","CC(C)C(=O)OC1=C(C(=O)C(=C(C1=O)OC(=O)C(C)C)CC=C(C)CCC=C(C)C)CC=C(C)C","Terpenoids","Tigliane diterpenoids","Diterpenoids",NA,NA,NA,NA,NA,NA,NA,NA,NA,NA,NA,NA,NA,NA,NA,NA,NA,NA,NA,NA,NA,NA,NA,NA,NA,NA,NA,1.00100150250438,0.329341317365269,1.00100150250438,0.327345309381238,1.00100150250438,0.341317365269461,0.082,0.303393213572854
818,"818_337.2_3.1","NA_[818_337.2_3.1]",337.200777267803,3.0928614,0.0413025507420586,1.3840231265762,1.53535103324175,0.618568542252574,"4-hydroxy-2-(hydroxymethyl)-5-(2,6,7-trihydroxy-6,7,8-trimethylnona-4,8-dien-2-yl)cyclohex-2-en-1-one",NA,NA,0.065,0.065,-210.113,38.59,0.982,"InChI=1S/C19H30O6/c1-12(2)19(5,25)18(4,24)8-6-7-17(3,23)14-10-15(21)13(11-20)9-16(14)22/h6,8-9,14,16,20,22-25H,1,7,10-11H2,2-5H3","QQAAMBROLHMCBF","C19H30O6","[M - H2O + H]+","CC(=C)C(C)(C(C)(C=CCC(C)(C1CC(=O)C(=CC1O)CO)O)O)O","Fatty acids","Erythromycins","Macrolides","336.193673996","InChI=1S/C19H28O5/c1-4-5-6-7-15-14(8-9-17(15)20)10-18(21)23-11-16-12(2)19(22)24-13(16)3/h5-6,12-16H,4,7-11H2,1-3H3/b6-5-/t12-,13+,14+,15+,16-/m0/s1","XUDSPOIZGCSHJD-MVALDTSZSA-N","XUDSPOIZGCSHJD","CC/C=C\C[C@H]1C(=O)CC[C@@H]1CC(=O)OC[C@H]1[C@H](C)C(=O)O[C@@H]1C","C19H28O5","Lasiojasmonate A","http://www.wikidata.org/entity/Q75057925","Fatty acids","Octadecanoids","Fatty acids","Octadecanoids","Jasmonic acids","Lasiodiplodia","['Eukaryota']","['Fungi']","['Ascomycota']","['Dothideomycetes']","['Botryosphaeriales']","['Botryosphaeriaceae']","['Unknown']","['Lasiodiplodia']","['Unknown']","nan","969419.0","http://www.wikidata.org/entity/Q6493321",1,1.67131567616219,0.0499001996007984,1.67131567616219,0.0538922155688623,1.70266414755955,0.0558882235528942,0.036,0.834331337325349
819,"819_485.29_3.1","Eerectquione B_[819_485.29_3.1]",485.290182303771,3.0875745,0.0388199847686443,1.41094463934681,1.55337607625767,0.635407152113278,"4-(3,7-dimethylocta-2,6-dien-1-yl)-2-(3-methylbut-2-en-1-yl)-5-[(2-methylpropanoyl)oxy]-3,6-dioxocyclohexa-1,4-dien-1-yl 2-methylpropanoate","Eerectquione B","CHEBI:229108",0.178,0.178,-234.973,20.546,1,"InChI=1S/C29H40O6/c1-17(2)11-10-12-21(9)14-16-23-24(30)22(15-13-18(3)4)26(34-28(32)19(5)6)25(31)27(23)35-29(33)20(7)8/h11,13-14,19-20H,10,12,15-16H2,1-9H3","LLCTZEXRKYOVJM","C29H40O6","[M + H]+","CC(C)C(=O)OC1=C(C(=O)C(=C(C1=O)OC(=O)C(C)C)CC=C(C)CCC=C(C)C)CC=C(C)C","Terpenoids","Open-chain polyketides","Triterpenoids","465.30903809599994","InChI=1S/C26H43NO6/c1-14(4-7-22(31)27-13-23(32)33)17-5-6-18-24-19(12-21(30)26(17,18)3)25(2)9-8-16(28)10-15(25)11-20(24)29/h14-21,24,28-30H,4-13H2,1-3H3,(H,27,31)(H,32,33)/t14-,15+,16-,17-,18+,19+,20-,21+,24+,25+,26-/m1/s1","RFDAIACWWDREDC-FRVQLJSFSA-N","RFDAIACWWDREDC","C[C@H](CCC(=O)NCC(=O)O)[C@H]1CC[C@H]2[C@@H]3[C@H](O)C[C@@H]4C[C@H](O)CC[C@]4(C)[C@H]3C[C@H](O)[C@]12C","C26H43NO6","Glycocholic acid","http://www.wikidata.org/entity/Q2701638","Terpenoids","Steroids","Terpenoids","Steroids","Cholane steroids","Homo sapiens","['Eukaryota']","['Metazoa']","['Chordata']","['Mammalia']","['Primates']","['Hominidae']","['Unknown']","['Homo']","['Homo sapiens']","nan","770315.0","http://www.wikidata.org/entity/Q15978631",7,0,0.646706586826347,0,0.644710578842315,0,0.620758483033932,0.032,0.966067864271457
823,"823_523.25_3.1","Eerectquione B_[823_523.25_3.1]",523.246117371684,3.1109402,0.0225305926925801,1.64722738352112,1.45777686056696,0.543769905679762,"4-(3,7-dimethylocta-2,6-dien-1-yl)-2-(3-methylbut-2-en-1-yl)-5-[(2-methylpropanoyl)oxy]-3,6-dioxocyclohexa-1,4-dien-1-yl 2-methylpropanoate","Eerectquione B","CHEBI:229108",0.08,0.08,-243.85,18.308,0.962,"InChI=1S/C29H40O6/c1-17(2)11-10-12-21(9)14-16-23-24(30)22(15-13-18(3)4)26(34-28(32)19(5)6)25(31)27(23)35-29(33)20(7)8/h11,13-14,19-20H,10,12,15-16H2,1-9H3","LLCTZEXRKYOVJM","C29H40O6","[M + K]+","CC(C)C(=O)OC1=C(C(=O)C(=C(C1=O)OC(=O)C(C)C)CC=C(C)CCC=C(C)C)CC=C(C)C","Terpenoids","Lanostane, Tirucallane and Euphane triterpenoids","Triterpenoids",NA,NA,NA,NA,NA,NA,NA,NA,NA,NA,NA,NA,NA,NA,NA,NA,NA,NA,NA,NA,NA,NA,NA,NA,NA,NA,NA,1.41705050316284,0.105788423153693,1.34406227991274,0.12375249500998,1.38942503594182,0.137724550898204,0.0313333333333333,0.908183632734531
833,"833_428.41_3.2","NA_[833_428.41_3.2]",428.409954541659,3.2009153,0.0280927491175118,1.55140575926245,1.51855922443448,0.602703175302709,"ethyl 14-oxotetracosanoate",NA,NA,0.661,0.661,-138.648,46.849,0.404,"InChI=1S/C26H50O3/c1-3-5-6-7-8-13-16-19-22-25(27)23-20-17-14-11-9-10-12-15-18-21-24-26(28)29-4-2/h3-24H2,1-2H3","DWUVHECBKJLRHK","C26H50O3","[M + H3N + H]+","CCCCCCCCCCC(=O)CCCCCCCCCCCCC(=O)OCC","Fatty acids","Wax monoesters","Fatty esters",NA,NA,NA,NA,NA,NA,NA,NA,NA,NA,NA,NA,NA,NA,NA,NA,NA,NA,NA,NA,NA,NA,NA,NA,NA,NA,NA,0,0.640718562874252,0,0.648702594810379,0,0.590818363273453,0.02,0.86626746506986
947,"947_507.27_3.6","NA_[947_507.27_3.6]",507.271748602145,3.5512538,0.0291445624654127,1.53544246016897,1.44268560130943,0.52875693333448,"ethyl 4-[4-oxo-4-[[(5R,9R,10S,12R,13R)-1,5,9-trimethyl-11,14,15,16-tetraoxatetracyclo[10.3.1.04,13.08,13]hexadecan-10-yl]oxy]butanoyl]piperazine-1-carboxylate",NA,NA,0.02,0.02,-730.034,10.845,0.1,"InChI=1S/C26H40N2O9/c1-5-32-24(31)28-14-12-27(13-15-28)20(29)8-9-21(30)33-22-17(3)19-7-6-16(2)18-10-11-25(4)35-23(34-22)26(18,19)37-36-25/h16-19,22-23H,5-15H2,1-4H3","FKHWPOYGRNRGOB","C26H40N2O9","[M - H2O + H]+","CCOC(=O)N1CCN(CC1)C(=O)CCC(=O)OC2C(C3CCC(C4C35C(O2)OC(CC4)(OO5)C)C)C","Amino acids and Peptides","Open-chain polyketides","Linear polyketides",NA,NA,NA,NA,NA,NA,NA,NA,NA,NA,NA,NA,NA,NA,NA,NA,NA,NA,NA,NA,NA,NA,NA,NA,NA,NA,NA,1.34406227991274,0.17564870259481,1.41705050316284,0.157684630738523,1.38942503594182,0.18562874251497,0.0386666666666667,0.864271457085828
965,"965_485.29_3.5","Eerectquione B_[965_485.29_3.5]",485.290195176003,3.549966,0.0186073137114697,1.73031632028642,1.49849699597548,0.583516191695587,"4-(3,7-dimethylocta-2,6-dien-1-yl)-2-(3-methylbut-2-en-1-yl)-5-[(2-methylpropanoyl)oxy]-3,6-dioxocyclohexa-1,4-dien-1-yl 2-methylpropanoate","Eerectquione B","CHEBI:229108",0.075,0.075,-310.249,28.345,1,"InChI=1S/C29H40O6/c1-17(2)11-10-12-21(9)14-16-23-24(30)22(15-13-18(3)4)26(34-28(32)19(5)6)25(31)27(23)35-29(33)20(7)8/h11,13-14,19-20H,10,12,15-16H2,1-9H3","LLCTZEXRKYOVJM","C29H40O6","[M + H]+","CC(C)C(=O)OC1=C(C(=O)C(=C(C1=O)OC(=O)C(C)C)CC=C(C)CCC=C(C)C)CC=C(C)C","Terpenoids","Open-chain polyketides","Triterpenoids","465.30903809599994","InChI=1S/C26H43NO6/c1-14(4-7-22(31)27-13-23(32)33)17-5-6-18-24-19(12-21(30)26(17,18)3)25(2)9-8-16(28)10-15(25)11-20(24)29/h14-21,24,28-30H,4-13H2,1-3H3,(H,27,31)(H,32,33)/t14-,15+,16-,17-,18+,19+,20-,21+,24+,25+,26-/m1/s1","RFDAIACWWDREDC-FRVQLJSFSA-N","RFDAIACWWDREDC","C[C@H](CCC(=O)NCC(=O)O)[C@H]1CC[C@H]2[C@@H]3[C@H](O)C[C@@H]4C[C@H](O)CC[C@]4(C)[C@H]3C[C@H](O)[C@]12C","C26H43NO6","Glycocholic acid","http://www.wikidata.org/entity/Q2701638","Terpenoids","Steroids","Terpenoids","Steroids","Cholane steroids","Homo sapiens","['Eukaryota']","['Metazoa']","['Chordata']","['Mammalia']","['Primates']","['Hominidae']","['Unknown']","['Homo']","['Homo sapiens']","nan","770315.0","http://www.wikidata.org/entity/Q15978631",7,1.34406227991274,0.101796407185629,1.34406227991274,0.103792415169661,1.34406227991274,0.107784431137725,0.056,0.69061876247505
966,"966_502.32_3.6","Eerectquione B_[966_502.32_3.6]",502.316781712084,3.550014,0.0243205893732343,1.61402590479231,1.48297290431061,0.56849223826872,"4-(3,7-dimethylocta-2,6-dien-1-yl)-2-(3-methylbut-2-en-1-yl)-5-[(2-methylpropanoyl)oxy]-3,6-dioxocyclohexa-1,4-dien-1-yl 2-methylpropanoate","Eerectquione B","CHEBI:229108",0.171,0.171,-232.774,38.676,1,"InChI=1S/C29H40O6/c1-17(2)11-10-12-21(9)14-16-23-24(30)22(15-13-18(3)4)26(34-28(32)19(5)6)25(31)27(23)35-29(33)20(7)8/h11,13-14,19-20H,10,12,15-16H2,1-9H3","LLCTZEXRKYOVJM","C29H40O6","[M + H3N + H]+","CC(C)C(=O)OC1=C(C(=O)C(=C(C1=O)OC(=O)C(C)C)CC=C(C)CCC=C(C)C)CC=C(C)C","Terpenoids","Tigliane diterpenoids","Diterpenoids",NA,NA,NA,NA,NA,NA,NA,NA,NA,NA,NA,NA,NA,NA,NA,NA,NA,NA,NA,NA,NA,NA,NA,NA,NA,NA,NA,1.00100150250438,0.207584830339321,1.00100150250438,0.219560878243513,1.00100150250438,0.219560878243513,0.02,0.992015968063872
1144,"1144_458.45_4.2","NA_[1144_458.45_4.2]",458.446557256657,4.1767826,0.0193018346991005,1.71440140799611,1.49115247126628,0.576427781627624,NA,NA,NA,NA,NA,NA,NA,NA,NA,NA,NA,NA,NA,NA,NA,NA,NA,NA,NA,NA,NA,NA,NA,NA,NA,NA,NA,NA,NA,NA,NA,NA,NA,NA,NA,NA,NA,NA,NA,NA,NA,NA,NA,1.41705050316284,0.0878243512974052,1.34406227991274,0.101796407185629,1.38942503594182,0.101796407185629,0.0386666666666667,0.339321357285429
1147,"1147_456.44_4.2","NA_[1147_456.44_4.2]",456.441427609226,4.17706,0.0207470984483169,1.68304263225297,1.49016105743821,0.575468266399063,"tetradecanoyl tetradecanoate",NA,NA,0.199,0.199,-114.918,43.883,0.411,"InChI=1S/C28H54O3/c1-3-5-7-9-11-13-15-17-19-21-23-25-27(29)31-28(30)26-24-22-20-18-16-14-12-10-8-6-4-2/h3-26H2,1-2H3","RCRYHUPTBJZEQS","C28H54O3","[M + H3N + H]+","CCCCCCCCCCCCCC(=O)OC(=O)CCCCCCCCCCCCC","Fatty acids","Wax monoesters","Fatty esters",NA,NA,NA,NA,NA,NA,NA,NA,NA,NA,NA,NA,NA,NA,NA,NA,NA,NA,NA,NA,NA,NA,NA,NA,NA,NA,NA,1.41705050316284,0.0958083832335329,1.41705050316284,0.0978043912175649,1.41705050316284,0.0818363273453094,0.0346666666666667,0.441117764471058
1358,"1358_502.34_5","NA_[1358_502.34_5]",502.343970411795,5.0344105,0.00721567302200955,2.14172315506068,0.596181056271559,-0.746177560647313,"Hexadecyl 6-(trimethylazaniumyl)hexyl phosphate",NA,NA,0.102,0.102,-332.454,121.423,1,"InChI=1S/C25H54NO4P/c1-5-6-7-8-9-10-11-12-13-14-15-16-18-21-24-29-31(27,28)30-25-22-19-17-20-23-26(2,3)4/h5-25H2,1-4H3/p+1","LMQPNDKSTFMVIQ","C25H54NO4P","[M + K]+","CCCCCCCCCCCCCCCCOP(=O)(O)OCCCCCC[N+](C)(C)C","Fatty acids","Sphingoid bases","Spingolipids","501.345423604","InChI=1S/C30H47NO5/c1-8-26-19(3)10-13-27(36-26)20(4)15-18(2)9-11-23-21(5)24(23)12-14-28-30(34)25(31(6)7)16-22(35-28)17-29(32)33/h9-12,14-15,18,21-28,30,34H,8,13,16-17H2,1-7H3,(H,32,33)/b11-9+,14-12+,20-15+/t18-,21-,22+,23+,24+,25+,26-,27-,28+,30-/m1/s1","KLTHMLORYIRDPP-COTDPOAQSA-N","KLTHMLORYIRDPP","CC[C@H]1O[C@@H](/C(C)=C/[C@H](C)/C=C/[C@H]2[C@@H](C)[C@@H]2/C=C/[C@@H]2O[C@H](CC(=O)O)C[C@H](N(C)C)[C@H]2O)CC=C1C","C30H47NO5","Ambruticin VS-3","http://www.wikidata.org/entity/Q77279133","Polyketides","Linear polyketides","Polyketides","Linear polyketides","Open-chain polyketides","Sorangium cellulosum","['Bacteria']","['Unknown']","['Proteobacteria']","['Deltaproteobacteria']","['Myxococcales']","['Polyangiaceae']","['Unknown']","['Sorangium']","['Sorangium cellulosum']","nan","804727.0","http://www.wikidata.org/entity/Q2523108",0,1.9042342233658,0.0339321357285429,1.9042342233658,0.029940119760479,1.94464227070597,0.0339321357285429,0.0646666666666667,0.189620758483034
1379,"1379_486.48_5.1","NA_[1379_486.48_5.1]",486.477315811685,5.1460695,0.0293466071127097,1.53244210216438,1.4855363316449,0.570983889483637,"2-Cyclooctyl-2-[(1-cyclooctylcyclooctyl)diazenyl]cyclooctan-1-amine",NA,NA,0.041,0.041,-177.246,3.358,0.284,"InChI=1S/C32H59N3/c33-30-24-16-8-11-19-27-32(30,29-22-14-6-2-7-15-23-29)35-34-31(25-17-9-3-10-18-26-31)28-20-12-4-1-5-13-21-28/h28-30H,1-27,33H2","YGFYPRMODKAZNP","C32H59N3","[M + H]+","C1CCCC(CCC1)C2(CCCCCCC2)N=NC3(CCCCCCC3N)C4CCCCCCC4","Alkaloids","Steroidal alkaloids","Pseudoalkaloids (transamidation)",NA,NA,NA,NA,NA,NA,NA,NA,NA,NA,NA,NA,NA,NA,NA,NA,NA,NA,NA,NA,NA,NA,NA,NA,NA,NA,NA,1.00100150250438,0.271457085828343,1.00100150250438,0.259481037924152,1.00100150250438,0.273453093812375,0.028,0.68063872255489
1381,"1381_485.47_5.1","NA_[1381_485.47_5.1]",485.474355426264,5.147683,0.033948584244901,1.46917833235396,1.47531270247667,0.561020775829402,NA,NA,NA,NA,NA,NA,NA,NA,NA,NA,NA,NA,NA,NA,NA,NA,NA,NA,NA,NA,NA,NA,NA,NA,NA,NA,NA,NA,NA,NA,NA,NA,NA,NA,NA,NA,NA,NA,NA,NA,NA,NA,NA,1.00100150250438,0.267465069860279,1.00100150250438,0.273453093812375,1.00100150250438,0.279441117764471,0.0413333333333333,0.297405189620758
1382,"1382_484.47_5.1","NA_[1382_484.47_5.1]",484.473234441081,5.1473503,0.0295657838600714,1.52921060232052,1.48688562075581,0.572293671791737,"14-oxotriacontanoic acid",NA,NA,0.125,0.125,-108.56,66.701,0.4,"InChI=1S/C30H58O3/c1-2-3-4-5-6-7-8-9-10-11-14-17-20-23-26-29(31)27-24-21-18-15-12-13-16-19-22-25-28-30(32)33/h2-28H2,1H3,(H,32,33)","AGGJFYHWBYFDAH","C30H58O3","[M + H3N + H]+","CCCCCCCCCCCCCCCCC(=O)CCCCCCCCCCCCC(=O)O","Fatty acids","Wax monoesters","Fatty esters","nan","nan","nan","UHWYQXNZIBLESO",NA,"nan","nan","nan","nan","nan","Fatty acids","Sphingolipids","Ceramides","nan","['Unknown']","['Unknown']","['Unknown']","['Unknown']","['Unknown']","['Unknown']","['Unknown']","['Unknown']","['Unknown']","nan","nan","nan",0,1.00100150250438,0.239520958083832,1.00100150250438,0.245508982035928,1.00100150250438,0.259481037924152,0.046,0.197604790419162
1490,"1490_498.49_5.6","NA_[1490_498.49_5.6]",498.488349415679,5.607508,0.0346005434145647,1.46091708039527,1.4440385067449,0.530109213658052,"N-(1,3-dihydroxypropan-2-yl)octacosanamide",NA,NA,0.651,0.651,-66.887,64.162,0.6,"InChI=1S/C31H63NO3/c1-2-3-4-5-6-7-8-9-10-11-12-13-14-15-16-17-18-19-20-21-22-23-24-25-26-27-31(35)32-30(28-33)29-34/h30,33-34H,2-29H2,1H3,(H,32,35)","PBLYJPJSYLUTJZ","C31H63NO3","[M + H]+","CCCCCCCCCCCCCCCCCCCCCCCCCCCC(=O)NC(CO)CO","Fatty acids","N-acyl amines","Fatty amides",NA,NA,NA,NA,NA,NA,NA,NA,NA,NA,NA,NA,NA,NA,NA,NA,NA,NA,NA,NA,NA,NA,NA,NA,NA,NA,NA,1.34406227991274,0.119760479041916,1.34406227991274,0.115768463073852,1.41705050316284,0.0838323353293413,0.0493333333333333,0.147704590818363
1541,"1541_706.59_5.8","NA_[1541_706.59_5.8]",706.593955681172,5.789245,0.0316315773929928,1.49987915029132,1.50521189050715,0.589966591215177,"3,4-dihydroxy-N-(1,3,6-trihydroxynonacos-4-en-2-yl)dodecanamide",NA,NA,0.098,0.098,-430.427,18.648,0.998,"InChI=1S/C41H81NO6/c1-3-5-7-9-11-12-13-14-15-16-17-18-19-20-21-22-23-24-25-26-28-30-36(44)32-33-38(45)37(35-43)42-41(48)34-40(47)39(46)31-29-27-10-8-6-4-2/h32-33,36-40,43-47H,3-31,34-35H2,1-2H3,(H,42,48)","UZGYBDZGERJBMR","C41H81NO6","[M + Na]+","CCCCCCCCCCCCCCCCCCCCCCCC(C=CC(C(CO)NC(=O)CC(C(CCCCCCCC)O)O)O)O","Fatty acids","Fatty acyl carnitines","Fatty esters",NA,NA,NA,NA,NA,NA,NA,NA,NA,NA,NA,NA,NA,NA,NA,NA,NA,NA,NA,NA,NA,NA,NA,NA,NA,NA,NA,1.00100150250438,0.279441117764471,1.00100150250438,0.277445109780439,1.00100150250438,0.277445109780439,0.0466666666666667,0.231536926147705
1542,"1542_705.59_5.8","NA_[1542_705.59_5.8]",705.590536794749,5.789677,0.0105127821056905,1.97828233694425,1.59430013821828,0.672923252388699,NA,NA,NA,NA,NA,NA,NA,NA,NA,NA,NA,NA,NA,NA,NA,NA,NA,NA,NA,NA,NA,NA,NA,NA,NA,NA,NA,NA,NA,NA,NA,NA,NA,NA,NA,NA,NA,NA,NA,NA,NA,NA,NA,1.73727046020804,0.0459081836327345,1.73727046020804,0.0339321357285429,1.73727046020804,0.031936127744511,0.0493333333333333,0.171656686626747
1579,"1579_556.53_5.9","NA_[1579_556.53_5.9]",556.53009683654,5.933079,0.0483133447398343,1.31593289520298,1.43619020838996,0.52224683170176,"7-Octadecanoyloxy-hexadecanoic acid",NA,NA,0.517,0.144,-79.455,75.355,0.999,"InChI=1S/C34H66O4/c1-3-5-7-9-11-12-13-14-15-16-17-18-20-22-27-31-34(37)38-32(29-25-23-26-30-33(35)36)28-24-21-19-10-8-6-4-2/h32H,3-31H2,1-2H3,(H,35,36)","AWINNZJYDSFBEW","C34H66O4","[M + H3N + H]+","CCCCCCCCCCCCCCCCCC(=O)OC(CCCCCCCCC)CCCCCC(=O)O","Fatty acids","Diacylglycerols","Fatty esters","555.522659688","InChI=1S/C34H69NO4/c1-3-5-7-9-11-13-15-17-19-21-23-25-27-29-33(38)35-31(30-36)34(39)32(37)28-26-24-22-20-18-16-14-12-10-8-6-4-2/h31-32,34,36-37,39H,3-30H2,1-2H3,(H,35,38)/t31-,32+,34-/m0/s1","IVBULNXGVIHEKN-MVIDNBQJSA-N","IVBULNXGVIHEKN","CCCCCCCCCCCCCCCC(=O)N[C@@H](CO)[C@H](O)[C@H](O)CCCCCCCCCCCCCC","C34H69NO4","N-hexadecanoylphytosphingosine","http://www.wikidata.org/entity/Q27133656","Fatty acids","Sphingolipids","Fatty acids","Sphingolipids","Ceramides","Trypanosoma brucei","['Eukaryota']","['Unknown']","['Unknown']","['Unknown']","['Kinetoplastea']","['Unknown']","['Unknown']","['Trypanosoma']","['Trypanosoma brucei']","nan","494245.0","http://www.wikidata.org/entity/Q33244",1,1.67131567616219,0.0279441117764471,1.67131567616219,0.0279441117764471,1.70266414755955,0.0259481037924152,0.0606666666666667,0.0359281437125748
1621,"1621_887.56_6.1","NA_[1621_887.56_6.1]",887.564644629879,6.1054053,0.0277073724026154,1.55740465809193,1.51813456127263,0.602299671041248,"methyl (3R,8Z,12Z,13E,19E,21S,22S)-16-ethenyl-11-ethyl-14-hydroxy-12-(hydroxymethylidene)-17,21,26-trimethyl-4-oxo-22-[3-oxo-3-[(E,7R,11R)-3,7,11,15-tetramethylhexadec-2-enoxy]propyl]-7,23,24,25-tetrazahexacyclo[18.2.1.15,8.110,13.115,18.02,6]hexacosa-2(6),5(26),8,10,13,15,17,19-octaene-3-carboxylate",NA,NA,0.084,0.084,-774.271,134.518,0.338,"InChI=1S/C55H76N4O7/c1-12-37-34(8)41-27-42-35(9)39(23-24-45(61)66-26-25-33(7)22-16-21-32(6)20-15-19-31(5)18-14-17-30(3)4)49(56-42)47-48(55(64)65-11)53(62)46-36(10)43(58-52(46)47)28-44-38(13-2)40(29-60)51(59-44)54(63)50(37)57-41/h12,25,27-32,35,39,48-49,56-60,63H,1,13-24,26H2,2-11H3","STDDXUWKUKCMKW","C55H76N4O7","[M - H2O + H]+","CCC1=C2C=C3C(=C4C(=O)C(C(=C4N3)C5C(C(C(=CC6=C(C(=C(N6)C(=C(C1=CO)N2)O)C=C)C)N5)C)CCC(=O)OCC=C(C)CCCC(C)CCCC(C)CCCC(C)C)C(=O)OC)C","Fatty acids","Diacylglycerols","Glycerolipids","886.557129346","InChI=1S/C47H83O13P/c1-3-5-7-9-11-13-15-17-19-20-22-24-26-28-30-32-34-36-41(49)59-39(38-58-61(55,56)60-47-45(53)43(51)42(50)44(52)46(47)54)37-57-40(48)35-33-31-29-27-25-23-21-18-16-14-12-10-8-6-4-2/h11,13,17,19,22,24,28,30,39,42-47,50-54H,3-10,12,14-16,18,20-21,23,25-27,29,31-38H2,1-2H3,(H,55,56)/b13-11-,19-17-,24-22-,30-28-/t39-,42?,43-,44+,45-,46-,47?/m1/s1","KRTOMQDUKGRFDJ-ZWTKVEACSA-N","KRTOMQDUKGRFDJ","CCCCC/C=C\C/C=C\C/C=C\C/C=C\CCCC(=O)O[C@H](COC(=O)CCCCCCCCCCCCCCCCC)COP(=O)(O)OC1[C@H](O)[C@H](O)C(O)[C@H](O)[C@H]1O","C47H83O13P","PI(18:0/20:4(5Z,8Z,11Z,14Z))","http://www.wikidata.org/entity/Q105145229","Fatty acids","Glycerophospholipids","Fatty acids","Glycerophospholipids","Glycerophosphoethanolamines","Streptomyces sporangiiformans","['Unknown']","['Unknown']","['Unknown']","['Unknown']","['Unknown']","['Unknown']","['Unknown']","['Unknown']","['Unknown']","nan","nan","http://www.wikidata.org/entity/Q104957131",0,1.00100150250438,0.279441117764471,1.00100150250438,0.285429141716567,1.00100150250438,0.315369261477046,0.052,0.550898203592814
1623,"1623_627.53_6.1","1-stearoyl-2-arachidonoyl-sn-glycerol_[1623_627.53_6.1]",627.534681843621,6.106268,0.0426879491584863,1.36969470934568,1.55265419883837,0.634736554018942,"1-hydroxy-3-(octadecanoyloxy)propan-2-yl icosa-5,8,11,14-tetraenoate","1-stearoyl-2-arachidonoyl-sn-glycerol","CHEBI:75728",0.367,0.367,-177.718,145.015,1,"InChI=1S/C41H72O5/c1-3-5-7-9-11-13-15-17-19-20-22-24-26-28-30-32-34-36-41(44)46-39(37-42)38-45-40(43)35-33-31-29-27-25-23-21-18-16-14-12-10-8-6-4-2/h11,13,17,19,22,24,28,30,39,42H,3-10,12,14-16,18,20-21,23,25-27,29,31-38H2,1-2H3","NSXLMTYRMFVYNT","C41H72O5","[M - H2O + H]+","CCCCCCCCCCCCCCCCCC(=O)OCC(CO)OC(=O)CCCC=CCC=CCC=CCC=CCCCCC","Fatty acids","Diacylglycerols","Glycerolipids","626.52741072","InChI=1S/C41H70O4/c1-3-4-5-6-7-8-9-10-11-12-13-14-15-16-17-18-19-20-21-22-23-24-25-26-27-28-29-30-31-32-36-33-38(43)40-39(44)34-37(42)35(2)41(40)45-36/h33-34,42,44H,3-32H2,1-2H3","MJYQBVQGXNMYSG-UHFFFAOYSA-N","MJYQBVQGXNMYSG","CCCCCCCCCCCCCCCCCCCCCCCCCCCCCCCc1cc(=O)c2c(O)cc(O)c(C)c2o1","C41H70O4","2-(Hentriacontane-1-yl)-5,7-dihydroxy-8-methyl-4H-1-benzopyran-4-one","http://www.wikidata.org/entity/Q105165750","Polyketides","nan","Polyketides","nan","nan","Asphodelus tenuifolius","['Eukaryota']","['Archaeplastida']","['Streptophyta']","['Magnoliopsida']","['Asparagales']","['Asphodelaceae']","['Unknown']","['Asphodelus']","['Asphodelus tenuifolius']","nan","3996508.0","http://www.wikidata.org/entity/Q3695249",1,2.24733287487747,0.00998003992015968,2.14793159805948,0.0179640718562874,2.20808884294841,0.0119760479041916,0.074,0.341317365269461
1624,"1624_513.51_6.1","NA_[1624_513.51_6.1]",513.505444413214,6.1114473,0.0297690631111176,1.52623483320932,1.45682702281056,0.542829588350788,"(5E,9E,16E)-5,9,17,21,25,29-hexamethyltriaconta-1,5,9,16-tetraen-13-one",NA,NA,0.17,0.17,-177.357,35.032,0.409,"InChI=1S/C36H64O/c1-9-10-18-31(4)20-12-24-34(7)26-15-28-36(37)29-16-27-35(8)25-14-23-33(6)22-13-21-32(5)19-11-17-30(2)3/h9,20,26-27,30,32-33H,1,10-19,21-25,28-29H2,2-8H3","RUEAVSZCKKRPLT","C36H64O","[M + H]+","CC(C)CCCC(C)CCCC(C)CCCC(=CCCC(=O)CCC=C(C)CCC=C(C)CCC=C)C","Terpenoids","Cholestane steroids","Carotenoids (C40)","nan","nan","nan","LPXBGYZBFXJFMF",NA,"nan","nan","nan","nan","nan","Fatty acids","Sphingolipids","Ceramides","nan","['Unknown']","['Unknown']","['Unknown']","['Unknown']","['Unknown']","['Unknown']","['Unknown']","['Unknown']","['Unknown']","nan","nan","nan",0,1.41705050316284,0.0918163672654691,1.41705050316284,0.0958083832335329,1.41705050316284,0.0798403193612774,0.0393333333333333,0.337325349301397
1627,"1627_515.51_6.1","NA_[1627_515.51_6.1]",515.511149059629,6.1108403,0.0204739806229359,1.68879771207571,1.47132869767411,0.557119583459276,NA,NA,NA,NA,NA,NA,NA,NA,NA,NA,NA,NA,NA,NA,NA,NA,NA,NA,NA,NA,NA,NA,NA,NA,NA,NA,NA,NA,NA,NA,NA,NA,NA,NA,NA,NA,NA,NA,NA,NA,NA,NA,NA,1.63736530665978,0.0419161676646707,1.73727046020804,0.031936127744511,1.70266414755955,0.0399201596806387,0.0566666666666667,0.0718562874251497
1628,"1628_514.51_6.1","NA_[1628_514.51_6.1]",514.508370265597,6.111813,0.0247284163338313,1.60680369599217,1.46471754010204,0.550622478447169,NA,NA,NA,NA,NA,NA,NA,NA,NA,NA,NA,NA,NA,NA,NA,NA,NA,NA,NA,NA,NA,NA,NA,NA,NA,NA,NA,NA,NA,NA,NA,NA,NA,NA,NA,NA,NA,NA,NA,NA,NA,NA,NA,1.41705050316284,0.0918163672654691,1.34406227991274,0.105788423153693,1.38942503594182,0.103792415169661,0.052,0.103792415169661
1629,"1629_512.5_6.1","N-palmitoylhexadecasphinganine_[1629_512.5_6.1]",512.504600063826,6.1127415,0.024774407994233,1.60599671455852,1.47331085829024,0.559061861058084,"N-[2-Hydroxy-1-(hydroxymethyl)pentadecyl]hexadecanamide","N-palmitoylhexadecasphinganine","CHEBI:82810",0.157,0.098,-116.411,51.511,0.6,"InChI=1S/C32H65NO3/c1-3-5-7-9-11-13-15-16-18-20-22-24-26-28-32(36)33-30(29-34)31(35)27-25-23-21-19-17-14-12-10-8-6-4-2/h30-31,34-35H,3-29H2,1-2H3,(H,33,36)","GFUGOEQVSHGJMI","C32H65NO3","[M + H]+","CCCCCCCCCCCCCCCC(=O)NC(CO)C(CCCCCCCCCCCCC)O","Fatty acids","N-acyl amines","Fatty amides","511.49644494","InChI=1S/C32H65NO3/c1-3-5-7-9-11-13-15-16-18-19-21-23-25-27-31(35)30(29-34)33-32(36)28-26-24-22-20-17-14-12-10-8-6-4-2/h30-31,34-35H,3-29H2,1-2H3,(H,33,36)/t30-,31+/m0/s1","UDTSZXVRDXQARY-IOWSJCHKSA-N","UDTSZXVRDXQARY","CCCCCCCCCCCCCCC[C@@H](O)[C@H](CO)NC(=O)CCCCCCCCCCCCC","C32H65NO3","N-(tetradecanoyl)-sphinganine","http://www.wikidata.org/entity/Q27135603","Fatty acids","Sphingolipids","Fatty acids","Sphingolipids","Ceramides","Bos taurus","['Eukaryota']","['Metazoa']","['Chordata']","['Mammalia']","['Artiodactyla']","['Bovidae']","['Unknown']","['Bos']","['Bos taurus']","nan","490099.0","http://www.wikidata.org/entity/Q19610691",4,1.34406227991274,0.101796407185629,1.34406227991274,0.105788423153693,1.34406227991274,0.11377245508982,0.03,0.582834331337325
1641,"1641_700.57_6.1","HexCer(d18:1/16:0)_[1641_700.57_6.1]",700.572696834861,6.1288466,0.0260857716960921,1.58359631100612,0.657260657552476,-0.605462464398632,"Beta-D-Glucosyl-N-Hexadecanoylsphingosine","HexCer(d18:1/16:0)","CHEBI:77462",0.752,0.504,-218.475,70.563,0.986,"InChI=1S/C40H77NO8/c1-3-5-7-9-11-13-15-17-19-21-23-25-27-29-34(43)33(32-48-40-39(47)38(46)37(45)35(31-42)49-40)41-36(44)30-28-26-24-22-20-18-16-14-12-10-8-6-4-2/h27,29,33-35,37-40,42-43,45-47H,3-26,28,30-32H2,1-2H3,(H,41,44)","VJLLLMIZEJJZTE","C40H77NO8","[M + H]+","CCCCCCCCCCCCCCCC(=O)NC(COC1C(C(C(C(O1)CO)O)O)O)C(C=CCCCCCCCCCCCCC)O","Fatty acids","Neutral glycosphingolipids","Spingolipids",NA,NA,NA,NA,NA,NA,NA,NA,NA,NA,NA,NA,NA,NA,NA,NA,NA,NA,NA,NA,NA,NA,NA,NA,NA,NA,NA,0,0.666666666666667,0,0.676646706586826,0,0.632734530938124,0.0493333333333333,0.37125748502994
1646,"1646_722.55_6.1","HexCer(d18:1/16:0)_[1646_722.55_6.1]",722.554215825063,6.1322184,0.0167172116877976,1.77683615809237,0.653705024579659,-0.613288308668027,"Beta-D-Glucosyl-N-Hexadecanoylsphingosine","HexCer(d18:1/16:0)","CHEBI:77462",0.249,0.163,-355.412,48.399,0.935,"InChI=1S/C40H77NO8/c1-3-5-7-9-11-13-15-17-19-21-23-25-27-29-34(43)33(32-48-40-39(47)38(46)37(45)35(31-42)49-40)41-36(44)30-28-26-24-22-20-18-16-14-12-10-8-6-4-2/h27,29,33-35,37-40,42-43,45-47H,3-26,28,30-32H2,1-2H3,(H,41,44)","VJLLLMIZEJJZTE","C40H77NO8","[M + Na]+","CCCCCCCCCCCCCCCC(=O)NC(COC1C(C(C(C(O1)CO)O)O)O)C(C=CCCCCCCCCCCCCC)O","Fatty acids","Neutral glycosphingolipids","Spingolipids",NA,NA,NA,NA,NA,NA,NA,NA,NA,NA,NA,NA,NA,NA,NA,NA,NA,NA,NA,NA,NA,NA,NA,NA,NA,NA,NA,1.41705050316284,0.139720558882236,1.34406227991274,0.167664670658683,1.38942503594182,0.173652694610778,0.034,0.750499001996008
1781,"1781_766.57_6.4","NA_[1781_766.57_6.4]",766.573865798926,6.448813,0.0333339663758415,1.47711300699194,1.64283284921204,0.716185700080873,"[2-[(3Z,6Z,9Z,12Z,15Z)-octadeca-3,6,9,12,15-pentaenoyl]oxy-3-octadecoxypropyl] 2-(trimethylazaniumyl)ethyl phosphate",NA,NA,0.413,0.413,-281.584,42.74,1,"InChI=1S/C44H80NO7P/c1-6-8-10-12-14-16-18-20-22-24-26-28-30-32-34-36-39-49-41-43(42-51-53(47,48)50-40-38-45(3,4)5)52-44(46)37-35-33-31-29-27-25-23-21-19-17-15-13-11-9-7-2/h9,11,15,17,21,23,27,29,33,35,43H,6-8,10,12-14,16,18-20,22,24-26,28,30-32,34,36-42H2,1-5H3/p+1","KMQYPWCZEIVBFE","C44H80NO7P","[M + H]+","CCCCCCCCCCCCCCCCCCOCC(COP(=O)(O)OCC[N+](C)(C)C)OC(=O)CC=CCC=CCC=CCC=CCC=CCC","Fatty acids","Glycerophosphocholines","Glycerophospholipids",NA,NA,NA,NA,NA,NA,NA,NA,NA,NA,NA,NA,NA,NA,NA,NA,NA,NA,NA,NA,NA,NA,NA,NA,NA,NA,NA,1.00100150250438,0.315369261477046,1.00100150250438,0.287425149700599,1.00100150250438,0.307385229540918,0.046,0.199600798403194
1843,"1843_527.52_6.6","NA_[1843_527.52_6.6]",527.522864537295,6.5842137,0.02726235540273,1.56443662486902,1.46737873957609,0.55324128763488,NA,NA,NA,NA,NA,NA,NA,NA,NA,NA,NA,NA,NA,NA,NA,NA,NA,NA,NA,NA,NA,NA,NA,NA,NA,NA,NA,NA,NA,NA,NA,NA,NA,NA,NA,NA,NA,NA,NA,NA,NA,NA,NA,1.00100150250438,0.277445109780439,1.00100150250438,0.269461077844311,1.00100150250438,0.275449101796407,0.042,0.293413173652695
1844,"1844_526.52_6.6","NA_[1844_526.52_6.6]",526.519918807826,6.585094,0.0330624271690188,1.48066526729758,1.44899287320282,0.535050499090677,"Oxoceromelissic acid",NA,NA,0.103,0.103,-172.049,50.403,0.4,"InChI=1S/C33H64O3/c1-2-3-4-5-6-7-8-9-10-11-12-13-14-15-16-17-18-20-23-26-29-32(34)30-27-24-21-19-22-25-28-31-33(35)36/h2-31H2,1H3,(H,35,36)","BFXCMQPAQTUXOM","C33H64O3","[M + H3N + H]+","CCCCCCCCCCCCCCCCCCCCCCC(=O)CCCCCCCCCC(=O)O","Fatty acids","Wax monoesters","Fatty esters",NA,NA,NA,NA,NA,NA,NA,NA,NA,NA,NA,NA,NA,NA,NA,NA,NA,NA,NA,NA,NA,NA,NA,NA,NA,NA,NA,1.00100150250438,0.283433133732535,1.00100150250438,0.267465069860279,1.00100150250438,0.285429141716567,0.066,0.0199600798403194
1924,"1924_724.53_6.8","NA_[1924_724.53_6.8]",724.528272772116,6.7929497,0.0475184876894879,1.32313738954541,1.55624156460844,0.638066017273536,"(2S)-N-[(3R,4S,5S)-1-[(2S)-2-[(1R,2R,5R)-5-benzyl-1-methoxy-2-methyl-3-oxoheptyl]pyrrolidin-1-yl]-3-methoxy-5-methyl-1-oxoheptan-4-yl]-4-[(2S,6S)-2,6-dimethylmorpholin-4-yl]-N-methyl-4-oxo-2-propan-2-ylbutanamide",NA,NA,0.027,0.027,-777.302,160.62,1,"InChI=1S/C43H71N3O7/c1-12-29(5)41(44(9)43(50)35(28(3)4)24-39(48)45-26-30(6)53-31(7)27-45)38(51-10)25-40(49)46-21-17-20-36(46)42(52-11)32(8)37(47)23-33(13-2)22-34-18-15-14-16-19-34/h14-16,18-19,28-33,35-36,38,41-42H,12-13,17,20-27H2,1-11H3","GIYWXLRSYOCRLU","C43H71N3O7","[M - H2O + H]+","CCC(C)C(C(CC(=O)N1CCCC1C(C(C)C(=O)CC(CC)CC2=CC=CC=C2)OC)OC)N(C)C(=O)C(CC(=O)N3CC(OC(C3)C)C)C(C)C","Fatty acids","N-acyl amines","Eicosanoids","330.255880328|330.255880328","InChI=1S/C22H34O2/c1-2-3-4-5-6-7-8-9-10-11-12-13-14-15-16-17-18-19-20-21-22(23)24/h12-21H,2-11H2,1H3,(H,23,24)|InChI=1S/C22H34O2/c1-2-3-4-5-6-7-8-9-10-11-12-13-14-15-16-17-18-19-20-21-22(23)24/h3-4,6-7,9-10,12-13,15-16H,2,5,8,11,14,17-21H2,1H3,(H,23,24)/b4-3-,7-6-,10-9-,13-12-,16-15-","YEKFYCQGYMVFKR-UHFFFAOYSA-N|YUFFSWGQGVEMMI-JLNKQSITSA-N","YEKFYCQGYMVFKR|YUFFSWGQGVEMMI","CCCCCCCCCCCC=CC=CC=CC=CC=CC(=O)O|CC/C=C\C/C=C\C/C=C\C/C=C\C/C=C\CCCCCC(=O)O","C22H34O2|C22H34O2","Docosapentenoic acid|Docosapentaenoic acid","http://www.wikidata.org/entity/Q105347278|http://www.wikidata.org/entity/Q3278345","Fatty acids|Fatty acids","Fatty Acids and Conjugates|Fatty Acids and Conjugates","Fatty acids","Fatty Acids and Conjugates","Unsaturated fatty acids","Homo sapiens|Homo sapiens","['Eukaryota']|['Eukaryota']","['Metazoa']|['Metazoa']","['Chordata']|['Chordata']","['Mammalia']|['Mammalia']","['Primates']|['Primates']","['Hominidae']|['Hominidae']","['Unknown']|['Unknown']","['Homo']|['Homo']","['Homo sapiens']|['Homo sapiens']","nan|nan","770315.0|770315.0","http://www.wikidata.org/entity/Q15978631|http://www.wikidata.org/entity/Q15978631",NA,1.00100150250438,0.311377245508982,1.00100150250438,0.307385229540918,1.00100150250438,0.325349301397206,0.0293333333333333,0.878243512974052
1992,"1992_768.59_6.9","PC(P-16:0/20:3(5Z,8Z,11Z))_[1992_768.59_6.9]",768.589353320961,6.9426985,0.0489065086314959,1.31063333975891,1.51441310945735,0.598758804841026,NA,"PC(P-16:0/20:3(5Z,8Z,11Z))","CHEBI:89977",0.271,0.164,-324.038,111.784,1,"InChI=1S/C44H82NO7P/c1-6-8-10-12-14-16-18-20-22-23-24-25-27-29-31-33-35-37-44(46)52-43(42-51-53(47,48)50-40-38-45(3,4)5)41-49-39-36-34-32-30-28-26-21-19-17-15-13-11-9-7-2/h20,22,24-25,29,31,36,39,43H,6-19,21,23,26-28,30,32-35,37-38,40-42H2,1-5H3/p+1","XWYIIYJIVUGRQE","C44H82NO7P","[M + H]+","CCCCCCCCCCCCCCC=COCC(COP(=O)(O)OCC[N+](C)(C)C)OC(=O)CCCC=CCC=CCC=CCCCCCCCC","Fatty acids","Glycerophosphocholines","Glycerophospholipids",NA,NA,NA,NA,NA,NA,NA,NA,NA,NA,NA,NA,NA,NA,NA,NA,NA,NA,NA,NA,NA,NA,NA,NA,NA,NA,NA,1.67131567616219,0.0558882235528942,1.67131567616219,0.0499001996007984,1.70266414755955,0.0578842315369262,0.0513333333333333,0.321357285429142
2052,"2052_542.54_7.1","NA_[2052_542.54_7.1]",542.540662382903,7.0855365,0.0438158897701507,1.35836836465448,1.40916272962097,0.494838223188445,NA,NA,NA,NA,NA,NA,NA,NA,NA,NA,NA,NA,NA,NA,NA,NA,NA,NA,NA,NA,NA,NA,NA,NA,NA,NA,NA,NA,NA,NA,NA,NA,NA,NA,NA,NA,NA,NA,NA,NA,NA,NA,NA,1.41705050316284,0.0778443113772455,1.41705050316284,0.105788423153693,1.41705050316284,0.0898203592814371,0.0386666666666667,0.3812375249501
2068,"2068_818.64_7.1","NA_[2068_818.64_7.1]",818.639138014306,7.119798,0.0390330327704369,1.408567703797,0.640582958650772,-0.642542676102023,"2-[[(3aS,6aR)-3',3'-bis[(9Z,12Z)-octadeca-9,12-dienyl]spiro[4,5,6,6a-tetrahydro-3aH-cyclopenta[d][1,3]dioxole-2,1'-cyclobutane]-5-yl]-methylamino]ethyl methyl hydrogen phosphate",NA,NA,-Inf,-Inf,-776.063,35.456,1,"InChI=1S/C49H88NO6P/c1-5-7-9-11-13-15-17-19-21-23-25-27-29-31-33-35-37-48(38-36-34-32-30-28-26-24-22-20-18-16-14-12-10-8-6-2)43-49(44-48)55-46-41-45(42-47(46)56-49)50(3)39-40-54-57(51,52)53-4/h13-16,19-22,45-47H,5-12,17-18,23-44H2,1-4H3,(H,51,52)","FACITRVYFSLCSQ","C49H88NO6P","[M + H]+","CCCCCC=CCC=CCCCCCCCCC1(CC2(C1)OC3CC(CC3O2)N(C)CCOP(=O)(O)OC)CCCCCCCCC=CCC=CCCCCC","Fatty acids","Glycerophosphocholines","Glycerophospholipids",NA,NA,NA,NA,NA,NA,NA,NA,NA,NA,NA,NA,NA,NA,NA,NA,NA,NA,NA,NA,NA,NA,NA,NA,NA,NA,NA,1.00100150250438,0.271457085828343,1.00100150250438,0.289421157684631,1.00100150250438,0.295409181636727,0.0333333333333333,0.69061876247505
2069,"2069_782.57_7.1","PC(12:0/22:1(11Z))_[2069_782.57_7.1]",782.566644669032,7.1242347,0.0329146901407503,1.48261022900562,0.631662232715193,-0.662774779283503,"1-dodecanoyl-2-(11Z-docosenoyl)-glycero-3-phosphocholine","PC(12:0/22:1(11Z))","CHEBI:178449",0.098,0.098,-326.921,77.234,1,"InChI=1S/C42H82NO8P/c1-6-8-10-12-14-16-17-18-19-20-21-22-23-24-25-27-29-31-33-35-42(45)51-40(39-50-52(46,47)49-37-36-43(3,4)5)38-48-41(44)34-32-30-28-26-15-13-11-9-7-2/h20-21,40H,6-19,22-39H2,1-5H3/p+1","YGJFBNYJQXQTMU","C42H82NO8P","[M + Na]+","CCCCCCCCCCCC(=O)OCC(COP(=O)(O)OCC[N+](C)(C)C)OC(=O)CCCCCCCCCC=CCCCCCCCCCC","Fatty acids","Glycerophosphocholines","Glycerophospholipids","781.56215515","InChI=1S/C44H80NO8P/c1-6-8-10-12-14-16-18-20-21-22-23-25-27-29-31-33-35-37-44(47)53-42(41-52-54(48,49)51-39-38-45(3,4)5)40-50-43(46)36-34-32-30-28-26-24-19-17-15-13-11-9-7-2/h14,16,20-21,23,25,29,31,42H,6-13,15,17-19,22,24,26-28,30,32-41H2,1-5H3/b16-14-,21-20-,25-23-,31-29-/t42-/m1/s1","IIZPXYDJLKNOIY-JXPKJXOSSA-N","IIZPXYDJLKNOIY","CCCCC/C=C\C/C=C\C/C=C\C/C=C\CCCC(=O)O[C@H](COC(=O)CCCCCCCCCCCCCCC)COP(=O)([O-])OCC[N+](C)(C)C","C44H80NO8P","PC(16:0/20:4(5Z,8Z,11Z,14Z))","http://www.wikidata.org/entity/Q27105003","Fatty acids","Glycerophospholipids","Fatty acids","Glycerophospholipids","Glycerophosphocholines","Trypanosoma brucei","['Eukaryota']","['Unknown']","['Unknown']","['Unknown']","['Kinetoplastea']","['Unknown']","['Unknown']","['Trypanosoma']","['Trypanosoma brucei']","nan","494245.0","http://www.wikidata.org/entity/Q33244",1,1.00100150250438,0.279441117764471,1.00100150250438,0.289421157684631,1.00100150250438,0.279441117764471,0.0373333333333333,0.459081836327345
2196,"2196_770.61_7.5","PC(P-18:1(9Z)/18:1(9Z))_[2196_770.61_7.5]",770.606037016149,7.4583926,0.0192990831673128,1.71446332233081,1.46923835314836,0.555068461932775,NA,"PC(P-18:1(9Z)/18:1(9Z))","CHEBI:89504",0.473,0.383,-291.166,82.44,1,"InChI=1S/C44H84NO7P/c1-6-8-10-12-14-16-18-20-22-24-26-28-30-32-34-36-39-49-41-43(42-51-53(47,48)50-40-38-45(3,4)5)52-44(46)37-35-33-31-29-27-25-23-21-19-17-15-13-11-9-7-2/h20-23,36,39,43H,6-19,24-35,37-38,40-42H2,1-5H3/p+1","DIHWZUCEXWUHOD","C44H84NO7P","[M + H]+","CCCCCCCCC=CCCCCCCCC(=O)OC(COC=CCCCCCCC=CCCCCCCCC)COP(=O)(O)OCC[N+](C)(C)C","Fatty acids","Glycerophosphocholines","Glycerophospholipids","nan","nan","nan","PQIJYJGVCKCIRT",NA,"nan","nan","nan","nan","nan","Fatty acids","Glycerophospholipids","Glycerophosphoethanolamines","nan","['Unknown']","['Unknown']","['Unknown']","['Unknown']","['Unknown']","['Unknown']","['Unknown']","['Unknown']","['Unknown']","nan","nan","nan",0,2.1932960518294,0.00598802395209581,2.14793159805948,0.00598802395209581,2.20148283116099,0.00598802395209581,0.0506666666666667,0.331337325349301
2412,"2412_526.52_8","NA_[2412_526.52_8]",526.519679758166,8.038827,0.0420827878772064,1.37589549700115,1.4235520615631,0.50949525569729,"5-hydroxytritriacontane-12,14-dione",NA,NA,0.058,0.058,-181.981,47.788,0.4,"InChI=1S/C33H64O3/c1-3-5-7-8-9-10-11-12-13-14-15-16-17-18-19-20-24-28-32(35)30-33(36)29-25-22-21-23-27-31(34)26-6-4-2/h31,34H,3-30H2,1-2H3","MOPOIZPBRYFIFH","C33H64O3","[M + H3N + H]+","CCCCCCCCCCCCCCCCCCCC(=O)CC(=O)CCCCCCC(CCCC)O","Fatty acids","Wax monoesters","Glycerolipids",NA,NA,NA,NA,NA,NA,NA,NA,NA,NA,NA,NA,NA,NA,NA,NA,NA,NA,NA,NA,NA,NA,NA,NA,NA,NA,NA,1.73727046020804,0.0219560878243513,1.63736530665978,0.0459081836327345,1.70266414755955,0.0419161676646707,0.0386666666666667,0.37125748502994
2509,"2509_583.59_8.4","NA_[2509_583.59_8.4]",583.585519158624,8.361894,0.0459091972077806,1.3381003014679,1.42355771465183,0.509500984793614,NA,NA,NA,NA,NA,NA,NA,NA,NA,NA,NA,NA,NA,NA,NA,NA,NA,NA,NA,NA,NA,NA,NA,NA,NA,NA,NA,NA,NA,NA,NA,NA,NA,NA,NA,NA,NA,NA,NA,NA,NA,NA,NA,0,0.676646706586826,0,0.69061876247505,0,0.642714570858283,0.0373333333333333,0.437125748502994
2512,"2512_582.58_8.4","NA_[2512_582.58_8.4]",582.582273336561,8.361545,0.0395931174844183,1.40238030140574,1.42347938177571,0.509421596680208,"N-(1,3-dihydroxyoctadecan-2-yl)nonadecanamide",NA,NA,0.286,0.286,-140.566,59.938,0.6,"InChI=1S/C37H75NO3/c1-3-5-7-9-11-13-15-17-18-19-21-23-25-27-29-31-33-37(41)38-35(34-39)36(40)32-30-28-26-24-22-20-16-14-12-10-8-6-4-2/h35-36,39-40H,3-34H2,1-2H3,(H,38,41)","ZNVQCANCZXMJOJ","C37H75NO3","[M + H]+","CCCCCCCCCCCCCCCCCCC(=O)NC(CO)C(CCCCCCCCCCCCCCC)O","Fatty acids","Ceramides","Spingolipids",NA,NA,NA,NA,NA,NA,NA,NA,NA,NA,NA,NA,NA,NA,NA,NA,NA,NA,NA,NA,NA,NA,NA,NA,NA,NA,NA,1.00100150250438,0.245508982035928,1.00100150250438,0.229540918163673,1.00100150250438,0.245508982035928,0.0426666666666667,0.273453093812375
2646,"2646_554.55_8.7","Cer(d18:0/17:0)_[2646_554.55_8.7]",554.550483706714,8.714838,0.0330139435657171,1.48130259543535,1.42967969659359,0.515691963859415,"C17 dihydro Ceramide (d18:0/17:0)","Cer(d18:0/17:0)","CHEBI:188226",0.238,0.238,-149.12,65.339,0.6,"InChI=1S/C35H71NO3/c1-3-5-7-9-11-13-15-17-19-21-23-25-27-29-31-35(39)36-33(32-37)34(38)30-28-26-24-22-20-18-16-14-12-10-8-6-4-2/h33-34,37-38H,3-32H2,1-2H3,(H,36,39)","QZDZZVCCCYWHDN","C35H71NO3","[M + H]+","CCCCCCCCCCCCCCCCC(=O)NC(CO)C(CCCCCCCCCCCCCCC)O","Fatty acids","N-acyl amines","Fatty amides",NA,NA,NA,NA,NA,NA,NA,NA,NA,NA,NA,NA,NA,NA,NA,NA,NA,NA,NA,NA,NA,NA,NA,NA,NA,NA,NA,1.00100150250438,0.241516966067864,1.00100150250438,0.269461077844311,1.00100150250438,0.265469061876248,0.0353333333333333,0.461077844311377
2652,"2652_555.55_8.7","NA_[2652_555.55_8.7]",555.55357985838,8.716607,0.0251648175867912,1.59920621334302,1.44656450757745,0.532630659725861,NA,NA,NA,NA,NA,NA,NA,NA,NA,NA,NA,NA,NA,NA,NA,NA,NA,NA,NA,NA,NA,NA,NA,NA,NA,NA,NA,NA,NA,NA,NA,NA,NA,NA,NA,NA,NA,NA,NA,NA,NA,NA,NA,1.34406227991274,0.135728542914172,1.41705050316284,0.101796407185629,1.38942503594182,0.129740518962076,0.0246666666666667,0.836327345309381
2760,"2760_622.61_9","N-(2-hydroxydocosanoyl)sphinganine_[2760_622.61_9]",622.613374861474,8.969507,0.0228135240019079,1.64180762413273,1.46990294321826,0.555720897945701,"N-(1,3-dihydroxyoctadecan-2-yl)-2-hydroxydocosanamide","N-(2-hydroxydocosanoyl)sphinganine","CHEBI:67023",0.553,0.249,-154.034,51.967,0.014,"InChI=1S/C40H81NO4/c1-3-5-7-9-11-13-15-17-18-19-20-21-23-25-27-29-31-33-35-39(44)40(45)41-37(36-42)38(43)34-32-30-28-26-24-22-16-14-12-10-8-6-4-2/h37-39,42-44H,3-36H2,1-2H3,(H,41,45)","NNLQQNODNROHPW","C40H81NO4","[M - H2O + H]+","CCCCCCCCCCCCCCCCCCCCC(C(=O)NC(CO)C(CCCCCCCCCCCCCCC)O)O","Fatty acids","Ceramides","Spingolipids","621.605995388","InChI=1S/C40H79NO3/c1-3-5-7-9-11-13-15-16-17-18-19-20-21-22-23-24-26-28-30-32-34-36-40(44)41-38(37-42)39(43)35-33-31-29-27-25-14-12-10-8-6-4-2/h33,35,38-39,42-43H,3-32,34,36-37H2,1-2H3,(H,41,44)/b35-33+/t38-,39+/m0/s1","UVOIUTYXLKCPEC-GLQCRSEXSA-N","UVOIUTYXLKCPEC","CCCCCCCCCCC/C=C/[C@@H](O)[C@H](CO)NC(=O)CCCCCCCCCCCCCCCCCCCCCCC","C40H79NO3","N-(tetracosanoyl)-hexadecasphing-4-enine","http://www.wikidata.org/entity/Q76415855","Fatty acids","Sphingolipids","Fatty acids","Sphingolipids","Ceramides","Anneissia japonica","['Eukaryota']","['Metazoa']","['Echinodermata']","['Crinoidea']","['Comatulida']","['Comatulidae']","['Comasterini']","['Anneissia']","['Anneissia japonica']","nan","73461.0","http://www.wikidata.org/entity/Q61469693",2,1.00100150250438,0.289421157684631,1.00100150250438,0.275449101796407,1.00100150250438,0.291417165668663,0.0113333333333333,0.984031936127745
3060,"3060_650.65_9.6","NA_[3060_650.65_9.6]",650.645619022754,9.646085,0.0181677360887647,1.74069918746433,1.59802910353747,0.676293683076172,"N-(1,3-dihydroxyhenicos-4-en-2-yl)henicosanamide",NA,NA,0.712,0.333,-120.99,76.064,0.914,"InChI=1S/C42H83NO3/c1-3-5-7-9-11-13-15-17-19-21-22-24-26-28-30-32-34-36-38-42(46)43-40(39-44)41(45)37-35-33-31-29-27-25-23-20-18-16-14-12-10-8-6-4-2/h35,37,40-41,44-45H,3-34,36,38-39H2,1-2H3,(H,43,46)","TURCGDDLSDFLSQ","C42H83NO3","[M + H]+","CCCCCCCCCCCCCCCCCCCCC(=O)NC(CO)C(C=CCCCCCCCCCCCCCCCC)O","Fatty acids","Ceramides","Spingolipids","nan","nan","nan","ZJVVOYPTFQEGPH",NA,"nan","nan","nan","nan","nan","Fatty acids","Sphingolipids","Ceramides","nan","['Unknown']","['Unknown']","['Unknown']","['Unknown']","['Unknown']","['Unknown']","['Unknown']","['Unknown']","['Unknown']","nan","nan","nan",0,0,0.626746506986028,0,0.626746506986028,0,0.580838323353293,0.052,0.491017964071856
3061,"3061_632.63_9.6","NA_[3061_632.63_9.6]",632.634664465668,9.646989,0.0374286085874354,1.42679631752974,1.56147008477353,0.64290492993338,"N-(1,3-dihydroxyhenicos-4-en-2-yl)henicosanamide",NA,NA,0.722,0.336,-106.581,57.299,0.968,"InChI=1S/C42H83NO3/c1-3-5-7-9-11-13-15-17-19-21-22-24-26-28-30-32-34-36-38-42(46)43-40(39-44)41(45)37-35-33-31-29-27-25-23-20-18-16-14-12-10-8-6-4-2/h35,37,40-41,44-45H,3-34,36,38-39H2,1-2H3,(H,43,46)","TURCGDDLSDFLSQ","C42H83NO3","[M - H2O + H]+","CCCCCCCCCCCCCCCCCCCCC(=O)NC(CO)C(C=CCCCCCCCCCCCCCCCC)O","Fatty acids","Ceramides","Spingolipids",NA,NA,NA,NA,NA,NA,NA,NA,NA,NA,NA,NA,NA,NA,NA,NA,NA,NA,NA,NA,NA,NA,NA,NA,NA,NA,NA,1.41705050316284,0.137724550898204,1.34406227991274,0.163672654690619,1.38942503594182,0.165668662674651,0.038,0.728542914171657
