formulaRank	molecularFormula	adduct	precursorFormula	ZodiacScore	SiriusScoreNormalized	SiriusScore	TreeScore	IsotopeScore	numExplainedPeaks	explainedIntensity	medianMassErrorFragmentPeaks(ppm)	medianAbsoluteMassErrorFragmentPeaks(ppm)	massErrorPrecursor(ppm)	lipidClass	ionMass	retentionTimeInSeconds	retentionTimeInMinutes	formulaId	alignedFeatureId	compoundId	mappingFeatureId	overallFeatureQuality
1	C3H2ClO3	[M + Na]+	C3H2ClNaO3+	0.951	0.264	5.157	5.157	0.000	3	0.005	7.593	7.593	4.291		143.959	29	0.482	845630588035993595	845630485204239586	845630485195850977	2	
1	C6H5NOSi	[M + Na]+	C6H5NNaOSi+	0.992	0.992	13.462	13.462	0.000	3	0.012	-0.436	2.210	-1.146		158.003	29	0.484	845630581119585707	845630484914832606	845630484893861085	1	
1	C2H7BrNO4S	[M + H]+	C2H8BrNO4S+	0.356	0.355	10.681	10.681	0.000	2	0.337	-2.540	6.043	-2.364		220.935	32	0.525	845630580863733105	845630485321680102	845630485317485797	3	
1	C5H6Cl4FNO2	[M - H2O + H]+	C5H5Cl4FNO+	0.286	0.104	3.947	3.947	0.000	2	0.026	-2.220	2.220	-70935.754		253.910	32	0.525	845630581559987655	845630485430732010	845630485426537705	4	
1	C3H5O2PS	[M + Na]+	C3H5NaO2PS+	1.000	0.952	5.333	5.333	0.000	1	0.343	4.303	4.303	0.140		158.964	32	0.536	845630579999706354	845630485514618094	845630485510423789	5	
1	C4H11O5	[M + H]+	C4H12O5+	0.708	0.685	4.347	4.347	0.000	0	0.000	2.557	2.557	2.535		140.068	33	0.555	845630576161917550	845630485590115570	845630485585921265	6	
1	C8H15NO4S	[M + H3N + H]+	C8H19N2O4S+	0.347	0.333	41.176	36.595	4.582	21	0.807	2.707	2.893	-0.102		239.106	33	0.557	845630581065059724	845630485799830774	845630485736916213	7	
1	C8H18N2O4S	[M + Na]+	C8H18N2NaO4S+	1.000	1.000	71.396	71.396	0.000	18	0.424	-5.081	5.081	0.177		261.088	34	0.559	845630585708154580	845630485875328250	845630485875328249	8	
1	C2H3BrN2O3	[M - H2O + H]+	C2H2BrN2O2+	0.215	0.205	0.087	0.087	0.000	0	0.000	4.051	4.051	-109197.185		164.930	36	0.594	845630583715860051	845630485950825726	845630485946631421	9	
1	H2NP3	[M + Na]+	H2NNaP3+	0.332	0.329	-4.044	-4.044	0.000	0	0.000	5.324	5.324	5.233		131.930	36	0.598	845630576417770138	845630486017934594	845630486013740289	10	
1	C2H6Cl2O2Si	[M - H2O + H]+	C2H5Cl2OSi+	0.639	0.488	6.082	6.082	0.000	2	0.016	1.429	1.429	-125993.579		142.948	36	0.608	845630584437280436	845630486072460550	845630486072460549	11	
1	C5H13F2N2OS	[M + Na]+	C5H13F2N2NaOS+	0.969	0.627	7.567	7.567	0.000	3	0.119	-3.515	3.515	-1.672		210.061	40	0.675	845630579987123409	845630486185706766	845630486185706765	13	
1	C5H9ClO3	[M + K]+	C5H9ClKO3+	0.693	0.517	76.975	76.975	0.000	9	0.500	2.943	2.943	2.330		190.988	41	0.681	845630579848711324	845630486131180810	845630486126986505	12	
1	C7H17F2N2OS	[M + Na]+	C7H17F2N2NaOS+	1.000	0.285	28.641	28.641	0.000	12	0.288	-2.103	4.760	-2.001		238.092	41	0.684	845630580368805165	845630486370256154	845630486366061849	16	
1	C4H7O3P	[M + K]+	C4H7KO3P+	0.991	0.996	38.998	38.998	0.000	7	0.377	5.390	5.390	3.765		172.977	41	0.685	845630598978933892	845630486252815634	845630486248621329	14	
1	C4H11F2N2OS	[M + Na]+	C4H11F2N2NaOS+	0.779	0.327	6.149	6.149	0.000	3	0.048	-4.464	4.464	-1.791		196.045	41	0.686	845630578762386471	845630486424782110	845630486424782109	17	
1	C2H4Cl2O3	[M - H2O + H]+	C2H3Cl2O2+	0.347	0.244	0.179	0.179	0.000	0	0.000	3.737	3.737	-139665.920		128.951	42	0.693	845630608491616540	845630486311535894	845630486311535893	15	
1	C3H4ClO4	[M + Na]+	C3H4ClNaO4+	1.000	0.373	5.878	5.878	0.000	3	0.029	4.887	4.887	3.600		161.970	53	0.885	845630583929769566	845630486483502370	845630486483502369	18	
1	C9H16FNO5S	[M - H2O + H]+	C9H15FNO4S+	0.674	0.332	60.692	60.692	0.000	12	0.451	-3.636	4.249	-71446.509		252.071	54	0.904	845630587377487764	845630486605137194	845630486600942889	20	
1	C3H2ClO3	[M + Na]+	C3H2ClNaO3+	0.949	0.087	5.310	5.310	0.000	3	0.006	7.884	7.884	4.326		143.959	56	0.933	845630605425579866	845630486546416934	845630486542222629	19	
1	C6H15F2N2OS	[M + Na]+	C6H15F2N2NaOS+	1.000	1.000	22.705	22.705	0.000	7	0.176	-2.037	5.188	-1.925		224.076	57	0.956	845630599226397841	845630486659663150	845630486659663149	21	
1	C8H21F2N2O2Si	[M + Na]+	C8H21F2N2NaO2Si+	1.000	1.000	57.207	57.207	0.000	13	0.492	-2.289	3.272	-0.739		266.123	59	0.989	845630596919530469	845630486718383410	845630486718383409	22	
1	C4H5Cl2	[M + Na]+	C4H5Cl2Na+	0.993	0.995	5.914	5.914	0.000	4	0.002	2.706	2.706	0.471		145.966	61	1.012	845630580922453378	845630486772909366	845630486772909365	23	
1	C6H15F2N2OS	[M + Na]+	C6H15F2N2NaOS+	1.000	1.000	22.280	22.280	0.000	7	0.182	-2.037	5.318	-1.902		224.076	61	1.022	845630596479128445	845630486827435322	845630486823241017	24	
1	C6H15F2N2OS	[M + Na]+	C6H15F2N2NaOS+	1.000	1.000	22.374	22.374	0.000	7	0.178	-2.003	5.242	-1.902		224.076	75	1.254	845630608076380345	845630486923904322	845630486923904321	26	
1	C8H21F2N2O2Si	[M + Na]+	C8H21F2N2NaO2Si+	0.999	1.000	58.675	58.675	0.000	13	0.509	-2.302	3.235	-0.757		266.123	76	1.265	845630607241713759	845630486974235974	845630486970041669	27	
1	C9H16FNO5S	[M - H2O + H]+	C9H15FNO4S+	0.666	0.333	64.686	64.686	0.000	13	0.462	-3.490	4.425	-71446.530		252.071	77	1.275	845630603223570054	845630487020373322	845630487020373321	28	
1	C6H14O4	[M + H]+	C6H15O4+	1.000	1.000	10.010	10.010	0.000	1	0.008	3.798	3.798	0.560		151.097	79	1.317	845630601831060917	845630486873572670	845630486873572669	25	
1	C8H21F2N2O2Si	[M + Na]+	C8H21F2N2NaO2Si+	1.000	1.000	59.073	59.073	0.000	13	0.511	-2.339	3.311	-0.795		266.123	95	1.588	845630610433579505	845630487125230930	845630487125230929	30	
1	C8H10O2	[M + H3N + H]+	C8H14NO2+	1.000	0.333	163.175	163.175	0.000	24	0.598	8.543	8.543	1.120		156.102	99	1.651	845630577835445155	845630487070704974	845630487070704973	29	
1	C7H8O2	[M + H3N + H]+	C7H12NO2+	1.000	0.333	81.182	81.182	0.000	9	0.023	6.896	6.896	0.387		142.086	104	1.727	845630576774286070	845630487188145494	845630487188145493	31	
1	C7H9NaO2	[M + H3N + H]+	C7H13NNaO2+	0.991	0.333	8.863	8.863	0.000	1	0.044	0.540	0.540	0.546		166.084	104	1.735	845630576610708166	845630487263642970	845630487263642969	32	
1	C7H12O2	[M + H3N + H]+	C7H16NO2+	1.000	0.333	60.929	60.929	0.000	8	0.062	7.742	7.742	0.307		146.118	107	1.790	845630575700544092	845630487309780318	845630487309780317	33	
1	C6H15O5	[M + H]+	C6H16O5+	0.325	0.334	5.620	5.620	0.000	1	0.033	6.278	6.278	1.993		168.100	107	1.790	845630577034332936	845630487360111970	845630487360111969	34	
1	C8H18BF2N2O3	[M + H3N + H]+	C8H22BF2N3O3+	1.000	0.500	50.341	50.341	0.000	14	0.224	0.936	1.293	0.717		256.175	119	1.991	845630595799651108	845630487410443622	845630487410443621	35	
1	C12H26O6	[M + H3N + H]+	C12H30NO6+	0.996	0.988	68.731	68.731	0.000	11	0.129	0.372	0.396	-0.032		284.207	119	1.991	845630595849982790	845630487456580970	845630487456580969	36	
1	C9H14O4	[M + H3N + H]+	C9H18NO4+	0.385	0.308	33.163	33.163	0.000	5	0.024	0.674	0.674	0.468		204.123	120	2.004	845630578544282634	845630487502718318	845630487502718317	37	
1	C9H15NO2	[M + H3N + H]+	C9H19N2O2+	1.000	0.333	164.025	160.795	3.231	19	0.403	5.317	5.317	-0.183		187.144	129	2.145	845630581425769914	845630487553049970	845630487553049969	38	
1	C7H14N8O	[M - H2O + H]+	C7H13N8+	0.428	0.282	7.262	5.271	1.992	2	0.037	4.545	4.545	-86121.093		209.126	129	2.145	845630599788434634	845630487603381622	845630487599187317	39	
1	C8H15NO3	[M + Na]+	C8H15NNaO3+	0.395	0.348	5.108	1.934	3.174	0	0.000	0.816	0.816	0.693		196.095	136	2.272	845630579756436613	845630487754376578	845630487754376577	42	
1	C8H12O3	[M + H3N + H]+	C8H16NO3+	0.997	0.333	141.558	138.406	3.151	22	0.861	5.681	5.681	0.748		174.113	136	2.272	845630579991317733	845630487708239230	845630487704044925	41	
1	C8H12O3	[M - H2O + H]+	C8H11O2+	0.861	0.500	123.570	120.371	3.199	19	0.941	7.589	7.589	-129501.356		139.075	136	2.272	845630589835350161	845630487649518970	845630487649518969	40	
1	C8H10O2	[M + H3N + H]+	C8H14NO2+	1.000	0.333	174.765	171.588	3.177	20	0.391	7.238	7.238	1.056		156.102	136	2.274	845630584181427840	845630487804708230	845630487804708229	43	
1	C8H18NNaO3	[M - H2O + H]+	C8H17NNaO2+	0.512	0.329	26.852	26.852	0.000	6	0.176	0.552	0.552	-98896.120		182.115	140	2.335	845630595472495367	845630487896982926	845630487892788621	45	
1	C8H14O2	[M + H3N + H]+	C8H18NO2+	1.000	0.333	139.146	135.888	3.259	19	0.588	7.104	7.104	0.155		160.133	140	2.339	845630576208054906	845630487850845578	845630487850845577	44	
1	C8H15NO2	[M + Na]+	C8H15NNaO2+	0.886	0.877	8.484	8.484	0.000	2	0.051	0.496	0.496	0.142		180.100	141	2.347	845630576455518883	845630487985063318	845630487985063317	47	
1	C8H12O2	[M + H3N + H]+	C8H16NO2+	0.999	0.333	140.199	140.199	0.000	17	0.588	8.453	8.453	1.106		158.118	141	2.350	845630576157723241	845630487943120274	845630487943120273	46	
1	C10H24N2O3	[M - H2O + H]+	C10H23N2O2+	0.639	0.333	30.312	30.312	0.000	5	0.152	0.184	0.184	-88645.101		203.175	141	2.354	845630575696349786	845630488027006362	845630488027006361	48	
1	C10H16O4	[M + H3N + H]+	C10H20NO4+	0.440	0.333	90.453	86.983	3.471	18	0.973	6.291	6.291	0.483		218.139	151	2.523	845630577055304482	845630488073143710	845630488073143709	49	
1	C10H21NO4	[M - H2O + H]+	C10H20NO3+	0.414	0.333	33.322	33.322	0.000	8	0.081	0.325	0.325	-89097.770		202.144	155	2.582	845630576468101816	845630488115086754	845630488115086753	50	
1	C8H14O3	[M + H3N + H]+	C8H18NO3+	1.000	0.333	96.820	96.820	0.000	19	0.866	7.747	7.747	0.512		176.128	162	2.694	845630576342272658	845630488161224102	845630488157029797	51	
1	C8H12O	[M + H3N + H]+	C8H16NO+	1.000	0.333	193.009	189.833	3.176	18	0.324	8.675	8.675	0.489		142.123	169	2.815	845630576027699810	845630488404493754	845630488404493753	56	
1	C11H21NO3	[M + H3N + H]+	C11H25N2O3+	0.999	0.333	76.277	72.824	3.453	8	0.687	2.153	2.153	0.090		233.186	169	2.815	845630576212249216	845630488450631102	845630488446436797	57	
1	C9H14O3	[M + H3N + H]+	C9H18NO3+	1.000	0.333	165.439	162.049	3.390	27	0.936	5.289	5.289	0.320		188.128	169	2.815	845630577093053235	845630488207361450	845630488203167145	52	
1	C8H19O7	[M - H2O + H]+	C8H18O6+	0.479	0.368	7.525	4.661	2.864	2	0.050	1.948	1.948	-85717.659		210.110	169	2.815	845630577827056525	845630488253498798	845630488253498797	53	
1	C8H10	[M + H3N + H]+	C8H14N+	0.997	0.333	83.995	80.946	3.049	16	0.668	8.576	8.576	1.806		124.112	169	2.815	845630581719371234	845630488345773494	845630488345773493	55	
1	C9H12O2	[M + H3N + H]+	C9H16NO2+	1.000	0.333	224.388	221.008	3.380	29	0.520	6.186	6.186	0.205		170.118	169	2.815	845630591605346623	845630488299636146	845630488299636145	54	
1	C12H18O4	[M + H3N + H]+	C12H22NO4+	0.965	0.333	84.496	84.496	0.000	16	0.241	0.373	0.373	0.104		244.154	177	2.951	845630578363927535	845630488492574146	845630488488379841	58	
1	C11H21NO2	[M + H3N + H]+	C11H25N2O2+	0.991	0.333	26.696	26.696	0.000	5	0.217	0.424	0.424	0.578		217.191	180	2.997	845630575692155478	845630488530322886	845630488530322885	59	
1	C9H14O2	[M + H3N + H]+	C9H18NO2+	1.000	0.333	159.372	159.372	0.000	18	0.578	6.897	6.897	0.086		172.133	180	3.004	845630604158899927	845630488576460234	845630488576460233	60	
1	C11H16O4	[M + H3N + H]+	C11H20NO4+	0.397	0.333	68.778	68.778	0.000	11	0.191	0.590	0.590	0.198		230.139	187	3.122	845630602334377461	845630488614208974	845630488614208973	61	
1	C12H24N3O5	[M - H2O + H]+	C12H23N3O4+	0.811	0.313	33.847	33.847	0.000	11	0.308	-0.369	0.467	-65936.380		273.167	199	3.313	845630605668849507	845630488660346322	845630488660346321	62	
1	C12H16O4	[M + H3N + H]+	C12H20NO4+	0.972	0.333	129.027	129.027	0.000	21	0.315	0.563	0.563	-0.081		242.139	200	3.334	845630608449673481	845630488719066582	845630488714872277	63	
1	C10H14O2	[M + H3N + H]+	C10H18NO2+	1.000	0.333	231.777	228.317	3.459	36	0.803	6.683	6.683	0.569		184.133	201	3.352	845630597385098252	845630488769398234	845630488769398233	64	
1	C10H16O3	[M + H3N + H]+	C10H20NO3+	0.999	0.333	78.349	78.349	0.000	10	0.248	0.703	0.703	0.099		202.144	201	3.356	845630586526044001	845630488815535582	845630488811341277	65	
1	C10H19NO3	[M + Na]+	C10H19NNaO3+	1.000	1.000	51.431	51.431	0.000	8	0.235	0.602	0.703	1.766		224.126	201	3.356	845630607942162595	845630488865867234	845630488865867233	66	
1	C12H17ClO3	[M + K]+	C12H17ClKO3+	1.000	1.000	122.919	122.919	0.000	19	0.695	2.365	2.365	1.307		283.050	213	3.557	845630596034532192	845630488928781798	845630488928781797	67	
1	C11H14O2	[M + H3N + H]+	C11H18NO2+	0.999	0.333	105.629	105.629	0.000	14	0.223	1.222	1.222	0.534		196.133	221	3.677	845630587599785916	845630489012667886	845630489008473581	69	
1	C10H14O	[M + H3N + H]+	C10H18NO+	1.000	0.333	120.095	120.095	0.000	18	0.035	5.458	5.458	0.532		168.138	221	3.677	845630597699671067	845630488970724842	845630488970724841	68	
1	C11H19NO3	[M + Na]+	C11H19NNaO3+	1.000	1.000	46.957	46.957	0.000	11	0.270	0.370	0.632	0.194		236.126	221	3.677	845630603064186479	845630489050416626	845630489050416625	70	
1	C11H16O2	[M + H3N + H]+	C11H20NO2+	1.000	0.333	257.197	253.720	3.477	43	0.881	5.621	5.621	0.781		198.149	232	3.864	845630593593446972	845630489172051454	845630489172051453	73	
1	C10H16O	[M + H3N + H]+	C10H20NO+	1.000	0.333	166.839	166.839	0.000	19	0.405	6.247	6.247	0.466		170.154	232	3.865	845630577650895700	845630489130108410	845630489130108409	72	
1	C11H18O3	[M + H3N + H]+	C11H22NO3+	1.000	0.333	135.213	131.738	3.474	25	0.916	3.599	3.599	0.601		216.160	232	3.865	845630578770775097	845630489213994498	845630489213994497	74	
1	C11H21NO3	[M + Na]+	C11H21NNaO3+	1.000	1.000	70.048	70.048	0.000	12	0.284	0.473	0.473	-0.312		238.141	232	3.865	845630579953568938	845630489251743238	845630489251743237	75	
1	C10H14	[M + H3N + H]+	C10H18N+	1.000	0.333	44.278	44.278	0.000	5	0.004	5.479	5.479	0.552		152.143	232	3.865	845630580758875482	845630489088165366	845630489088165365	71	
1	C11H16O5	[M - H2O + H]+	C11H15O4+	0.718	0.500	35.990	35.990	0.000	6	0.166	0.704	0.704	-85318.446		211.097	232	3.868	845630588954546270	845630489339823630	845630489335629325	77	
1	C9H10O3	[M - H2O + H]+	C9H9O2+	0.766	0.500	64.271	61.104	3.167	8	0.926	5.969	5.969	-120827.374		149.060	232	3.869	845630590162505909	845630489293686282	845630489293686281	76	
1	C12H27NO3	[M + H]+	C12H28NO3+	0.553	0.500	53.564	49.994	3.570	16	0.896	7.047	7.047	0.213		234.206	235	3.913	845630580846955883	845630489381766674	845630489381766673	78	
1	C12H23N3O7S	[M - H2O + H]+	C12H22N3O6S+	0.387	0.333	80.056	80.056	0.000	25	0.729	-1.801	2.832	-53581.764		336.123	239	3.978	845630600937674048	845630489419515414	845630489419515413	79	
1	C13H29NO2	[M + H]+	C13H30NO2+	0.949	0.500	36.046	36.046	0.000	8	0.225	0.194	0.379	0.148		232.227	259	4.322	845630580293307658	845630489461458458	845630489457264153	80	
1	C12H18O2	[M + H3N + H]+	C12H22NO2+	0.995	0.333	117.753	117.753	0.000	18	0.257	0.595	0.595	0.470		212.165	261	4.351	845630576770091756	845630489532761630	845630489532761629	81	
1	C13H25NO3	[M + Na]+	C13H25NNaO3+	1.000	1.000	72.809	72.809	0.000	13	0.330	0.262	0.305	0.134		266.173	289	4.809	845630577692838745	845630489570510370	845630489570510369	82	
1	C13H20O2	[M + H3N + H]+	C13H24NO2+	1.000	0.333	217.499	213.799	3.700	39	0.810	3.637	3.637	0.109		226.180	289	4.809	845630595090813661	845630489612453414	845630489612453413	83	
1	C13H22O3	[M + H3N + H]+	C13H26NO3+	1.000	0.333	157.265	153.521	3.744	32	0.838	2.992	2.992	0.491		244.191	289	4.812	845630604494444278	845630489654396458	845630489654396457	84	
1	C12H27NO	[M + H]+	C12H28NO+	0.924	0.500	29.874	29.874	0.000	6	0.174	0.339	0.339	0.144		202.217	290	4.837	845630599264146596	845630489687950894	845630489687950893	85	
1	C10H20O4	[M + Na]+	C10H20NaO4+	0.550	0.625	11.975	11.975	0.000	2	0.027	0.076	0.361	0.045		227.125	293	4.890	845630600233030934	845630489725699634	845630489725699633	86	
1	C14H31NO3	[M + H]+	C14H32NO3+	0.514	0.500	43.873	40.098	3.775	15	0.765	6.688	6.688	0.075		262.238	295	4.914	845630576304523915	845630489767642678	845630489763448373	87	
1	C13H20O5	[M - H2O + H]+	C13H19O4+	0.665	0.500	49.356	49.356	0.000	8	0.174	0.146	0.146	-75317.811		239.128	300	4.995	845630606033754017	845630489801197114	845630489801197113	88	
1	C10H22O3	[M + H]+	C10H23O3+	1.000	1.000	14.094	14.094	0.000	3	0.069	0.271	0.271	0.230		191.164	303	5.048	845630576296135305	845630489838945854	845630489838945853	89	
1	C11H20N2O7S	[M - H2O + H]+	C11H19N2O6S+	0.573	0.306	71.357	71.357	0.000	24	0.731	-3.261	3.305	-58646.282		307.096	315	5.254	845630608227375310	845630489876694594	845630489876694593	90	
1	C9H22Si	[M + H]+	C9H23Si+	1.000	1.000	10.235	10.235	0.000	4	0.002	4.815	4.815	5.035		159.157	321	5.347	845630595690599190	845630489947997770	845630489947997769	92	
1	C13H23N4O2	[M - H2O + H]+	C13H22N4O+	0.420	0.318	27.576	27.576	0.000	8	0.425	0.154	0.507	-71995.214		250.178	321	5.352	845630578342955995	845630489910249030	845630489910249029	91	
1	C13H27NO3	[M - H2O + H]+	C13H26NO2+	0.415	0.333	49.020	49.020	0.000	11	0.442	0.443	0.526	-78925.642		228.196	321	5.353	845630577789307768	845630489985746510	845630489985746509	93	
1	C13H20O3	[M + H]+	C13H21O3+	0.553	0.500	111.932	108.267	3.665	17	0.419	3.214	3.214	0.129		225.149	329	5.477	845630587708837835	845630490031883858	845630490027689553	94	
1	C33H47NO9	[M - H2O + H]+	C33H46NO8+	0.507	0.238	36.887	36.887	0.000	13	0.680	-0.289	0.662	-30822.360		584.322	329	5.478	845630596906947511	845630490069632598	845630490069632597	95	
1	C14H22O4	[M + H]+	C14H23O4+	0.499	0.498	46.390	46.390	0.000	7	0.160	0.034	0.158	-0.022		255.159	331	5.520	845630588191182880	845630490107381338	845630490107381337	96	
1	C12H14O3	[M - H2O + H]+	C12H13O2+	0.929	0.498	22.857	22.857	0.000	2	0.126	0.148	0.148	-95247.962		189.091	340	5.660	845630584076570219	845630490145130078	845630490145130077	97	
1	C11H18O2	[M - H2O + H]+	C11H17O+	0.909	0.500	160.394	160.394	0.000	22	0.664	4.048	4.048	-109070.201		165.127	342	5.695	845630601944307134	845630490182878818	845630490182878817	98	
1	C33H47NO9	[M - H2O + H]+	C33H46NO8+	0.511	0.275	26.122	26.122	0.000	8	0.485	-0.338	0.704	-30822.308		584.322	343	5.716	845630608793606487	845630490220627558	845630490220627557	99	
1	C10H10O4	[M - H2O + H]+	C10H9O3+	0.669	0.500	21.214	21.214	0.000	3	0.112	1.589	1.589	-101722.718		177.055	344	5.725	845630585813012195	845630490258376298	845630490258376297	100	
1	C14H28O	[M + H3N + H]+	C14H32NO+	0.952	0.500	28.325	24.585	3.739	6	0.604	9.710	9.710	0.343		230.248	344	5.735	845630595086619352	845630490296125038	845630490296125037	101	
1	C31H22O11	[M - H2O + H]+	C31H21O10+	0.585	0.500	21.006	17.242	3.764	5	0.266	0.802	0.853	-32561.425		553.113	344	5.735	845630610211281338	845630490333873778	845630490333873777	102	
1	C16H35NO3	[M + H]+	C16H36NO3+	0.548	0.500	41.844	38.032	3.812	14	0.815	5.877	5.877	-0.174		290.269	346	5.774	845630595774485271	845630490371622518	845630490371622517	103	
1	C30H20O11	[M - H2O + H]+	C30H19O10+	0.509	0.497	11.963	8.386	3.577	4	0.200	0.008	0.823	-33408.044		539.098	348	5.799	845630609552775553	845630490409371258	845630490409371257	104	
1	C16H35NO3	[M - H2O + H]+	C16H34NO2+	0.484	0.333	52.696	52.696	0.000	12	0.236	0.371	0.371	-66152.409		272.258	351	5.855	845630580737903957	845630490447119998	845630490447119997	105	
1	C15H21NO4	[M - H2O + H]+	C15H20NO3+	0.630	0.333	60.116	60.116	0.000	10	0.247	0.339	0.339	-68704.769		262.144	355	5.920	845630591747953010	845630490480674434	845630490480674433	106	
1	C17H37NO2	[M + H]+	C17H38NO2+	0.787	0.500	42.363	38.446	3.917	8	0.721	6.923	6.923	-0.055		288.290	357	5.947	845630579496389734	845630490518423174	845630490518423173	107	
1	C2H5N3S	[M + K]+	C2H5KN3S+	0.688	0.700	4.975	4.975	0.000	2	0.062	-7.776	7.776	-2.122		141.983	357	5.949	845630584399531686	845630490556171914	845630490556171913	108	
1	C13H20O2	[M - H2O + H]+	C13H19O+	1.000	0.500	30.481	30.481	0.000	4	0.137	0.339	0.339	-94225.250		191.143	361	6.023	845630578162600884	845630490589726350	845630490589726349	109	
1	C17H37NO2	[M + H]+	C17H38NO2+	0.806	0.500	42.210	38.337	3.873	8	0.658	7.311	7.311	-0.090		288.290	366	6.107	845630581694205401	845630490627475090	845630490627475089	110	
1	C13H20O2	[M - H2O + H]+	C13H19O+	0.998	0.500	29.900	29.900	0.000	4	0.136	0.239	0.290	-94225.221		191.143	368	6.130	845630580331056397	845630490665223830	845630490665223829	111	
1	C12H20O2	[M - H2O + H]+	C12H19O+	0.979	0.500	43.272	43.272	0.000	6	0.179	0.279	0.279	-100537.410		179.143	369	6.151	845630596802089885	845630490698778266	845630490698778265	112	
1	C13H20O2	[M - H2O + H]+	C13H19O+	0.999	0.500	30.724	30.724	0.000	3	0.136	0.217	0.264	-94225.250		191.143	376	6.265	845630577034332927	845630490774275746	845630490770081441	114	
1	C15H23ClN2O3	[M + K]+	C15H23ClKN2O3+	1.000	1.000	80.984	80.984	0.000	28	0.723	2.147	2.230	-2.742		353.102	376	6.271	845630602770585135	845630490736527006	845630490736527005	113	
1	C11H18O2	[M - H2O + H]+	C11H17O+	0.919	0.500	143.261	143.261	0.000	18	0.647	4.200	4.200	-109070.133		165.127	378	6.304	845630579504778351	845630490812024486	845630490807830181	115	
1	C16H36ClN3O	[M + Na]+	C16H36ClN3NaO+	1.000	0.998	90.539	90.539	0.000	25	0.646	1.500	2.116	-2.269		344.243	379	6.314	845630606415435733	845630490845578922	845630490845578921	116	
1	C14H22O2	[M - H2O + H]+	C14H21O+	0.943	0.500	30.542	30.542	0.000	3	0.122	0.266	0.329	-87787.987		205.159	386	6.439	845630580805012836	845630490879133358	845630490879133357	117	
1	C18H30O5	[M + H3N + H]+	C18H34NO5+	0.973	0.333	73.844	70.002	3.842	14	0.863	1.591	1.591	-0.057		344.243	388	6.463	845630584797990595	845630490921076402	845630490916882097	118	
1	C20H34N3O5S	[M + H3N + H]+	C20H38N4O5S+	1.000	0.333	98.206	98.206	0.000	33	0.584	-2.261	2.646	-4.398		446.254	388	6.469	845630603294873257	845630490954630838	845630490954630837	119	
1	C24H32O7	[M - H2O + H]+	C24H31O6+	0.746	0.479	21.935	18.086	3.849	6	0.989	2.437	2.437	-43376.856		415.212	388	6.475	845630579102125126	845630490996573882	845630490992379577	120	
1	C26H39NO7	[M - H2O + H]+	C26H38NO6+	0.558	0.333	52.766	46.029	6.737	17	0.910	2.514	2.620	-39130.407		460.269	388	6.475	845630591580180778	845630491143374538	845630491143374537	124	
1	C24H30O6	[M + Na]+	C24H30NaO6+	0.729	0.752	8.162	4.487	3.674	0	0.000	-0.159	0.159	-0.021		437.193	389	6.479	845630594377781834	845630491072071362	845630491072071361	122	
1	C24H30O6	[M + H3N + H]+	C24H34NO6+	0.983	0.333	54.934	51.120	3.814	7	0.590	1.908	1.908	0.291		432.238	389	6.479	845630605392025407	845630491034322622	845630491034322621	121	
1	C21H30N2O8S	[M - H2O + H]+	C21H29N2O7S+	0.733	0.271	111.681	111.681	0.000	31	0.511	-3.186	3.292	-39747.124		453.167	389	6.479	845630630574627486	845630491105625798	845630491105625797	123	
1	C18H39NO2	[M + H]+	C18H40NO2+	0.804	0.500	47.896	43.978	3.918	10	0.747	5.148	5.148	-0.119		302.305	390	6.505	845630595199865591	845630491185317582	845630491185317581	125	
1	C12H20N3O4	[M - H2O + H]+	C12H19N3O3+	0.658	0.333	48.532	48.532	0.000	13	0.355	0.309	0.583	-71152.393		253.141	392	6.540	845630607841499278	845630491239843538	845630491235649233	126	
1	C16H36ClN3O	[M + Na]+	C16H36ClN3NaO+	0.983	0.879	94.076	94.076	0.000	27	0.670	1.441	2.336	-2.327		344.243	397	6.613	845630597905191968	845630491273397974	845630491273397973	127	
1	C16H35NO4	[M - H2O + H]+	C16H34NO3+	0.744	0.333	56.037	56.037	0.000	13	0.274	0.359	0.359	-62481.874		288.253	399	6.654	845630586530238314	845630491311146714	845630491311146713	128	
1	C19H41NO2	[M + H]+	C19H42NO2+	0.803	0.500	47.762	47.762	0.000	11	0.246	0.409	0.409	-0.272		316.321	404	6.735	845630578334567380	845630491348895454	845630491348895453	129	
1	C3H2ClO3	[M + Na]+	C3H2ClNaO3+	0.948	0.109	7.143	7.143	0.000	4	0.009	7.354	7.354	4.013		143.959	413	6.891	845630601587791253	845630491386644194	845630491382449889	130	
1	C12H22O2	[M - H2O + H]+	C12H21O+	0.979	0.500	45.198	45.198	0.000	6	0.197	0.239	0.239	-99418.485		181.159	418	6.975	845630592435818931	845630491420198630	845630491420198629	131	
1	C18H30O	[M + H3N + H]+	C18H34NO+	1.000	0.333	174.710	170.827	3.883	18	0.572	2.650	2.650	0.103		280.264	419	6.979	845630599427724476	845630491457947370	845630491457947369	132	
1	C18H35NO2	[M + Na]+	C18H35NNaO2+	0.988	0.817	64.643	64.643	0.000	12	0.349	0.371	0.379	-0.344		320.256	419	6.984	845630590909092101	845630491491501806	845630491491501805	133	
1	C13H18O2	[M - H2O + H]+	C13H17O+	0.863	0.500	36.541	36.541	0.000	4	0.113	0.094	0.226	-95229.815		189.127	423	7.044	845630579961957572	845630491529250546	845630491529250545	134	
1	C18H35NO2	[M - H2O + H]+	C18H34NO+	0.997	0.333	62.209	62.209	0.000	11	0.220	0.220	0.332	-64262.824		280.264	428	7.126	845630576665234138	845630491562804982	845630491562804981	135	
1	C18H35NO2	[M + Na]+	C18H35NNaO2+	0.977	0.025	55.334	55.334	0.000	11	0.337	0.220	0.332	-0.312		320.256	428	7.126	845630602737030682	845630491600553722	845630491596359417	136	
1	C11H23ClNO	[M + Na]+	C11H23ClNNaO+	0.995	0.992	73.250	73.250	0.000	14	0.461	3.189	3.189	-1.903		243.136	429	7.144	845630582444985890	845630491634108158	845630491634108157	137	
1	C20H43NO2	[M + H]+	C20H44NO2+	0.810	0.500	45.710	41.794	3.916	9	0.519	4.924	4.924	-0.321		330.337	434	7.239	845630578527505409	845630491671856898	845630491671856897	138	
1	C18H30O	[M + H3N + H]+	C18H34NO+	1.000	0.333	217.262	213.362	3.901	44	0.882	1.801	1.950	0.174		280.264	435	7.252	845630580360416535	845630491717994246	845630491717994245	139	
1	C18H35NO2	[M + Na]+	C18H35NNaO2+	0.980	0.058	55.830	55.830	0.000	10	0.346	0.379	0.379	-0.250		320.256	435	7.252	845630601013171539	845630491755742986	845630491751548681	140	
1	C18H39NO	[M + H]+	C18H40NO+	0.852	0.500	44.696	44.696	0.000	8	0.223	0.551	0.551	-0.040		286.310	437	7.277	845630586832228215	845630491789297422	845630491785103117	141	
1	C9H12BNO4	[M - H2O + H]+	C9H11BNO3+	0.299	0.191	4.916	4.916	0.000	1	0.023	-1.538	2.018	-94257.533		191.086	437	7.287	845630577801890683	845630491831240466	845630491827046161	142	
1	C17H37O7	[M - H2O + H]+	C17H36O6+	0.683	0.345	28.681	25.301	3.381	5	0.412	0.583	1.217	-53562.478		336.251	438	7.294	845630602162410961	845630491873183510	845630491873183509	143	
1	C17H35O6	[M - H2O + H]+	C17H34O5+	1.000	0.044	3.589	-0.170	3.759	0	0.000	0.787	0.787	-56593.525		318.240	440	7.331	845630588052770826	845630491952875294	845630491948680989	145	
1	C18H30O2	[M + H3N + H]+	C18H34NO2+	1.000	0.333	179.441	175.514	3.926	38	0.763	2.888	2.888	-0.019		296.258	440	7.331	845630596915336148	845630491915126554	845630491910932249	144	
1	C17H37O7	[M - H2O + H]+	C17H36O6+	0.665	0.477	66.767	62.959	3.808	16	0.800	1.455	1.455	-53562.478		336.251	443	7.377	845630582050721263	845630492040955686	845630492040955685	147	
1	C18H30O	[M + H3N + H]+	C18H34NO+	1.000	0.333	227.181	223.313	3.868	45	0.878	2.524	2.929	0.210		280.264	443	7.377	845630585833983772	845630491990624034	845630491990624033	146	
1	C20H42N2O3	[M + H]+	C20H43N2O3+	0.374	0.333	75.644	75.644	0.000	18	0.475	0.242	0.275	-0.277		359.327	443	7.377	845630586534432623	845630492078704426	845630492078704425	148	
1	C12H24BNO4Si	[M - H2O + H]+	C12H23BNO3Si+	0.278	0.284	59.202	59.202	0.000	16	0.478	0.545	0.931	-67417.102		267.157	444	7.407	845630585821400823	845630492145813298	845630492145813297	150	
1	C14H20O2	[M - H2O + H]+	C14H19O+	0.781	0.500	48.625	48.625	0.000	5	0.129	0.309	0.309	-88658.967		203.143	445	7.410	845630600182699273	845630492112258862	845630492112258861	149	
1	C14H20O2	[M + Na]+	C14H20NaO2+	0.979	0.978	12.835	9.154	3.681	1	0.017	-0.593	0.627	0.162		243.136	446	7.441	845630589902459042	845630492183562038	845630492183562037	151	
1	C13H22O2	[M + H]+	C13H23O2+	0.982	0.500	180.969	177.381	3.588	34	0.856	5.142	5.142	0.491		211.169	448	7.474	845630580477857092	845630492221310778	845630492221310777	152	
1	C18H35NO3	[M + Na]+	C18H35NNaO3+	1.000	1.000	102.767	102.767	0.000	21	0.541	0.421	0.464	-0.401		336.251	449	7.483	845630586517655367	845630492313585474	845630492309391169	154	
1	C18H35NO2	[M - H2O + H]+	C18H34NO+	0.992	0.333	82.577	82.577	0.000	15	0.219	0.588	0.763	-64262.710		280.264	449	7.483	845630596911141837	845630492259059518	845630492259059517	153	
1	C17H35O6	[M - H2O + H]+	C17H34O5+	1.000	0.037	3.411	-0.154	3.565	0	0.000	0.595	0.595	-56593.558		318.240	450	7.500	845630584294674070	845630492439414602	845630492435220297	156	
1	C18H30O2	[M + H3N + H]+	C18H34NO2+	1.000	0.333	269.651	265.735	3.916	55	0.904	1.815	1.855	0.014		296.258	450	7.500	845630602594424326	845630492376500038	845630492372305733	155	
1	C13H24O2	[M - H2O + H]+	C13H23O+	0.998	0.500	39.371	39.371	0.000	5	0.146	0.377	0.377	-92278.901		195.174	451	7.522	845630600694404410	845630492498134862	845630492493940557	157	
1	C15H29ClN4O	[M + H]+	C15H30ClN4O+	0.349	0.333	98.609	98.609	0.000	26	0.600	0.339	2.356	2.409		317.211	454	7.564	845630604578330385	845630492556855122	845630492556855121	158	
1	C13H24O2	[M - H2O + H]+	C13H23O+	0.998	0.500	45.689	45.689	0.000	6	0.146	0.493	0.493	-92278.873		195.174	455	7.591	845630606994249752	845630492615575382	845630492615575381	159	
1	C18H30O2	[M + H3N + H]+	C18H34NO2+	1.000	0.333	206.005	202.142	3.863	40	0.849	2.246	2.246	0.014		296.258	459	7.643	845630593220153867	845630492678489946	845630492674295641	160	
1	C17H35O6	[M - H2O + H]+	C17H34O5+	1.000	0.038	3.416	-0.162	3.577	0	0.000	0.689	0.689	-56593.558		318.240	459	7.643	845630607090718778	845630492737210206	845630492737210205	161	
1	C15H21NO4	[M - H2O + H]+	C15H20NO3+	0.627	0.333	66.920	66.920	0.000	9	0.275	0.406	0.406	-68704.790		262.144	459	7.656	845630593194988006	845630492795930466	845630492795930465	162	
1	C13H24O2	[M - H2O + H]+	C13H23O+	0.995	0.500	36.108	36.108	0.000	5	0.140	0.431	0.431	-92278.845		195.174	461	7.677	845630581648068053	845630492858845030	845630492854650725	163	
1	C16H35NO5	[M - H2O + H]+	C16H34NO4+	0.505	0.333	39.601	39.601	0.000	12	0.297	0.339	0.379	-59197.254		304.248	463	7.714	845630603697526457	845630492976285550	845630492972091245	165	
1	C3H4ClO4	[M + Na]+	C3H4ClNaO4+	0.999	0.145	3.602	3.602	0.000	1	0.057	3.877	3.877	3.569		161.970	464	7.735	845630595132756716	845630492917565290	845630492913370985	164	
1	C13H25ClNO3	[M + Na]+	C13H25ClNNaO3+	1.000	1.000	102.263	102.263	0.000	28	0.691	2.845	2.845	-1.734		301.141	473	7.877	845630606063114161	845630493345384326	845630493345384325	171	
1	C22H47NO2	[M + H]+	C22H48NO2+	0.767	0.500	57.326	57.326	0.000	13	0.247	0.339	0.339	-0.157		358.368	473	7.885	845630596030337883	845630493290858370	845630493286664065	170	
1	C18H35NO2	[M + Na]+	C18H35NNaO2+	0.415	0.427	5.861	1.972	3.889	0	0.000	-0.344	0.344	-0.312		320.256	473	7.885	845630597271852022	845630493165029242	845630493165029241	168	
1	C18H30O	[M + H3N + H]+	C18H34NO+	1.000	0.333	245.136	241.235	3.901	32	0.597	2.909	2.909	0.210		280.264	473	7.885	845630604947429170	845630493039200114	845630493035005809	166	
1	C18H32O2	[M + H3N + H]+	C18H36NO2+	1.000	0.333	173.901	169.984	3.916	32	0.779	2.620	3.056	0.115		298.274	473	7.885	845630607300434033	845630493102114678	845630493097920373	167	
1	C16H21F3O3	[M - H2O + H]+	C16H20F3O2+	0.914	0.038	17.637	13.898	3.739	4	0.079	-1.105	1.105	-59807.752		301.141	473	7.886	845630603252930201	845630493232138110	845630493227943805	169	
1	C18H36O6S	[M - H2O + H]+	C18H35O5S+	0.785	0.500	102.600	98.718	3.882	15	0.704	3.316	3.316	-49585.866		363.220	476	7.940	845630610576185862	845630493408298890	845630493408298889	172	
1	C16H25ClO5	[M + K]+	C16H25ClKO5+	1.000	1.000	83.021	83.021	0.000	23	0.550	2.400	2.416	-2.478		371.101	477	7.952	845630627114326665	845630493525739410	845630493525739409	174	
1	C18H18O11	[M + H]+	C18H19O11+	0.374	0.394	4.125	4.125	0.000	0	0.000	4.024	4.024	3.897		411.094	477	7.953	845630604540581633	845630493471213454	845630493471213453	173	
1	C18H35NO2	[M + Na]+	C18H35NNaO2+	1.000	1.000	55.516	55.516	0.000	11	0.372	0.569	0.569	-0.250		320.256	478	7.966	845630578204543934	845630493701900190	845630493701900189	177	
1	C18H35NO2	[M + H]+	C18H36NO2+	0.997	0.333	73.643	73.643	0.000	15	0.317	0.601	0.601	0.048		298.274	478	7.966	845630581115391396	845630493647374234	845630493643179929	176	
1	C18H30O	[M + H3N + H]+	C18H34NO+	1.000	0.333	206.118	202.314	3.804	42	0.872	2.984	2.984	0.353		280.264	478	7.966	845630608495810853	845630493588653974	845630493588653973	175	
1	C20H30O3	[M - H2O + H]+	C20H29O2+	0.956	0.500	70.100	66.184	3.916	19	0.768	0.451	0.582	-59793.049		301.216	486	8.099	845630604255368925	845630493764814754	845630493760620449	178	
1	C15H29ClN4O	[M + Na]+	C15H29ClN4NaO+	0.736	0.770	72.704	72.704	0.000	25	0.691	3.752	3.752	2.329		339.193	486	8.103	845630606356715462	845630493819340710	845630493819340709	179	
1	C18H33NO2	[M - H2O + H]+	C18H32NO+	0.595	0.333	52.149	52.149	0.000	9	0.386	0.398	0.398	-64728.272		278.248	488	8.139	845630596667872146	845630493878060970	845630493873866665	180	
1	C15H28O2	[M - H2O + H]+	C15H27O+	0.997	0.500	64.188	64.188	0.000	11	0.240	0.518	0.518	-80690.149		223.206	492	8.192	845630578623974425	845630493932586926	845630493932586925	181	
1	C13H24N6O3	[M - H2O + H]+	C13H23N6O2+	0.445	0.333	53.766	53.766	0.000	11	0.346	0.452	0.452	-61012.827		295.188	493	8.211	845630606507710439	845630493991307186	845630493991307185	182	
1	C15H22O2	[M - H2O + H]+	C15H21O+	0.784	0.496	61.145	61.145	0.000	8	0.142	0.525	0.525	-82936.752		217.159	499	8.320	845630583548087874	845630494050027446	845630494050027445	183	
1	C16H28O	[M + H3N + H]+	C16H32NO+	1.000	0.333	218.566	214.814	3.752	44	0.879	3.543	3.543	0.074		254.248	505	8.409	845630577374071624	845630494129719226	845630494129719225	184	
1	C20H30O3	[M - H2O + H]+	C20H29O2+	0.968	0.500	72.933	69.175	3.758	19	0.783	0.116	1.167	-59792.978		301.216	506	8.429	845630601210303849	845630494167467966	845630494167467965	185	
1	C15H26O	[M + H]+	C15H27O+	0.955	0.500	130.469	126.860	3.609	33	0.895	5.158	5.158	0.350		223.206	506	8.437	845630596856615848	845630494205216706	845630494205216705	186	
1	C15H33NO2	[M - H2O + H]+	C15H32NO+	0.915	0.333	36.522	36.522	0.000	9	0.227	0.406	0.406	-74347.817		242.248	510	8.508	845630578472979453	845630494238771142	845630494238771141	187	
1	C15H26O2	[M + H]+	C15H27O2+	0.978	0.500	135.884	135.884	0.000	31	0.766	5.157	5.157	0.056		239.201	512	8.539	845630583447424562	845630494276519882	845630494276519881	188	
1	C15H28O2	[M - H2O + H]+	C15H27O+	0.993	0.500	36.281	36.281	0.000	6	0.144	0.339	0.339	-80690.149		223.206	515	8.583	845630577185327935	845630494310074318	845630494310074317	189	
1	C15H28O2	[M - H2O + H]+	C15H27O+	0.991	0.500	31.941	31.941	0.000	5	0.137	0.469	0.469	-80690.101		223.206	518	8.632	845630576765897444	845630494456874974	845630494452680669	193	
1	C15H33NO2	[M - H2O + H]+	C15H32NO+	0.932	0.333	32.603	32.603	0.000	7	0.221	0.489	0.489	-74347.728		242.248	521	8.676	845630595229225729	845630494347823058	845630494343628753	190	
1	C18H30O	[M + H3N + H]+	C18H34NO+	1.000	0.333	246.073	242.313	3.759	51	0.899	1.183	1.596	0.353		280.264	521	8.688	845630585829789455	845630494419126234	845630494419126233	192	
1	C18H30O	[M + H]+	C18H31O+	0.999	0.500	137.183	133.351	3.832	29	0.793	4.044	4.044	0.296		263.237	521	8.689	845630603898853060	845630494381377494	845630494381377493	191	
1	C22H26O3	[M - H2O + H]+	C22H25O2+	0.910	0.103	5.962	3.682	2.280	0	0.000	-7.698	7.698	-56083.585		321.182	525	8.757	845630605698209657	845630494490429410	845630494490429409	194	
1	C22H26O3	[M - H2O + H]+	C22H25O2+	0.907	0.057	5.789	3.670	2.119	0	0.000	-7.791	7.791	-56083.585		321.182	528	8.793	845630582394654224	845630494528178150	845630494528178149	195	
1	C20H28O3	[M - H2O + H]+	C20H27O2+	0.871	0.500	169.270	165.454	3.816	26	0.653	-0.289	1.025	-60195.720		299.201	528	8.793	845630608353204446	845630494565926890	845630494565926889	196	
1	C4H2ClNO3Se	[M + Na]+	C4H2ClNNaO3Se+	1.000	0.938	2.508	2.508	0.000	2	0.030	3.805	3.805	0.809		243.884	530	8.841	845630594788823705	845630494599481326	845630494599481325	197	
1	C17H30O	[M + H3N + H]+	C17H34NO+	1.000	0.333	159.294	155.403	3.891	34	0.777	3.896	3.896	0.108		268.264	532	8.864	845630577042721564	845630494670784502	845630494666590197	199	
1	C10H30O5Si5	[M + H]+	C10H31O5Si5+	0.359	0.100	65.717	65.717	0.000	10	0.664	1.528	1.528	0.072		371.101	533	8.878	845630594692354652	845630494704338938	845630494704338937	200	
1	C5H4Cl2FO5P	[M + Na]+	C5H4Cl2FNaO5P+	1.000	0.798	22.405	22.405	0.000	8	0.421	3.275	3.651	4.430		286.906	533	8.880	845630596143584112	845630494633035762	845630494633035761	198	
1	C12H38O7Si6	[M + H]+	C12H39O7Si6+	0.487	0.001	48.573	48.317	0.256	12	0.502	-0.046	1.788	0.196		463.131	533	8.880	845630599293506737	845630494817585158	845630494817585157	203	
1	C18H35N3O11	[M + K]+	C18H35KN3O11+	0.194	0.350	4.990	4.990	0.000	3	0.059	-0.450	2.160	-3.123		508.189	533	8.880	845630600287556907	845630494855333898	845630494855333897	204	
1	C14H28N4O5Si4	[M + H]+	C14H29N4O5Si4+	0.393	0.329	54.994	50.307	4.688	11	0.746	-1.089	2.321	-1.870		445.120	533	8.881	845630587482345381	845630494742087678	845630494742087677	201	
1	C17H26O17	[M - H2O + H]+	C17H25O16+	0.155	0.190	4.337	4.337	0.000	0	0.000	-1.893	1.893	-37128.557		485.113	533	8.881	845630587725615072	845630494779836418	845630494779836417	202	
1	C5H4Cl2FO5P	[M + Na]+	C5H4Cl2FNaO5P+	0.999	0.884	26.963	26.963	0.000	10	0.437	3.115	3.115	4.412		286.906	540	9.001	845630599876515041	845630494893082638	845630494893082637	205	
1	C4H6ClNO5	[M - H2O + H]+	C4H5ClNO4+	0.825	0.061	8.741	8.741	0.000	1	0.287	5.827	5.827	-108498.144		165.991	542	9.041	845630592330961315	845630494926637074	845630494926637073	206	
1	C17H24O3	[M - H2O + H]+	C17H23O2+	0.603	0.500	152.538	148.726	3.811	32	0.877	0.407	0.503	-69493.060		259.169	544	9.073	845630607761807483	845630495035688990	845630495035688989	209	
1	C22H31NO2	[M + Na]+	C22H31NNaO2+	0.491	0.506	19.352	15.773	3.579	1	0.500	0.378	0.378	-0.219		364.225	544	9.073	845630607031998492	845630495148935210	845630495148935209	212	
1	C20H28O2	[M + H]+	C20H29O2+	0.639	0.500	217.713	213.899	3.815	52	0.984	0.194	0.575	-0.155		301.216	544	9.074	845630594889487014	845630495073437730	845630495073437729	210	
1	C20H28O2	[M + Na]+	C20H28NaO2+	0.647	0.737	10.496	4.493	6.003	0	0.000	0.093	0.093	-0.219		323.198	544	9.074	845630601583596928	845630495111186470	845630495111186469	211	
1	C22H37NO3	[M - H2O + H]+	C22H36NO2+	0.774	0.331	21.296	17.370	3.927	3	0.118	-0.211	0.641	-52012.597		346.274	545	9.076	845630595078230719	845630494997940250	845630494997940249	208	
1	C4H2ClNO3Se	[M + Na]+	C4H2ClNNaO3Se+	1.000	0.616	2.594	2.594	0.000	2	0.027	3.909	3.909	0.768		243.884	546	9.097	845630595833205559	845630494960191510	845630494960191509	207	
1	C16H28O	[M + H]+	C16H29O+	0.998	0.500	126.396	122.695	3.701	32	0.889	5.086	5.086	-0.008		237.221	548	9.129	845630580364610851	845630495186683950	845630495186683949	213	
1	C16H36Si	[M + H]+	C16H37Si+	1.000	1.000	35.459	35.459	0.000	9	0.208	8.017	8.017	2.355		257.267	549	9.143	845630600170116359	845630495224432690	845630495224432689	214	
1	C16H30O2	[M - H2O + H]+	C16H29O+	0.804	0.500	50.517	50.517	0.000	9	0.109	3.945	3.945	-75923.084		237.221	549	9.146	845630594759463547	845630495257987126	845630495257987125	215	
1	C5H4Cl2FO5P	[M + Na]+	C5H4Cl2FNaO5P+	1.000	0.762	20.388	20.388	0.000	8	0.462	3.195	3.532	4.395		286.906	553	9.219	845630602237908456	845630495291541562	845630495291541561	216	
1	C4H2ClNO3Se	[M + Na]+	C4H2ClNNaO3Se+	1.000	0.962	3.134	3.134	0.000	2	0.051	4.437	4.437	0.829		243.884	558	9.292	845630594746880623	845630495325095998	845630495325095997	217	
1	C36H67NO2	[M + H3N + H]+	C36H71N2O2+	0.880	0.332	38.268	38.268	0.000	13	0.684	5.625	5.625	0.894		563.552	558	9.299	845630577600564046	845630495396399174	845630495396399173	219	
1	C18H32O	[M - H2O + H]+	C18H31+	0.884	0.162	26.984	26.984	0.000	6	0.007	2.520	2.520	-72845.355		247.242	558	9.299	845630577768336243	845630495362844738	845630495358650433	218	
1	C18H32O	[M + H3N + H]+	C18H36NO+	1.000	0.333	212.683	208.095	4.588	46	0.880	3.257	3.257	0.350		282.279	558	9.302	845630580758875486	845630495434147914	845630495434147913	220	
1	C18H38Si	[M + H]+	C18H39Si+	0.873	0.500	80.318	80.318	0.000	14	0.498	7.448	7.448	2.386		283.282	558	9.305	845630582201716231	845630495471896654	845630495471896653	221	
1	C18H38Si	[M + H]+	C18H39Si+	0.870	0.500	67.511	67.511	0.000	12	0.321	6.983	6.983	3.127		283.282	559	9.325	845630581446741441	845630495509645394	845630495509645393	222	
1	C12H26FN2O	[M + H3N + H]+	C12H30FN3O+	0.481	0.477	34.318	34.318	0.000	11	0.326	1.070	1.070	0.907		251.237	563	9.391	845630588266680368	845630495543199830	845630495543199829	223	
1	C18H32O	[M + H3N + H]+	C18H36NO+	1.000	0.333	201.200	197.523	3.677	45	0.881	2.031	2.031	0.208		282.279	564	9.399	845630606331549633	845630495580948570	845630495580948569	224	
1	C31H39FN4O7	[M + Na]+	C31H39FN4NaO7+	1.000	1.000	79.062	79.062	0.000	26	0.735	0.135	0.411	2.272		621.271	566	9.430	845630620332137019	845630495614503006	845630495614503005	225	
1	C17H32O	[M + H3N + H]+	C17H36NO+	0.963	0.333	49.962	46.099	3.863	8	0.587	6.740	6.740	0.070		270.279	566	9.434	845630604762879788	845630495652251746	845630495648057441	226	
1	C17H37NO2	[M - H2O + H]+	C17H36NO+	0.970	0.333	28.527	28.527	0.000	6	0.220	0.293	0.293	-66636.867		270.279	575	9.577	845630579106319452	845630495681611878	845630495681611877	227	
1	C24H52N2O5	[M - H2O + H]+	C24H51N2O4+	0.600	0.333	41.965	41.965	0.000	11	0.396	0.207	0.207	-41750.537		431.384	576	9.604	845630590833594618	845630495748720750	845630495748720749	229	
1	C22H43NO4	[M + Na]+	C22H43NNaO4+	0.828	0.980	52.409	52.409	0.000	13	0.425	0.286	0.359	0.001		408.308	576	9.604	845630598827938902	845630495715166314	845630495715166313	228	
1	C20H30O3	[M - H2O + H]+	C20H29O2+	0.774	0.500	104.511	100.671	3.840	26	0.883	0.121	0.911	-59793.013		301.216	576	9.605	845630586836422525	845630495786469490	845630495786469489	230	
1	C23H28O17	[M - H2O + H]+	C23H27O16+	0.863	0.453	4.129	4.129	0.000	0	0.000	3.990	3.990	-32207.559		559.132	580	9.672	845630580209421570	845630495899715710	845630495899715709	233	
1	C10H30O5Si5	[M + H]+	C10H31O5Si5+	0.394	0.155	58.224	56.789	1.435	11	0.605	1.637	1.637	0.153		371.101	580	9.672	845630598735664194	845630495824218230	845630495824218229	231	
1	C15H43NO11Si5	[M + H]+	C15H44NO11Si5+	0.471	0.020	49.164	46.261	2.904	11	0.447	0.280	1.040	2.020		554.177	580	9.672	845630602942551618	845630495861966970	845630495861966969	232	
1	C25H33N7O7	[M + K]+	C25H33KN7O7+	0.891	0.900	16.799	16.799	0.000	5	0.115	0.485	2.033	0.405		582.208	580	9.672	845630608428701938	845630495937464450	845630495937464449	234	
1	C19H39NO2	[M - H2O + H]+	C19H38NO+	0.998	0.333	19.176	19.176	0.000	5	0.197	0.409	0.409	-60786.041		296.295	583	9.714	845630578628168739	845630495971018886	845630495971018885	235	
1	C20H32N2O7	[M - H2O + H]+	C20H31N2O6+	0.334	0.330	75.121	75.121	0.000	12	0.349	-0.201	0.636	-45564.358		395.220	593	9.878	845630610383247821	845630496008767626	845630496008767625	236	
1	C30H46O4	[M + H3N + H]+	C30H50NO4+	0.591	0.333	43.467	39.669	3.798	6	0.330	-1.408	1.891	0.439		488.374	596	9.930	845630605945673611	845630496042322062	845630496042322061	237	
1	C18H40Si	[M + H]+	C18H41Si+	1.000	1.000	0.141	0.141	0.000	1	0.019	7.302	7.302	3.070		285.298	599	9.985	845630596110029679	845630496080070802	845630496080070801	238	
1	C20H36O	[M + H3N + H]+	C20H40NO+	1.000	0.333	122.552	118.656	3.895	29	0.713	3.932	4.031	-0.327		310.310	603	10.051	845630579114708062	845630496117819542	845630496117819541	239	
1	C26H56N2O6Si	[M - H2O + H]+	C26H55N2O5Si+	0.444	0.328	23.532	23.532	0.000	15	0.625	0.651	2.344	-35776.479		503.389	609	10.158	845630608680360256	845630496155568282	845630496155568281	240	
1	CHN2O3S	[M + Na]+	CHN2NaO3S+	1.000	1.000	14.238	14.238	0.000	4	0.083	-6.348	6.348	-6.867		143.959	610	10.160	845630609720547730	845630496226871458	845630496226871457	242	
1	C3H4ClO4	[M + Na]+	C3H4ClNaO4+	1.000	0.146	3.406	3.406	0.000	1	0.073	3.717	3.717	3.692		161.970	610	10.175	845630593207570943	845630496189122718	845630496189122717	241	
1	C22H48N2O6S	[M - H2O + H]+	C22H47N2O5S+	0.292	0.193	40.151	40.151	0.000	17	0.594	0.375	0.707	-39904.711		451.321	612	10.205	845630594763657858	845630496260425894	845630496260425893	243	
1	C28H42O4	[M - H2O + H]+	C28H41O3+	0.720	0.500	77.815	74.072	3.743	10	0.536	0.167	0.559	-42347.386		425.305	613	10.216	845630603001271898	845630496298174634	845630496293980329	244	
1	C5S2	[M + K]+	C5KS2+	0.576	0.584	0.269	0.269	0.000	0	0.000	-1.762	1.762	-1.627		162.907	617	10.283	845630588186988570	845630496369477810	845630496369477809	246	
1	C2HCl4F	[M + H]+	C2H2Cl4F+	0.424	0.430	-1.308	-1.308	0.000	0	0.000	1.161	1.161	1.025		184.889	617	10.285	845630593043993033	845630496407226550	845630496403032245	247	
1	C29H37FN10O5	[M - H2O + H]+	C29H36FN10O4+	0.103	0.129	16.240	13.236	3.005	9	0.188	0.063	2.250	-29656.044		607.291	617	10.290	845630656759667550	845630496335923374	845630496335923373	245	
1	C35H30O9	[M + K]+	C35H30KO9+	0.597	0.563	4.254	4.254	0.000	0	0.000	-2.763	2.763	-2.733		633.150	620	10.333	845630593383731740	845630496444975290	845630496444975289	248	
1	C18H45N5O8Si6	[M + H]+	C18H46N5O8Si6+	0.362	0.327	35.259	29.300	5.959	16	0.743	-1.224	1.627	-0.301		628.195	620	10.333	845630618746690075	845630496482724030	845630496482724029	249	
1	C2HCl4F	[M + H]+	C2H2Cl4F+	0.431	0.443	-1.282	-1.282	0.000	0	0.000	0.831	0.831	0.890		184.889	622	10.373	845630601831060919	845630496591775946	845630496591775945	252	
1	C30H44O4	[M - H2O + H]+	C30H43O3+	0.743	0.500	55.767	51.978	3.789	10	0.422	-0.914	1.423	-39906.132		451.321	625	10.416	845630588769996868	845630496520472770	845630496520472769	250	
1	C15H20ClN5O3	[M - H2O + H]+	C15H19ClN5O2+	0.399	0.293	25.076	25.076	0.000	13	0.653	0.604	1.621	-53581.189		336.123	626	10.434	845630593090130385	845630496558221510	845630496558221509	251	
1	C22H42O4	[M + Na]+	C22H42NaO4+	0.531	0.549	9.702	5.907	3.795	2	0.028	-0.736	0.736	-0.306		393.297	631	10.523	845630586479906600	845630496629524686	845630496629524685	253	
1	C54H66N2O6	[M + H3N + H]+	C54H70N3O6+	0.374	0.076	46.149	46.149	0.000	13	0.506	0.655	1.527	-1.779		856.524	640	10.672	845630631665146562	845630496667273426	845630496667273425	254	
1	C32H51NO	[M + K]+	C32H51KNO+	0.891	0.909	23.127	23.127	0.000	4	0.103	-2.299	2.299	0.211		504.360	641	10.690	845630592532287927	845630496709216470	845630496709216469	255	
1	C22H40O	[M + H3N + H]+	C22H44NO+	1.000	0.333	158.895	152.840	6.055	39	0.799	2.766	2.828	-0.300		338.342	642	10.702	845630591206887708	845630496818268386	845630496818268385	258	
1	C3H5O2PS	[M + Na]+	C3H5NaO2PS+	1.000	0.855	4.435	4.435	0.000	1	0.015	3.975	3.975	0.832		158.964	642	10.703	845630587998244844	845630496746965210	845630496746965209	256	
1	C45H74O12S	[M + H3N + H]+	C45H78NO12S+	1.000	1.000	180.671	180.671	0.000	30	0.608	1.631	1.942	0.567	SQDG 36:6	856.524	643	10.714	845630594558136920	845630496856017126	845630496856017125	259	
1	C4H5N2O4PS4	[M + Na]+	C4H5N2NaO4PS4+	0.998	0.020	2.982	2.982	0.000	4	0.199	4.249	4.249	1.413		326.877	643	10.722	845630588426063932	845630496780519646	845630496780519645	257	
1	C42H70N6O12Si	[M - H2O + H]+	C42H69N6O11Si+	0.234	0.268	28.211	28.211	0.000	18	0.817	0.984	1.486	-20905.459		861.480	643	10.723	845630624157342315	845630496889571562	845630496889571561	260	
1	C51H84O15	[M + Na]+	C51H84NaO15+	0.226	0.245	4.479	4.479	0.000	0	0.000	0.264	0.264	0.299		959.571	648	10.793	845630593392120362	845630496965069042	845630496960874737	262	
1	C52H83N5O11	[M + H]+	C52H84N5O11+	0.217	0.201	139.004	139.004	0.000	27	0.726	1.908	2.137	-0.655		954.616	648	10.793	845630639697238815	845630496927320302	845630496927320301	261	
1	C37H37N5O5S	[M + K]+	C37H37KN5O5S+	0.998	0.998	44.386	44.386	0.000	21	0.574	0.817	0.976	-0.368		702.214	651	10.850	845630623268149841	845630497065732350	845630497065732349	265	
1	C28H36O22	[M - H2O + H]+	C28H35O21+	0.425	0.332	4.145	4.145	0.000	0	0.000	3.840	3.840	-25464.557		707.169	651	10.850	845630677626329970	845630497099286786	845630497099286785	266	
1	C3H5O2PS	[M + Na]+	C3H5NaO2PS+	1.000	0.872	4.585	4.585	0.000	1	0.018	3.935	3.935	0.895		158.964	651	10.851	845630591739564387	845630496998623478	845630496994429173	263	
1	C4H5N2O4PS4	[M + Na]+	C4H5N2NaO4PS4+	0.998	0.016	1.735	1.735	0.000	4	0.174	4.087	4.087	1.413		326.877	654	10.897	845630598215570489	845630497032177914	845630497032177913	264	
1	C4H5N2O4PS4	[M + Na]+	C4H5N2NaO4PS4+	0.998	0.021	1.789	1.789	0.000	4	0.176	4.000	4.000	1.459		326.877	659	10.978	845630590745514225	845630497132841222	845630497132841221	267	
1	C33H74N6O4S	[M - H2O + H]+	C33H73N6O3S+	0.512	0.307	6.789	6.789	0.000	5	0.434	0.444	1.050	-28432.602		633.543	662	11.029	845630586492489534	845630497166395658	845630497162201353	268	
1	C34H67NO2	[M - H2O + H]+	C34H66NO+	0.704	0.333	70.935	67.234	3.700	18	0.719	5.357	5.357	-35698.257		504.514	664	11.067	845630591353688355	845630497199950094	845630497199950093	269	
1	C30H40O2	[M + Na]+	C30H40NaO2+	0.907	0.908	8.366	4.489	3.877	0	0.000	0.138	0.138	0.239		455.292	667	11.121	845630590246392024	845630497271253270	845630497271253269	271	
1	C30H42O3	[M - H2O + H]+	C30H41O2+	0.957	0.500	88.591	85.023	3.568	38	0.768	0.394	1.157	-41564.702		433.310	667	11.121	845630607132661835	845630497237698834	845630497237698833	270	
1	C43H79NO10	[M + Na]+	C43H79NNaO10+	0.997	0.999	96.643	96.643	0.000	21	0.704	2.115	2.907	3.775		792.563	671	11.175	845630599985566957	845630497309002010	845630497309002009	272	
1	C21H47N5O12Si5	[M - H2O + H]+	C21H46N5O11Si5+	0.167	0.187	30.846	30.846	0.000	15	0.702	0.498	0.729	-26323.354		684.204	672	11.206	845630638443141857	845630497346750750	845630497346750749	273	
1	C34H67NO2	[M - H2O + H]+	C34H66NO+	0.717	0.333	79.243	75.540	3.703	18	0.708	5.205	5.205	-35698.298		504.514	675	11.258	845630590170894547	845630497384499490	845630497380305185	274	
1	C35H52O4	[M - H2O + H]+	C35H51O3+	0.937	0.500	25.364	21.668	3.697	3	0.173	-0.879	1.464	-34675.976		519.384	677	11.284	845630591735370062	845630497418053926	845630497418053925	275	
1	C40H38O14	[M + K]+	C40H38KO14+	0.782	0.717	4.411	4.411	0.000	0	0.000	-1.071	1.071	-1.260		781.188	679	11.310	845630633229621971	845630497455802666	845630497455802665	276	
1	C31H53N3O7Si7	[M + H]+	C31H54N3O7Si7+	0.337	0.332	90.541	87.393	3.148	21	0.675	-0.288	0.413	-1.086		776.233	679	11.312	845630650015226684	845630497493551406	845630497493551405	277	
1	C41H39N7O12	[M - H2O + H]+	C41H38N7O11+	0.553	0.300	19.833	19.833	0.000	5	0.325	0.854	0.854	-22391.713		804.264	679	11.313	845630679396326276	845630497527105842	845630497522911537	278	
1	C35H52O4	[M - H2O + H]+	C35H51O3+	0.943	0.500	35.023	31.399	3.624	6	0.280	0.889	0.915	-34676.016		519.384	686	11.433	845630598836327536	845630497560660278	845630497560660277	279	
1	C48H77FN6O3	[M - H2O + H]+	C48H76FN6O2+	0.314	0.304	17.259	17.259	0.000	7	0.708	1.708	1.708	-22868.098		787.600	687	11.443	845630601801700767	845630497594214714	845630497594214713	280	
1	C30H44O3	[M - H2O + H]+	C30H43O2+	0.759	0.500	69.648	65.835	3.813	15	0.357	-0.497	1.234	-41372.248		435.326	689	11.491	845630606834866175	845630497631963454	845630497631963453	281	
1	C28H41O3	[M - H2O + H]+	C28H40O2+	0.537	0.477	61.835	57.920	3.914	11	0.447	0.044	0.801	-44110.609		408.302	691	11.519	845630610173532579	845630497669712194	845630497669712193	282	
1	C30H60O6S	[M - H2O + H]+	C30H59O5S+	0.726	0.500	74.188	74.188	0.000	22	0.774	5.151	5.151	-33891.225		531.408	695	11.575	845630591894753672	845630497703266630	845630497703266629	283	
1	C35H54O6	[M - H2O + H]+	C35H53O5+	0.856	0.483	11.167	5.648	5.518	1	0.379	2.639	2.639	-32543.269		553.390	695	11.575	845630609145928046	845630497741015370	845630497741015369	284	
1	C32H62O5S	[M + H3N + H]+	C32H66NO5S+	0.373	0.333	101.051	101.051	0.000	17	0.619	5.347	5.347	0.500		576.466	695	11.577	845630589709521011	845630497778764110	845630497778764109	285	
1	C46H40O14	[M + K]+	C46H40KO14+	0.189	0.282	4.302	4.302	0.000	0	0.000	2.274	2.274	2.287		855.207	708	11.807	845630631480597166	845630497845872982	845630497845872981	287	
1	C34H55N3O11Si6	[M + H]+	C34H56N3O11Si6+	0.307	0.291	65.661	65.661	0.000	19	0.573	-0.562	1.423	-0.665		850.252	709	11.810	845630639038733055	845630497816512850	845630497812318545	286	
1	C23H26O16	[M - H2O + H]+	C23H25O15+	0.800	0.259	4.297	4.297	0.000	0	0.000	2.328	2.328	-33281.526		541.120	714	11.898	845630608541948211	845630497883621722	845630497883621721	288	
1	C21H30FN5O12	[M + H]+	C21H31FN5O12+	0.235	0.244	16.237	16.237	0.000	8	0.286	-2.423	3.427	3.924		564.197	714	11.898	845630610412607965	845630497892010334	845630497892010333	289	
1	C14H42O7Si7	[M + H3N + H]+	C14H46NO7Si7+	0.844	0.500	42.706	32.437	10.269	14	0.852	1.067	1.235	1.371		536.166	714	11.898	845630595837399877	845630497896204642	845630497896204641	290	
