	PET_vs_PS_fold_change_log2	PET_vs_PS_p_value	PET_vs_Untreated_fold_change_log2	PET_vs_Untreated_p_value	PS_vs_Untreated_fold_change_log2	PS_vs_Untreated_p_value
bacteriohopane-32,33, 34-triol-35-carbamate	0.0218120552074524	0.98218415198853	-0.175273200142346	0.387275715585681	-0.197085255349799	0.302228297659179
(9E)-9-nitrooctadecenoic acid	-0.0313752914105468	0.96676850426429	-0.112152771688136	0.671627494642033	-0.0807774802775889	0.814811023006381
Precorallopyronin A	-0.321163887539979	0.273450502523737	0.0098392422000383	0.998328942038178	0.331003129740017	0.251859853562346
DG(13:0/20:5(5Z,8Z,11Z,14Z,17Z)/0:0)[iso2]	0.362473928750104	0.173705368639574	0	1	-0.362473928750104	0.173705368639574
Eerectquione B	-0.303348643231658	0.330589433219988	0.00177120666370286	0.999949727521196	0.305119849895361	0.32621684715581
(5Z,9Z)-2-methoxy-hexacosadienoic acid	0.333166528138314	0.193821296924579	0	1	-0.333166528138314	0.193821296924579
farnesyl acetone	0.124820494222761	0.692464792812938	-0.147067320304691	0.656368273988573	-0.271887814527452	0.232361437194932
22-keto-26-Hexacosanolide	0.208917534616712	0.43010894202215	-0.0836609556053734	0.890315011240018	-0.292578490222085	0.224744051117491
Aspereline E	-0.226096095141417	0.549171517344199	0.107897567955521	0.837754861879086	0.333993663096938	0.261912954098732
(11Z,14Z)-eicosadienoylcarnitine	0.222392421336448	0.539497126100338	0.159683907116763	0.732671349207935	-0.0627085142196848	0.944653438314945
(13Z,16Z)-docosadienoylcarnitine	0.261315787001231	0.333236019933938	0.0393641067162108	0.977236279439679	-0.22195168028502	0.436075546982176
stearolic acid	0.0937083554206954	0.77606272597747	-0.126293475014153	0.675972633568592	-0.220001830434848	0.301666827838173
(2E)-18-hydroxyoctadec-2-enoic acid	0.139495438223586	0.680725492095082	-0.105413507396535	0.828710118594879	-0.244908945620121	0.34915274026697
Hexacosanoyl Carnitine	0.291130570590136	0.469563702928208	0.215991554337694	0.667372580257111	-0.0751390162524421	0.940574305461057
5-Pentyl-3h-furan-2-one	-0.183795650844122	0.576623522028575	-0.204825445666397	0.512509814072708	-0.0210297948222743	0.99352873772012
2,6-Nonadienoic acid	0.00163679466759401	0.999940000730922	-0.222240194334373	0.410405636382938	-0.223876989001968	0.404961746142725
Ganoderic acid GS-1	-0.370679826730701	0.163754860989285	-0.104956430418817	0.822961382028299	0.265723396311884	0.398756981667379
12Z-Nonadecen-9-one	0.0169904571864062	0.992268240545438	0.0742722519858323	0.858319206579994	0.057281794799426	0.911795767714745
(11E,15Z)-9,10,13-trihydroxyoctadeca-11,15-dienoic acid	0.0941761218261408	0.75527734391692	-0.104688657248292	0.739529558634486	-0.198864779074432	0.333182247828718
DG(18:2n6/0:0/18:2n6)	-0.0186390179436734	0.989039318307897	-0.196393947009735	0.364616397189194	-0.177754929066061	0.437620733400889
2,6-dimethyl-4-[2-[3-[(2-methylpropan-2-yl)oxy]-3-oxoprop-1-enyl]phenyl]-3,4-dihydropyridine-3,5-dicarboxylic acid diethyl ester	0.0751001674097964	0.945749280973172	0.34257061440649	0.276612106640216	0.267470446996693	0.427437733875745
gabapentin	-0.129725134944683	0.778662181774095	-0.141610511921699	0.744699043866	-0.0118853769770168	0.998065571367917
Chivosazole F	0.104857128849119	0.827531261101687	0.131904744256275	0.738704720390668	0.0270476154071558	0.986127847308639
N-[1-hydroxy-3-(4-hydroxyphenyl)propan-2-yl]-9-octadecenamide	0.285021735160835	0.247067507816054	-0.0320084000285987	0.984545164158991	-0.317030135189434	0.189908648757027
olaflur	0.358933597263276	0.357355908653089	0.335253273447385	0.410124824444243	-0.0236803238158913	0.993970605174147
7R-hydroxy-hexadecanoic acid	0.196778235463626	0.535532343974752	0.199214677836069	0.527065294716645	0.00243644237244235	0.999885270193135
11E,17-Octadecadien-9-ynoic acid	0.222392421336448	0.593556840166098	0.164866856023756	0.75578214863254	-0.0575255653126923	0.960390223089573
11-dodecen-1-ol	0.140664076187038	0.711954598242552	0.156158755134319	0.656476116031861	0.0154946789472813	0.995310290749672
(22R)-(17bH,21bH)-bis-Homohopan-32-ol acetate	0.10500384974291	0.778129168790443	0.0686182241469542	0.89985705052382	-0.0363856255959557	0.96843656834943
Talarazine A	-0.321927757809265	0.294331126218872	0.0717566287516281	0.917365416915899	0.393684386560893	0.158496816444632
2Z,4E-nonadienoic acid	0.0631497800653776	0.918377944189633	-0.192263323819816	0.529115053279278	-0.255413103885194	0.321801718223753
(9Z,11E,13E)-octadeca-9,11,13-trienoic acid	0.0572029736173914	0.894210752651511	-0.165038406457689	0.46654172512622	-0.222241380075081	0.252217226171866
C20 sphingosine	0.0505320584320357	0.951708408104016	0.122815378111559	0.739279667837742	0.0722833196795227	0.895997263854194
Cer(d16:1/18:0)	0.305575967171992	0.229401735220989	0.00657373888966227	0.999387137142706	-0.29900222828233	0.241455142389895
8,10-hexadecadiynoic acid	0.135693950850034	0.572982404421822	-0.103722995982959	0.75500854647694	-0.239416946832993	0.22110810185123
2,5-di-tert-Butyl-1,4-benzoquinone	-0.190874115246064	0.451439614940833	-0.121840403672731	0.704254878783334	0.0690337115733337	0.904530182995483
N-tetradecanoylicosaphytosphingosine	0.303391224871242	0.230889734221029	0	1	-0.303391224871242	0.230889734221029
7Z-Eicosen-11-one	0.0607682998414823	0.900469413914349	0.0258610594341676	0.981527809509097	-0.0349072404073146	0.965228531883072
YM-32890 A	0.0260120988784222	0.993891077306684	0.298824012050013	0.399049504301708	0.272811913171591	0.455403211017977
N-(2-Hydroxyisobutyl)-2,4,8,10,12-tetradecapentaenamide	0.00801085776635459	0.999289094209926	-0.145263409628084	0.812711024689002	-0.153274267394438	0.793114277446992
Erucoylacetone	0.137831632623391	0.726912840826141	-0.0295897057906244	0.986722047973787	-0.167421338414016	0.633371640494016
Spinetoram J	-0.000847811518680919	0.999989493175073	0.10876532640321	0.831740411892463	0.109613137921891	0.829465894316232
benzonatate	0	1	0.222392421336448	0.457428027594225	0.222392421336448	0.457428027594225
Kurilensoside H	0	1	0.222392421336448	0.457428027594225	0.222392421336448	0.457428027594225
boceprevir	-0.0933506898357201	0.917593863875488	0.39644306688331	0.146518737827636	0.48979375671903	0.0728098650176551
(3S,4S,7R,9R,12S,13S,16R,18R)-3,9,12-Trimethyl-18-ethyl-4,7:13,16-diepoxy-1,10-dioxacyclooctadecane-2,11-dione	-0.0677934717135018	0.926903757096638	0.172961500727195	0.568694714935273	0.240754972440697	0.363628602651337
D-galactosyl-N-hexadecanoylsphinganine	0.414154290007522	0.144802947530715	0.121645000437192	0.857529550050873	-0.29250928957033	0.329830483756502
N-dodecanoylsphinganine	0.15595744956941	0.710238782385766	0.152305451361236	0.721909112520466	-0.00365199820817319	0.999786590438592
(2E,10Z,13Z)-2-[(6Z,9Z)-pentadeca-6,9-dienyl]nonadeca-2,10,13-trienal	0.134145012499244	0.716069569968979	-0.112006380406003	0.820222141628832	-0.246151392905247	0.370005687406961
2,3-dinor-8-epi-prostaglandin F2alpha	0.172768806625	0.472286202259486	-0.0629002551963997	0.915360093912736	-0.2356690618214	0.276077718716984
pentaethylene glycol	-0.202227343582993	0.564841773427458	-0.258621455735454	0.414908868187887	-0.0563941121524614	0.962223653834262
3,6,9,12,15-octadecapentaenoic acid	0.0259938145636116	0.972139306675204	-0.173903191046216	0.358250805648902	-0.199897005609827	0.259300253418893
Cytospolide C	-0.125966630223829	0.830082152614164	0.0691733229035708	0.937235092402831	0.1951399531274	0.631145859170727
(2E)-geranyl hexadecanoate	0.0529660328375916	0.945668714237047	-0.0696764126975673	0.915216557295299	-0.122642445535159	0.755034387387167
dimyristoyl phosphatidylcholine	-0.00615165882843942	0.999642106460768	0.123072527673477	0.856346279452557	0.129224186501916	0.84360353153146
3-hydroxydodecanoylcarnitine	-0.216588594956881	0.507459029183019	0.103880010671226	0.817660276988143	0.320468605628107	0.221566851681579
O-dodecanoylcarnitine	-0.138688853097395	0.740106505151342	-0.00583950281568787	0.999402985848877	0.132849350281707	0.759179801152304
acetylcholine	-0.0264101763818819	0.981262819983041	-0.117084549875428	0.710793635376117	-0.0906743734935463	0.816301964644549
N-hexadecanoylsphingosine-1-phosphocholine	-0.0609292673770221	0.896147134320973	-0.166520308486241	0.48238093806071	-0.105591041109219	0.748437826368198
Ximenynic acid	0.139434928485932	0.542579354047994	-0.0998567508177552	0.761807247553038	-0.239291679303687	0.207889002232934
N-hexadecanoylphytosphingosine-1-phosphocholine	0.0029140217451004	0.999768917683805	-0.0860721033289416	0.829341369730585	-0.088986125074042	0.818542524974204
1-(3-O-sulfo-beta-D-galactosyl)-N-docosanoylsphingosine(1-)	0.0239390469064389	0.994011719457925	0.292387048637095	0.364895322669086	0.268448001730656	0.418094606267447
bis(2-ethylhexyl) phthalate	-0.129075502750218	0.740320673522507	-0.0740225200699602	0.901106214560333	0.0550529826802576	0.948515564604838
diisononyl phthalate	-0.27989582568133	0.334628346742497	-0.201808492119793	0.53762622228805	0.0780873335615375	0.923643557414845
N-(2-hydroxytetradecanoyl)icosasphinganine	0.196673504889929	0.554743944597035	0.164738698188522	0.664041354337119	-0.0319348067014071	0.982052066486912
4-(trimethylammonio)butanoate	0.122210285847131	0.829627546708051	0.0324355763295199	0.987567622344452	-0.0897747095176115	0.901527569407403
N-oleoyl-(4E,14Z)-sphingadienine-1-phosphocholine	0.0879139169729358	0.888384840861513	-0.0588830768993318	0.95295490832179	-0.146796993872268	0.731537232672029
N-(docosanoyl)ethanolamine	0.103202286164489	0.859048703707239	0.0590565414460411	0.952568469820626	-0.0441457447184479	0.97121739922057
Fusaridioic acid C	0.168374915885234	0.496555318524283	-0.0598694784890942	0.924130646197973	-0.228244394374328	0.303485053800601
1,2-dipalmitoleoyl-sn-glycero-3-phosphocholine	-0.0326301697856005	0.990352588626843	0.0854723056406428	0.930633278070333	0.118102475426243	0.874908823495287
N-octadecanoyl-4-hydroxy-15-methylhexadecasphinganine-1-phosphocholine	-0.0220668107912891	0.993594067646324	-0.155982622038922	0.750412252489904	-0.133915811247633	0.810968067941761
2-edahma [dmed-fahfa]	0.250560424280248	0.353187333846093	-0.00486787099779071	0.999646485886509	-0.255428295278039	0.341169996990801
tetraglyme	-0.216979690734525	0.559750407791204	-0.0817277101147449	0.910778623555584	0.135251980619781	0.803833466410742
6-{(1S,5S)-4-oxo-5-[(2Z)-pent-2-en-1-yl]cyclopent-2-en-1-yl}hexanoate	0.175296372846387	0.473966322370934	-0.0716233273295258	0.896010609656181	-0.246919700175912	0.258892786002822
N-(2R-methyl-3-hydroxy-ethyl)-16,16-dimethyl-5Z,8Z,11Z,14Z-docosatetraenoyl amine	0.144724842280273	0.617506318438384	-0.147305904632986	0.663642522278456	-0.292030746913259	0.19484607904696
Tricosanoyl-EA	0.075490079831979	0.836915755316235	0.0626990319667563	0.884968473973078	-0.0127910478652229	0.994611544462374
1,2-dioleoylglycerol	0.116372126816291	0.86868641100337	0.0180091622269547	0.996826597831884	-0.0983629645893363	0.902937705726554
1-octadecanoyl-2-(4Z,7Z,10Z,13Z,16Z,19Z-docosahexaenoyl)-sn-glycero-3-phosphoserine(1-)	-0.0068234356017584	0.999577326307049	-0.263308154821733	0.600708232552211	-0.256484719219975	0.617442879326753
1-stearoyl-2-arachidonoyl-sn-glycerol	0.0326752334603078	0.979977488520529	0.103238198942598	0.811171940287047	0.0705629654822902	0.904151704517633
N-palmitoylhexadecasphinganine	0.150311056567734	0.656266617886208	0.121111272883972	0.762796335513987	-0.0291997836837622	0.982382313187923
soblidotin	-0.0737558876853216	0.951610523564332	0.00558662008386378	0.999698402793187	0.0793425077691853	0.944037145104089
PC(18:1(9Z)/13:0)	-0.0678928579134095	0.952774069463712	-0.0164216084204533	0.997062294734768	0.0514712494929562	0.972846485513956
HexCer(d18:1/16:0)	0.00489499682494045	0.999649847413362	-0.161972368968765	0.716118139382345	-0.166867365793706	0.701111393731987
N-tetradecanoylsphinganine	0.231451032914812	0.265278644665213	0.0155320117211536	0.994372790774414	-0.215919021193659	0.307436567162673
Circulocin alpha	0.155808709717763	0.772387216289867	-0.0419619340860652	0.983535921767006	-0.197770643803829	0.670083917331837
1,2-di-O-pentadecanoyl-sn-glycero-3-phosphocholine	-0.0687166832241612	0.956650451562662	-0.0719860988435376	0.952646915243545	-0.00326941561937653	0.999904285069922
C16 phytosphingosine	-0.121839946197612	0.739986370658132	-0.125356088053714	0.727882158418345	-0.0035161418561025	0.999765281772113
cholesterol-2,2,3,4,4,6-d6	-0.257187034524148	0.335510923119507	0.0114036955121628	0.997215499379133	0.268590730036311	0.303546145387195
1-stearoyl-2-arachidonoyl-sn-glycero-3-phosphoserine(1-)	-0.104756388689464	0.781497810858052	-0.0830305360097989	0.853679023643358	0.0217258526796655	0.989874909695404
1,2-dioleoyl-sn-glycero-3-phospho-L-serine	-0.0585194898133098	0.968361155844728	-0.0269631133112016	0.993036391291372	0.0315563765021082	0.990852304252344
PC(16:1(9Z)/17:1(9Z))	-0.0817587702875484	0.937259095059317	-0.0268423564615957	0.992743301352394	0.0549164138259528	0.971645815710269
15-tetracosenal	0.0634062333526265	0.871166762164324	0.0176000047096263	0.98966706266182	-0.0458062286430004	0.929419599026067
(25R)-24R,26R-dimethyl-26,27-cyclo-cholest-5-en-3beta-ol	0.076455376668719	0.831098229167899	0.0572280371527905	0.902243022871387	-0.0192273395159285	0.987753801553198
N-stearoylhexadecasphinganine	0.243334093685993	0.346201120578876	-0.0457741488987243	0.96755435795428	-0.289108242584718	0.242829541248533
1-hexadecanoyl-2-(4Z,7Z,10Z,13Z,16Z,19Z-docosahexaenoyl)-sn-glycero-3-phosphoethanolamine zwitterion	-0.0309353399479526	0.984619311542145	-0.130871641051668	0.775193673219328	-0.0999363011037153	0.863796706038639
(9E)-10-nitrooctadecenoic acid	-0.060479349086049	0.884192957795242	-0.153093686034264	0.491709841424351	-0.0926143369482149	0.773252172308013
1-O-oleoyl-N-acetylsphingosine	0.222392421336448	0.457428027594225	0	1	-0.222392421336448	0.457428027594225
Microcyclamide GL628	0.00157767851815275	0.999975610788427	-0.220814742818295	0.671098214694617	-0.222392421336448	0.667083443045748
1,2-di-O-palmitoyl-sn-glycero-3-phosphocholine	-0.00862927212539663	0.999297171312715	0.0182368583228541	0.996806444272229	0.0268661304482508	0.993124934022772
Desmethoxymajusculamide C	0.0400121602654564	0.984768908765153	0.133660513616381	0.834653842908462	0.0936483533509244	0.912319260430534
1-hexadecanoyl-2-(4Z,7Z,10Z,13Z,16Z,19Z-docosahexaenoyl)-sn-glycero-3-phosphocholine	0.023929677389925	0.993281240803395	-0.0573680111695773	0.964111069050626	-0.0812976885595021	0.928267077515081
PC(P-16:0/20:5(5Z,8Z,11Z,14Z,17Z))	0.117723469065566	0.759735218544007	0.0178371303992606	0.994021216243286	-0.0998863386663052	0.817663497250592
N-nonadecanoyl-4-hydroxy-15-methylhexadecasphinganine-1-phosphocholine	-0.00799095648776588	0.997793985231457	-0.149670290072818	0.511589032018439	-0.141679333585052	0.548701577987768
3-alpha-D-glucuronosyl-2-palmitoyl-1-stearoyl-sn-glycerol	-0.0472244386535739	0.982021442288535	-0.0117532712331591	0.998847641889463	0.0354711674204146	0.989893676661713
2-(Tetradecanoylamino)-3-methylbutyric acid 2-deoxy-2-(butyrylamino)-alpha-D-glucopyranosyl ester	-0.00721124591564949	0.999123557740768	0.122876190877485	0.760771677821853	0.130087436793134	0.737653430600508
GW 7647	0.076332045429648	0.925717885157008	0.313689891176098	0.245922488771349	0.23735784574645	0.415674413964758
PC(15:0/17:1(9Z))	-0.0210037398363668	0.996274443263743	-0.029974497675728	0.992475759768588	-0.00897075783936115	0.999333213718023
N-oleoylglycinate	-0.123654047754132	0.5402830897695	-0.135591004724749	0.482698917768397	-0.0119369569706173	0.994563381150121
1,2-bis-[(9Z,11Z)-octadecadienoyl]-sn-glycero-3-phosphoethanolamine	-0.0235850726747317	0.992305274450464	0.0571894132863194	0.953227624585767	0.080774485961051	0.910542133683425
1-pentadecanoyl-2-hexadecanoyl-sn-glycero-3-phosphocholine	-0.166509525736955	0.572471395300487	-0.23204986002906	0.366512464459363	-0.0655403342921047	0.926744535779993
(2Z,10Z,13Z)-2-tridecylnonadeca-2,10,13-trienal	-0.0112440855511979	0.996353696715242	-0.0581516479882053	0.910294099170327	-0.0469075624370075	0.940992091673372
DG(20:0/18:3(6Z,9Z,12Z)/0:0)	0.0980332158713031	0.912997656797224	0.0876167815661541	0.930275721333747	-0.0104164343051489	0.998902046628261
1-(1Z-hexadecenyl)-2-(4Z,7Z,10Z,13Z,16Z,19Z-docosahexaenoyl)-sn-glycero-3-phosphocholine	0.0984289154406256	0.887346462318949	0.0811087528071399	0.922744886959154	-0.0173201626334858	0.996062131542105
1-(1Z-hexadecenyl)-2-tetradecanoyl-sn-glycero-3-phosphocholine	0.0338248856113971	0.99179923061338	0.0265062551926375	0.994980490623849	-0.00731863041875975	0.999607223762282
11-tetradecynoic acid	0.0802012659060928	0.843716852332439	-0.19647544611938	0.446825286038536	-0.276676712025473	0.202365816147338
lysophosphatidylethanolamine (22:6(4Z,7Z,10Z,13Z,16Z,19Z)/0:0)	-0.108237332773907	0.897250692226734	-0.0468317983714295	0.978922123301454	0.0614055344024779	0.966620379461557
PC(17:1(9Z)/17:1(9Z))	-0.07210596831567	0.951372074681515	-0.0491269636437924	0.976722366559018	0.0229790046718777	0.995104052805628
N-[(9Z)-hexadecenoyl]glycinate	-0.0111580621610288	0.996614339521816	-0.169421352637703	0.512244667525947	-0.158263290476674	0.558367246402329
Ebastine	0.036901403908721	0.971384802984959	0.044766115015725	0.957989026483736	0.00786471110700371	0.998638001973639
N-(2-hydroxyhexadecanoyl)sphinganine	0.257137068010631	0.292981724793671	-0.144311772860052	0.731966103312356	-0.401448840870683	0.0836207518699508
PE(18:2(9Z,12Z)/20:3(8Z,11Z,14Z))	0.00443254797322444	0.999801374902306	0.0271900721399631	0.992438998826308	0.022757524166739	0.994680167582822
dolichyl palmitate	0.222392421336448	0.457428027594225	0	1	-0.222392421336448	0.457428027594225
batzelladine A	-0.143911798900426	0.787206143103621	-0.166647846743245	0.730351844068195	-0.0227360478428194	0.994609272654646
PC(17:0/22:6(4Z,7Z,10Z,13Z,16Z,19Z))	0.0254420831935364	0.989697150750097	-0.0451763796691353	0.969427944941513	-0.0706184628626717	0.925911966213451
PC(18:2(9Z,12Z)/20:3(8Z,11Z,14Z))	-0.0697354119614516	0.901582311782108	-0.124389883110287	0.731375855539131	-0.0546544711488353	0.943117547026424
LysoPA(22:5(4Z,7Z,10Z,13Z,16Z)/0:0)	-0.0769164312015812	0.916642477557071	0.0156975477939581	0.996119964445407	0.0926139789955392	0.880540359364016
9-[(9Z),(12Z)-octadecadienoyloxy]-octadecanoate	0.251201202353463	0.311133931924488	-0.0251839257304969	0.989557209575136	-0.27638512808396	0.254215370318355
1-hexadecyl-2-[(4Z,7Z,10Z,13Z,16Z,19Z)-docosahexaenoyl]-sn-glycero-3-phosphocholine	0.0071484753078876	0.999538753876082	0.0905268128231024	0.924978517972197	0.083378337515215	0.935630843520397
1-[(9Z)-octadecenoyl]-2-[(6Z,9Z)-octadecadienoyl]-sn-glycero-3-phosphocholine	-0.115000329636471	0.810755345866303	-0.140289264313814	0.73728094420154	-0.0252889346773438	0.990711204696192
1-heptadecanoyl-2-arachidonoyl-sn-glycero-3-phosphoethanolamine zwitterion	0.0167868963959179	0.994901983065404	0.0128109809924612	0.997035460666927	-0.00397591540345674	0.999710677747418
(2E,10Z,13Z)-2-[(Z)-pentadec-6-enyl]nonadeca-2,10,13-trienal	0.0758247515177305	0.865816943320514	0.009567087062715	0.99778995723615	-0.0662576644550154	0.894935521558615
palmitoleoyl ethanolamide	-0.0498665672822958	0.938512510079798	0.183828334674374	0.385646431465819	0.23369490195667	0.237457905445635
N-tetradecanoylicosasphinganine	0.09264429166291	0.809636629484713	-0.0643662655428698	0.911939552527017	-0.15701055720578	0.567826408109726
PC(P-18:1(9Z)/22:6(4Z,7Z,10Z,13Z,16Z,19Z))	0.0374488715349854	0.986279852378655	0.00101205637944441	0.999990152683604	-0.0364368151555411	0.986996945629056
12-(octadecanoyloxy)octadecanoate	0.20837568370301	0.473532030332757	0.109425986393115	0.818810583722352	-0.0989496973098953	0.827796924168349
Putative (3-hydroxyoctadecanoyl)glycine	-0.249692503683164	0.416141807807431	0.0178404727153984	0.994297439161835	0.267532976398562	0.36432449520087
PC(P-18:1(9Z)/18:3(6Z,9Z,12Z))	0.0901648796924496	0.866136072348877	0.0827530936748634	0.886363185097389	-0.00741178601758621	0.99896195478276
1-(1Z-hexadecenyl)-2-hexadecanoyl-sn-glycero-3-phosphocholine	0.0184072563165629	0.997410646830057	0.0573422141847177	0.974520651826787	0.0389349578681548	0.988009733624894
PC(19:0/18:4(6Z,9Z,12Z,15Z))	0.0282382590374461	0.992349357854351	-0.0472769056703214	0.979794860280888	-0.0755151647077676	0.948387320790799
11-Oxooctadecanoic acid	0.151876005799307	0.520862070703201	-0.0837233391956764	0.840228832196906	-0.235599344994983	0.245363292799061
PC(P-16:0/20:3(5Z,8Z,11Z))	0.015811726525256	0.997049400778423	0.117919483346671	0.83999394172377	0.102107756821415	0.87585762796278
PC(P-18:1(9Z)/18:2(9Z,12Z))	0.0544973508609726	0.967686706677335	0.129941997117227	0.823142523856047	0.0754446462562538	0.933591852934311
PC(P-18:1(9Z)/16:1(9Z))	0.0389046810947474	0.98783651210718	0.0806254331127431	0.947477025078261	0.0417207520179957	0.985230038075689
2-[4-(2-hydroxyethyl)piperazin-1-yl]ethanesulfonic acid	0.108250516721482	0.852019373455484	-0.0384683566416079	0.981723487142837	-0.14671887336309	0.75273195105417
Cer(d18:0/15:0)	0.19662890083381	0.580021102443257	0.156886362123176	0.710309139181216	-0.0397425387106345	0.974623460625408
(1R,4aR,5S)-5-(3-hydroxy-3-methylpent-4-enyl)-1,4a-dimethyl-6-methylidene-3,4,5,7,8,8a-hexahydro-2H-naphthalene-1-carboxylic acid	0.0892359381344326	0.765395485257379	-0.105057850356398	0.724226557677294	-0.194293788490831	0.329301914553188
1-octadecanoyl-2-(4Z,7Z,10Z,13Z,16Z,19Z-docosahexaenoyl)-sn-glycero-3-phosphoethanolamine zwitterion	0.0269784064775951	0.989600643749121	-0.193717516292036	0.638278636020269	-0.220695922769631	0.555360673523905
PC(17:1(9Z)/14:0)	0.0313520949514404	0.990405546236458	0.00256914305927302	0.999936502655688	-0.0287829518921674	0.991892256740796
PC(P-18:0/20:5(5Z,8Z,11Z,14Z,17Z))	0.0725265593622828	0.921168024668756	0.0807434121658692	0.902837259201525	0.0082168528035865	0.998879790653099
1-[(1Z)-hexadecenyl]-2-[(9Z)-octadecenoyl]-sn-glycero-3-phosphocholine	-0.00641909705789007	0.999682841010359	0.0605878742314597	0.970885989277238	0.0670069712893497	0.96467608931864
Alpha-Linolenoyl ethanolamide	0.0793291868668046	0.903214485857191	0.284740263864412	0.250649705858655	0.205411076997608	0.452674027527237
Termitomycesphin A	0.128962356439148	0.823066152810959	0.110731564720999	0.867396151806251	-0.018230791718149	0.995752838574572
PC(P-18:1(9Z)/20:3(5Z,8Z,11Z))	0.0199384972536896	0.992881756275136	0.0546759456617068	0.946628956836804	0.0347374484080175	0.977753707801578
PC(20:3(8Z,11Z,14Z)/20:3(8Z,11Z,14Z))	-0.0724716873011412	0.931978655224914	-0.1073422572667	0.860672195472394	-0.034870569965559	0.984917992438152
phosphocholine	0.0154300921332604	0.997628105979047	-0.00737836849369358	0.999465600624638	-0.022808460626954	0.994851943391087
PC(12:0/22:1(11Z))	0.00307810893170633	0.99991645130765	-0.0146927486608538	0.998121607515618	-0.0177708575925601	0.997247621291214
Trichodecenin-II	0.0114529826653718	0.9972811956307	-0.0122946603025582	0.996918690700194	-0.0237476429679301	0.988468405453217
PE(20:0/18:4(6Z,9Z,12Z,15Z))	-0.00133583296855008	0.999964945889399	-0.0193616353534593	0.992757210244339	-0.0180258023849092	0.993724486189974
aleplasinin	0.095411592951046	0.881907094883532	-0.0374697163378988	0.982351086438328	-0.132881309288945	0.789991413486387
Palmityl linolenate	0.162561417096096	0.523596049166715	-0.0944443435015802	0.82803541559136	-0.257005760597676	0.238396514714351
N-henicosanoyl-4-hydroxy-15-methylhexadecasphinganine-1-phosphocholine	-0.0281951261852307	0.988790211090489	-0.186820962845992	0.649898293028348	-0.158625836660761	0.735470176148081
PC(22:1(11Z)/12:0)	-0.0194808102046619	0.996760895039175	0.305901634983248	0.390241939087404	0.32538244518791	0.352322007518998
dioleoyl phosphatidylethanolamine	-0.00455718791321131	0.999770562603746	-0.0417221556496231	0.981453301453684	-0.0371649677364118	0.985297552273453
Senkyunolide h	0.155700335872448	0.689747879042525	-0.0172435552418554	0.995864556518503	-0.172943891114304	0.63739186101883
1-octadecyl-2-[(4Z,7Z,10Z,13Z,16Z,19Z)-docosahexaenoyl]-sn-glycero-3-phosphocholine	-0.0233213577318548	0.990041874552196	0.0310030346824511	0.981812491957486	0.0543243924143058	0.946191233408848
PC(P-18:1(9Z)/18:1(9Z))	0.0115764874324205	0.998940243954328	0.0946882686986038	0.927949558483081	0.0831117812661833	0.943518648824864
1-octadecanoyl-2-[(8Z,10Z,12Z,14Z)-eicosatetraenoyl]-sn-glycero-3-phosphocholine	-0.0462525795703877	0.980927635308089	0.0168317322783228	0.997336481549009	0.0630843118487106	0.964445959031933
1-octadecanoyl-2-(6Z,9Z,12Z,15Z,18Z-docosapentaenoyl)-sn-glycero-3- phosphocholine	0.0379531943964356	0.966156417647658	-0.102088978066915	0.800008239823477	-0.140042172463351	0.653723958908809
1,2-dioleoyl-sn-glycero-3-phosphocholine(1+)	-0.0439303555667281	0.977086328407402	-0.0954429842224472	0.900328662461921	-0.0515126286557191	0.970621200296316
N-(2-hydroxytricosanoyl)-15-methylhexadecasphing-4-enine-1-phosphocholine	0.00144273524293301	0.999952137168114	-0.130769754759244	0.704539735589765	-0.132212490002177	0.698973971396015
Cer(d18:0/17:0)	0.222392421336448	0.469822433249448	0.0678867698282825	0.935843419114717	-0.154505651508166	0.675819059860737
N-hexadecanoylglycinate	-0.218964781942483	0.219824156594188	-0.0411026884474058	0.935326271139964	0.177862093495077	0.365306384181521
(18Z,21Z,24Z,27Z,30Z,33Z)-hexatriacontahexaenoate	0.218253113621148	0.454939409532068	-0.0210951218394127	0.993444108405898	-0.23934823546056	0.396658730466835
1-arachidonoyl-sn-glycero-3-phosphoethanolamine	-0.0500181829380987	0.968086284602519	0.000826119469944552	0.999990814738966	0.0508443024080435	0.967024943966783
9-Deoxo-31-O-demethyl FK506	0.0944858072329958	0.903136084818888	0.108154678459134	0.874182760651644	0.0136688712261377	0.997688970301793
1-(1Z,9Z-octadecadienyl)-2-(4Z,7Z,10Z,13Z,16Z,19Z-docosahexaenoyl)-sn-glycero-3-phosphoethanolamine	0.0806218282075957	0.899282619476443	-0.109333260406426	0.843323888322046	-0.189955088614022	0.588216858563986
PA(P-20:0/17:0)	0.0146648249897016	0.998639870463287	-0.00549837453053338	0.999811325634664	-0.020163199520235	0.997440261706943
PC(P-20:0/14:1(9Z))	0.0904239023100512	0.938664351066157	0.0480852014975429	0.982716602257015	-0.0423387008125081	0.985709581109208
(2E,16R)-16-hydroxyheptadec-2-enoic acid	-0.0496126164553933	0.969467261011832	-0.0823194017799365	0.920202587712102	-0.0327067853245433	0.987336106059585
PC(P-16:0/20:1(11Z))	0.0465999865276943	0.981897450361645	0.02416365643812	0.995171233101819	-0.0224363300895746	0.995698969156069
9-OxoOTrE	0.171339199968008	0.482442699692684	-0.0748897389117426	0.884728622583316	-0.24622893887975	0.254904159549273
N-(2-hydroxyeicosanoyl)sphinganine	0.230556440167884	0.397563094308414	0.0759990261526648	0.909063766384094	-0.154557414015219	0.636745737430187
PC(p-16:0/20:0)	-0.00197711983537191	0.999963453076859	0.00551033012639823	0.999714679631429	0.00748744996177038	0.999473993667714
N-(2-hydroxytetracosanoyl)-15-methylhexadecasphing-4-enine-1-phosphocholine	-0.0082398291451386	0.998493791610735	-0.191788748717768	0.503664252801816	-0.18354891957263	0.534111266440371
N-(2-hydroxytetradecanoyl)sphinganine	-0.0318778813000579	0.979545521748526	0.0988988994440014	0.806638279033533	0.130776780744059	0.695066328195208
4-hydroxycinnamyl alcohol 4-beta-D-glucoside	-0.143774298990691	0.64865756933685	-0.0443985611068103	0.955592711176466	0.0993757378838812	0.815676077796597
17beta(H),21beta(H)-bishomohopanol	0.0613851469567053	0.911887516066652	0.0423418969634399	0.95747318522882	-0.0190432499932651	0.990847857918375
N-octodecanoylsphinganine	0.113202972390555	0.866557784367845	0.121021594675088	0.848446053294023	0.00781862228453237	0.999250085516393
3-[[[1-[1-(2-furanylmethyl)-5-tetrazolyl]-2-methylpropyl]-(2-oxolanylmethyl)amino]methyl]-8-methyl-1H-quinolin-2-one	-0.100382207801251	0.738350492884258	0.0447512141920938	0.934473744685846	0.145133421993344	0.527890509364925
N-2-hydroxypalmitoylsphingosine	-0.308682297452879	0.296049372613001	-0.350571437601149	0.2239464790144	-0.0418891401482704	0.981100377129008
beta-D-glucosyl-N-[(15Z)-tetracosenoyl]sphingosine	-0.0499598654875398	0.972079520223293	-0.0895379348222509	0.915634179320483	-0.0395780693347111	0.983423696956003
N-docosanoylsphingosine-1-phosphocholine	-0.0588504441683644	0.965949859016422	-0.116662314607138	0.878129715706537	-0.0578118704387734	0.969628196695845
cyclosporin A metabolite M13	0.237015202049569	0.414594943468684	0.0426171656824909	0.973962013510401	-0.194398036367078	0.537391047764822
N-tricosanoyl-4-hydroxy-15-methylhexadecasphinganine-1-phosphocholine	0.0924325923091885	0.908880735686853	-0.130964005265216	0.849125580232344	-0.223396597574404	0.608881083884665
Chivosazole E	-0.00647423576488825	0.998986279357086	0.0230133458921045	0.987016266054816	0.0294875816569927	0.978878373406061
(2E,10Z)-2-[(6Z,9Z)-pentadeca-6,9-dienyl]nonadeca-2,10-dienal	-0.0603509239239543	0.928354433945784	0.165601999540023	0.532674560017671	0.225952923463977	0.33650455712102
N-(2-hydroxypentacosanoyl)-15-methylhexadecasphing-4-enine-1-phosphocholine	0.0360351532311728	0.970044213020531	-0.105148661726132	0.793288026538275	-0.141183814957305	0.655462141605791
N-[(15Z)-tetracosenoyl]sphing-4-enine-1-phosphocholine	-0.104929713472027	0.798990984721472	-0.128668494003118	0.719269536772173	-0.023738780531091	0.98939464203814
Didodecyl thiobispropanoate	-0.0106442720712871	0.998514192833506	-0.163687127521545	0.733659710732154	-0.153042855450257	0.763773192333618
PC(18:3(6Z,9Z,12Z)/22:0)	0.0330395716829572	0.991272778229224	0.0293102995291654	0.993142153893821	-0.00372927215379199	0.999885973978736
Cer(d18:1/19:0)	-0.136802080843987	0.569879152459829	0.0474365550195115	0.923614868093062	0.184238635863498	0.360375701185746
Sarcoursodeoxycholic acid	0.17184167754283	0.493244627985956	-0.0703950418918971	0.900714330438931	-0.242236719434727	0.276745101238216
cyclosporin A metabolite M10	0.134189096287346	0.832930094530762	0.121753173761155	0.861107847498613	-0.0124359225261904	0.998272309083748
1-palmitoyl-2-[(4Z,7Z,10Z,13Z,16Z,19Z)-docosahexaenoyl]-sn-glycerol	0.0326665395790097	0.99215299485982	0.0116427376871991	0.999013786933845	-0.0210238018918107	0.996714883067888
9E,11E-Hexadecadienal	0.146317741661751	0.531323997975086	-0.0653307899046969	0.893239834249736	-0.211648531566448	0.296990762396649
Cyclosporin B	0.164543616301026	0.485719657892089	0.0610109831966558	0.907981327897992	-0.10353263310437	0.735640915886833
N-linoleoylglycine(1-)	0.0823000498122533	0.844951271740096	-0.102339256963828	0.795905646304444	-0.184639306776081	0.468512453735504
N-tricosanoyl-D-galactosylsphingosine	0.0802261013294946	0.947743561373721	-0.0389688542053537	0.988376467530189	-0.119194955534848	0.891497140428351
(2E,10Z)-2-tridecylnonadeca-2,10-dienal	-0.0262123396436934	0.977501612623398	-0.180166919404639	0.403244294328724	-0.153954579760946	0.515534154221177
beta-D-galactosyl-N-(tetracosanoyl)sphingosine	-0.00402694303518836	0.999858871680816	-0.0633932827592962	0.967061971477626	-0.0593663397241079	0.971126056901904
TX-1875	-0.0885130681484695	0.863904379471009	-0.0562111800764757	0.941111944489202	0.0323018880719937	0.981273388896247
(3-((3R,5R,7S,8E,10E,12E)-3-amino-5-hydroxy-7-methoxyoctadeca-8,10,12-trienamido)propanoyl)-D-asparagine	0.264709191089544	0.586116447371167	0.134604088606971	0.878405045292738	-0.130105102482573	0.864719327349493
dihomo-gamma-linolenyl carnitine	0.181689906053417	0.474574481371417	-0.0680243101623897	0.912142843683209	-0.249714216215807	0.2744961757432
menaquinol-6	0.136799224615165	0.569279892718087	0.0700752230570301	0.864729897576802	-0.066724001558135	0.865128098279595
1,2-di-[(11Z)-eicosenoyl]-sn-glycero-3-phosphocholine	0.0645451152404875	0.968712481147584	-0.00566671933577594	0.999766166481419	-0.0702118345762634	0.96324007809857
beta-D-glucosyl-N-(octadecanoyl)sphinganine	0.129865830666026	0.708637757330705	0.03186664345959	0.980379206876155	-0.097999187206436	0.816700653203176
C16:0-NAGME	-0.174650587443822	0.659401487142267	-0.0640374068231358	0.939954167618979	0.110613180620686	0.84994873449831
Trichopolyn V	-0.0215692877446736	0.990103272508627	0.0476218000402822	0.950543410576484	0.0691910877849558	0.900245286586919
[(S)-3-oxocyclohexyl]acetic acid	0.295779352655054	0.321999237174804	0.0301683044697777	0.9894670702519	-0.265611048185276	0.388607290631583
N-pentacosanoyl-4-hydroxy-15-methylhexadecasphinganine-1-phosphocholine	-0.05666084447142	0.910565649597251	-0.167811562697939	0.482901364652954	-0.111150718226519	0.729042023171876
linoleoyl ethanolamide	-0.00568308107398627	0.999181317604693	0.211603922133447	0.297401287032449	0.217287003207433	0.281208471504203
adenosylhopane	0.0726836625669264	0.853207949712268	0.0666736062081433	0.875232932192565	-0.00601005635878337	0.998851325610645
Lactariamide B	-0.0541974399367997	0.931752833130399	0.0238847516040697	0.985556635739518	0.0780821915408693	0.862114754314573
N-(2-hydroxydocosanoyl)sphinganine	0.178016646954322	0.525301355173862	0.0918156525847588	0.84640915383724	-0.0862009943695633	0.846806290294482
[(1S)-1-carboxy-3-[(2S)-2-hydroxy-3-[(E)-2,2,4-trimethyl-3-oxohexadec-4-enoyl]oxypropoxy]propyl]-trimethylazanium	-0.390291015460131	0.200318813573213	-0.288663496576937	0.373679651641683	0.101627518883194	0.905853513029377
N-methylsphingosine	-0.216684704429773	0.497353561086311	-0.037493935831368	0.975507465425264	0.179190768598405	0.62332524431017
Serinolamide C	-0.199257588234131	0.566047284289061	0.0678933859303032	0.921087519489099	0.267150974164435	0.354115305202522
(2-methyl-4,5-ditridecyl-1,4-cyclohexadienyl)methanol	-0.167023625702003	0.425249389989929	-0.17252042144918	0.404299120830819	-0.00549679574717649	0.999127983886605
13-apo-beta-carotenone	-0.212565150518685	0.348255538761808	-0.190795443677521	0.41739447520992	0.0217697068411639	0.989629101924097
Glidobactin A	0	1	0.296314197378642	0.242855544036253	0.296314197378642	0.242855544036252
scleropyric acid	0.106308434519352	0.705007234797373	-0.116833248183664	0.69669078714929	-0.223141682703016	0.265463682525702
(Z)-4-[[3,3-Dimethyl-2-[[3-methyl-2-(methylamino)-3-(1-methylindol-3-yl)butanoyl]amino]butanoyl]-methylamino]-2,5-dimethylhex-2-enoic acid	-0.109345288998198	0.841890574829838	-0.222392421336448	0.528492241263462	-0.11304713233825	0.853985136725444
Octahydroheptaprenol	-0.230617430434536	0.250714447602703	-0.207424114738416	0.31485417299082	0.0231933156961197	0.986749679107997
N-2-hydroxylignoceroylsphingosine	-0.00651815039406587	0.999689943731347	-0.0254075585335656	0.995361621395917	-0.0188894081394997	0.99744478153198
(E,E)-2-methyl-6-oxohepta-2,4-dienal	0.278006733029279	0.345747145245039	0.0240617417138976	0.992853882032884	-0.253944991315381	0.402340778005081
9-oxo-ODE(1-)	0.189722717564559	0.41519273758015	-0.0662789587708702	0.909476883336089	-0.256001676335429	0.230613451757587
2-amino-4-{[2-({4-[3-(carboxymethyl)-4,6-dihydroxy-2-methoxyphenyl]-3-hydroxy-2-methylbutan-2-yl}sulfanyl)-1-[(carboxymethyl)-C-hydroxycarbonimidoyl]ethyl]-C-hydroxycarbonimidoyl}butanoic acid	0.222392421336448	0.457428027594225	0	1	-0.222392421336448	0.457428027594225
Oleoyl sarcosine	-0.209207399832309	0.56048444913403	0.177971610881543	0.577604000491274	0.387179010713852	0.131427815457909
Diphenyl phosphate	0.108836575658427	0.754080841063885	0.135319650650199	0.644312390028799	0.0264830749917717	0.981479239593233
di-O-demethylspirilloxanthin	-0.115363964390038	0.680956843573905	-0.0507664924149846	0.923586753468115	0.0645974719750537	0.888259185855542
GPL P-II	0.0464483940002722	0.965490375668248	0.190862417988744	0.533063265699527	0.144414023988472	0.684932389999497
Malleobactin C	0.222392421336448	0.504501261975047	0.0905942749467735	0.897813091466034	-0.131798146389675	0.768484074912999
Lajollamycin	0.266873988205751	0.414089059634067	-0.0042590582430827	0.999802424069168	-0.271133046448834	0.404190898617532
Cryptophycin B	0.222392421336448	0.629388887936011	0.191850225568834	0.711668253827334	-0.0305421957676144	0.989771275807639
Jietacin B	0.111621283180497	0.722597984670121	0.123269038415884	0.672036099705992	0.0116477552353873	0.996067251457319
WA8242 B	0.0356211233070713	0.9645799476988	0.0237694730490742	0.984177963298091	-0.0118516502579972	0.995940816650203
Decahydro-2-naphthoic acid	-0.0982154178680571	0.69271001439133	-0.189861294488945	0.297265012648633	-0.091645876620888	0.754315639841339
N-(2-hydroxyheptacosanoyl)-1-O-beta-D-glucosyl-15-methylhexadecasphing-4-enine	0.0372119872856286	0.948131565934372	0.00224958550108524	0.999809320593479	-0.0349624017845433	0.953981899022039
Phomolide F	0.162454272722169	0.674041643596024	-0.0315696236249489	0.986722601684897	-0.194023896347118	0.579922130395755
(2E,10Z)-2-[(Z)-pentadec-6-enyl]nonadeca-2,10-dienal	-0.121731551999639	0.822818064546166	0.0971482320085699	0.864989098401648	0.218879784008209	0.520179486419692
N-myristoyl lysine	-0.0575472653373978	0.9565510185269	-0.00128353493162377	0.999976953771285	0.0562637304057741	0.958457838153146
trans-4,5-epoxy-2(E)-decenal	-0.060189110285333	0.871392615206335	-0.185340820108491	0.32716375542213	-0.125151709823158	0.600510164635757
(2E,4E,8E,10E)-dodecatetraenedioic acid	0.0352530902954176	0.978465702754887	0.000929082054513542	0.999985213114791	-0.0343240082409039	0.979559706222128
N-octadecanoylglycinate	-0.113117089920374	0.660722486031128	0.075540286361276	0.807662265975141	0.18865737628165	0.315634064296418
trimyristin	0.222392421336448	0.457428027594225	0	1	-0.222392421336448	0.457428027594225
3alpha,7alpha,12alpha,24-tetrahydroxy-5beta-cholestan-26-al	0.278356406473569	0.262427220732277	-0.00891784039360379	0.998766531558938	-0.287274246867173	0.244360211963806
TG(16:1(9Z)/18:2(9Z,12Z)/18:2(9Z,12Z))[iso3]	-0.0733004082732773	0.880934391487626	-0.121881303045206	0.716014342829042	-0.0485808947719288	0.949857944734019
9-cis,11-trans-octadecadienoate	-0.0340212746620223	0.982771935339604	-0.0836783730009513	0.903936891164261	-0.0496570983389291	0.965707145851917
1,2,3-trilinoleoylglycerol	-0.0869804012070254	0.838572326046448	-0.150732829172975	0.609694097640848	-0.0637524279659496	0.917838753178138
Bisaspochalasin C	0.222392421336448	0.457428027594225	0	1	-0.222392421336448	0.457428027594225
N-(2-hydroxytricosanoyl)-D-galactosylsphingosine	0.25221556693057	0.338730019094355	0.0379705207297844	0.977500765968611	-0.214245046200786	0.44183255586634
TG(15:0/14:0/15:0)	0.222392421336448	0.457428027594225	0	1	-0.222392421336448	0.457428027594225
10-oxo-nonadecanoic acid	-0.0110194261710692	0.998211032219816	-0.0560713221677077	0.956184690958767	-0.0450518959966384	0.971673204702772
TG(16:0/16:0/22:6(4Z,7Z,10Z,13Z,16Z,19Z))[iso3]	0.207101952630445	0.600737864030253	0.0540212426903502	0.968304404388477	-0.153080709940095	0.745793845097321
TG(18:1(11Z)/18:2(9Z,12Z)/18:2(9Z,12Z))	-0.1177397680205	0.758255490337934	-0.166382595485569	0.591429203514787	-0.0486428274650686	0.958126367485263
12adt-asp	0.222392421336448	0.457428027594225	0	1	-0.222392421336448	0.457428027594225
1,2-dioleoyl-3-linoleoyl-sn-glycerol	-0.122345855682244	0.706341880556338	-0.232322870382081	0.332127734721297	-0.109977014699837	0.785896929104011
TG(18:2(9Z,12Z)/20:1(11Z)/18:2(9Z,12Z))	-0.10627935837481	0.791067286949254	-0.1923134384975	0.49654937115756	-0.0860340801226901	0.873412622663237
tripalmitin	0.323873690017791	0.321972880123982	0.106360611688639	0.893463025046779	-0.217513078329152	0.564645108426069
triolein	-0.0898095581863483	0.826094692066302	-0.170195700976441	0.532873674858228	-0.0803861427900923	0.872366842166004
Tsibulin 2	0.0788642064099936	0.805949732207013	-0.139671093049701	0.566970564677669	-0.218535299459695	0.250283692388207
11-hydroxyjasmonate	0.0882475509808834	0.832879834048024	-0.126592816577529	0.72529778034374	-0.214840367558412	0.389914036623989
9-Heptadecynoic acid	0.0786990787356047	0.847420033402824	-0.166266985100123	0.546151842499743	-0.244966063835728	0.267397775652146
Linoleyl hydroxamic acid	0.00367462890004743	0.999586242520135	-0.20679442128227	0.349046806855036	-0.210469050182317	0.336154647715505
Tenacibactin C	-0.00724759939686882	0.999282427841254	-0.111456680407407	0.855324045245486	-0.104209081010538	0.872743387952237
civetone	0.0757969876362623	0.823041150841463	-0.127646597035914	0.624665088600865	-0.203443584672176	0.302084621575789
ubiquinones	0.0923407963251237	0.865127115320642	0.027318790326091	0.98784171930959	-0.0650220059990329	0.929072945326144
4E,9Z-Tetradecadienal	-0.0123977507238713	0.996047193498012	0.126534130196061	0.643617112357764	0.138931880919933	0.592357990683936
(2E,6E,10E)-geranylgeranial	0.00654385206648384	0.999126599241832	0.165710331049526	0.548709645965439	0.159166478983042	0.572425112959535
2E,4E,8Z,10E-dodecatetraenoic acid	-0.147531826619601	0.672803147852653	-0.323372236916736	0.210972647501	-0.175840410297136	0.638631412267247
henicosanoic acid	0.251077453198039	0.435333083856275	0.191275310440396	0.62217488023276	-0.0598021427576436	0.944787833302249
n-oleyldiethanolamine	0.210082202931184	0.53325349635044	0.165061102788332	0.682065071828974	-0.0450211001428516	0.966840664038222
6-undecynoic acid	-0.0512044421298545	0.921756137177742	-0.187585046954904	0.391762905149148	-0.136380604825049	0.610693966608399
15beta-hydroxycyproterone acetate	0.044583630047042	0.954296439818244	0.0935362437335556	0.81009244988771	0.0489526136865139	0.941651080710769
Randilongin	0.0341621226832504	0.975117171132978	-0.11176121514329	0.786509285619488	-0.14592333782654	0.660873519659924
oleoyl ethanolamide	-0.0549319165544107	0.904850837998901	-0.0689681757012178	0.856004115129556	-0.014036259146807	0.993755313865542
N-gondoylethanolamine	-0.0462949580142167	0.956648803680312	0.205267453325849	0.378202821911274	0.251562411340066	0.252831300232153
Isanic acid	0.142400259564057	0.603101171358451	-0.0480324625678111	0.949294288283785	-0.190432722131868	0.42581150357381
7,9-di-tert-butyl-1-oxaspiro[4.5]deca-6,9-diene-2,8-dione	0.0588262583703266	0.906355147576265	0.0806104149681943	0.830031503198737	0.021784156597868	0.985760525932681
1-stearoyl-sn-glycero-3-phosphocholine	0.267495643987308	0.202944981818797	-0.100267982019418	0.825662192768817	-0.367763626006726	0.0730124790819736
10-undecynoic acid	-0.238663960952799	0.485038523943818	-0.357482551140208	0.240401630986551	-0.118818590187409	0.864493391872243
N-(11Z,14Z)-eicosadienoylethanolamine	0.0894336054261511	0.797333318742916	-0.0944281027577036	0.800637383387017	-0.183861708183855	0.424037765457458
4-[[4-(diethylamino)phenyl]-(4-ethyliminonaphthalen-1-ylidene)methyl]-N,N-diethylaniline	-0.0645556348827412	0.942827284451466	0.153600766482347	0.684368855976605	0.218156401365088	0.489231765827414
(6E)-nerolidol	0.0655895766252388	0.867495541997314	0.14591620993935	0.489427465337705	0.0803266333141109	0.791072573747318
(4E,8E,9Me-d19:2)sphingosine	-0.0351538344469842	0.962396469888479	0.0944480592919363	0.742861870078815	0.12960189373892	0.584425615808037
N-myristoyl glutamine	-0.183367260140381	0.694485017553957	-0.334661150740886	0.351750960716804	-0.151293890600505	0.819499420800325
11-Hexadecynal	0.003601532979496	0.999674835767969	0.120398901211884	0.68132599939851	0.116797368232388	0.695907571434068
7,13-Eicosadienoic acid	0.159236864347028	0.500130095848887	0.020461769635381	0.989160786300175	-0.138775094711648	0.583024573662895
22-oxodocosanoate	0.243609755628391	0.374169445866381	0.101014657753886	0.850399218568222	-0.142595097874506	0.68614275518804
N-(2-hydroxyethyl)docosa-7,10,13,16-tetraenamide	0.220830883375785	0.400572578595998	-0.0481438143877681	0.962381008258512	-0.268974697763553	0.278061165451675
PA(13:0/20:0)	-0.166980956107276	0.379247557816301	-0.248734516842253	0.149119454526215	-0.0817535607349766	0.813513290736781
polidocanol	-0.0210239501274868	0.990004569197516	0.0786224387390901	0.861491055872826	0.0996463888665771	0.790867618278618
4-deoxovermiculic acid	0.0891855908667121	0.805524189618914	-0.0992171384790281	0.790892413177813	-0.18840272934574	0.422599539543676
Calothrixamide B	0.203678654448347	0.441624408762701	-0.0526648330142686	0.952893712047012	-0.256343487462616	0.296922093052765
(Z,Z,Z)-geranylgeraniol	0.0627375136226064	0.882079146017344	-0.171572742908976	0.466245702216028	-0.234310256531582	0.241878507645097
1,1'-(1,4-Dihydro-4-nonyl-3,5-pyridinediyl)bis[1-decanone]	0.100071752145427	0.778205176592665	0.138421518479306	0.615855579881246	0.0383497663338791	0.959703823386321
sandaracopimaric acid	0.0152637161371498	0.992664382742165	-0.0929734610757578	0.779433059138173	-0.108237177212908	0.712355765676927
dodecanoic anhydride	0.254082016365497	0.472851462192971	0.237436241915361	0.521581602493179	-0.016645774450136	0.996021810574638
Mirabilene F isonitrile	-0.385537748734342	0.0995080974522553	-0.434350248481457	0.0641658360964524	-0.0488124997471157	0.968453985042644
2,3-dilinoleoyl-sn-glycerol	-0.00615813369427745	0.998650057551467	-0.167193563119683	0.431788747687995	-0.161035429425405	0.458821800316374
1-oleoyl-3-linoleoylglycerol	-0.118738800058686	0.642601391897746	-0.18358853438072	0.377656032488828	-0.0648497343220344	0.887978349416535
Milbemycin alpha27	0.066430091905885	0.940580192628957	0.136740254252586	0.76438809908238	0.0703101623467007	0.927398676299543
ibha#30	0.0592271964274239	0.931356065430603	0.0703248557054214	0.904089453847874	0.0110976592779975	0.997369579941574
DG(18:2(9Z,12Z)/20:4(8Z,11Z,14Z,17Z)/0:0)	-0.0223051126214993	0.982198726846538	-0.167846725995203	0.420442667337072	-0.145541613373704	0.521395464870372
RP-1551-M1	0.0789064867424321	0.885476083846566	0.135848624108426	0.691651639527306	0.0569421373659935	0.932540128238247
alectinib	-0.0870766185901006	0.900286103944751	0.180984739731003	0.588221303638162	0.268061358321104	0.347484877381036
Kalihinol A	-0.229833637272891	0.524917361272284	0.125205049419449	0.777845738340543	0.35503868669234	0.207283540323055
Celafolin A-1	0.0889950512950912	0.8892489733871	0.084996167432915	0.898663006948345	-0.00399888386217627	0.999746638382033
Cer(d16:1/5-iso PGF2VI)	0.132853402103472	0.650305059770299	-0.0832686934026521	0.862073403322514	-0.216122095506124	0.356691051592724
N-[1-(4-nitrophenyl)ethylideneamino]-2-(5-oxo-1,2-dihydropyrazol-3-yl)acetamide	-0.0744475847683014	0.906696458527518	0.23367455398655	0.328478090168501	0.308122138754852	0.172454428356139
N-hexanoyl-sphinga-4E,14Z-dienine	0.112230720308183	0.781082333884225	-0.135033734637009	0.7406200892673	-0.247264454945192	0.35544962177073
Acetyl tributyl citrate	-0.173994141140434	0.692410142536669	-0.00878994631105553	0.998922176595778	0.165204194829379	0.718778411514975
3-Oxo-2(R)-(2Z)2-penten-1(R)-yl-cyclopentaneacetic acid	0.0688254112612513	0.868528294105332	-0.0982186877825798	0.775939208172991	-0.167044099043831	0.475344925999368
3E-Hepten-2,5-dione	-0.123120312565124	0.768502228794718	-0.143955857597852	0.702830690762084	-0.0208355450327275	0.993077877925667
chaetoviridin I	-0.150133385638917	0.847208370669314	-0.0995168829978727	0.926909247255412	0.0506165026410442	0.982394415313034
Peniginsengin C	-0.117477081889381	0.774110240370994	-0.091296630225776	0.853397092082214	0.0261804516636052	0.987934501544153
Diapolic acid A	-0.109552452593443	0.802310207580105	-0.0686571965172509	0.914113839252828	0.0408952560761924	0.970781886425371
D-altritol	-0.10154564195283	0.844810025857858	0.0917414038739553	0.854278740436131	0.193287045826785	0.53221339612408
(4E,8E,10E-d18:3)sphingosine	0.151987221983567	0.685597373964615	-0.0540487947185314	0.958537582184657	-0.206036016702098	0.519166808288776
diethylamino hydroxybenzoyl hexyl benzoate	-0.22565162379895	0.345332409470022	-0.136011914392972	0.650790519142245	0.0896397094059781	0.849960558392789
Pamamycin-621C	-0.0536658224736598	0.920472643239699	-0.147219551832505	0.568275358118703	-0.0935537293588451	0.798383690192254
3-Methyl-5-propyl-2-cyclohexen-1-one	-0.0666617262548309	0.911383589314172	8.83284007642697e-05	0.999999828274484	0.0667500546555951	0.911155634694661
geranyl acetone	-0.0902970693033437	0.821801417094774	0.081053340379684	0.83669947459849	0.171350409683028	0.486404569655794
17-OCTADECEN-14-YN-1-OL	-0.0170925177674873	0.992042263887992	0.0551262450641492	0.916775823700778	0.0722187628316368	0.863500940315168
oleamide	0.150472936634973	0.563430871752469	0.133552458443945	0.637291377169396	-0.016920478191027	0.991756527812466
Hydrazidomycin A	0.161479504884732	0.537550217408069	-0.0781526036804694	0.880336017033657	-0.239632108565202	0.289334570621037
N,N-bis(4-acetamidobutyl)-15-methylhexadec-6E-enamide	0.222392421336448	0.457428027594225	0	1	-0.222392421336448	0.457428027594225
13(S)-HODE methyl ester	0.222392421336448	0.463053633707209	0.0442896506898229	0.971998769800208	-0.178102770646625	0.595670242395795
2E,6E,8E-decatrienoic acid	-0.256726157545602	0.351819835231076	0.0266322399965572	0.985419805739969	0.283358397542159	0.279236919371252
BAA	0.00615328146355609	0.998786846665628	-0.152914106926899	0.526224200563036	-0.159067388390456	0.499016057303522
Biotin-xx hydrazide	-0.203907612303711	0.573918194759891	0.0693896407355483	0.922867015157155	0.273297253039259	0.362712924220449
Jasmine ketolactone	-0.0100463436261495	0.996417159394767	-0.186688843143211	0.36016876046669	-0.176642499517062	0.400629493941927
Pamamycin 621A	-0.131537235397795	0.687767199215851	-0.318708683213744	0.173108379445018	-0.187171447815949	0.549663710081795
3-hydroxylauric acid	-0.151037616736749	0.595832293148626	-0.162666273939244	0.552841377019347	-0.011628657202496	0.997162128538065
tro-40303	0.204791466077039	0.4764640544374	-0.0769994730926057	0.913768817659415	-0.281790939169645	0.277491279633748
8R,11S-DiHOME	0.222392421336448	0.464702697080204	0.0350262511367203	0.982577377365405	-0.187366170199728	0.568307852216516
Dibutyl decanedioate	0.177432087227759	0.599111990533409	0.0150542823381525	0.996593118835739	-0.162377804889607	0.646718198711902
(+)-neomenthol	0.136540784904829	0.733632116079183	0.181989369197322	0.572222957413481	0.0454485842924928	0.961115161064488
CAR(DC11:0)	0.035973670193563	0.965590606889126	-0.0967405847063951	0.796206052998198	-0.132714254899958	0.648250097989504
glycerol phenylbutyrate	0.102995963305927	0.899082142504564	0.189591197035252	0.686692446282964	0.086595233729325	0.917709664184695
Pentacosanoylglycine	0.235913550793663	0.406185099115245	0	1	-0.235913550793663	0.406185099115245
10,13-Dimethyl-11-docosyne-10,13-diol	0.234792707131704	0.164625044571924	-0.0122200816913149	0.99533601548013	-0.247012788823019	0.141091993895234
7-Desacetoxyhelvolic acid	-0.260588853163731	0.463284785724489	0.125074615378797	0.786637827786122	0.385663468542528	0.178770986749394
